{
  "meta": {
    "data_version": "1.0.0",
    "created": "2020-01-23",
    "revision": 1
  },
  "info": {
    "balls_per_over": 6,
    "city": "Brisbane",
    "dates": [
      "2020-01-14"
    ],
    "event": {
      "name": "Big Bash League",
      "match_number": 36
    },
    "gender": "male",
    "match_type": "T20",
    "officials": {
      "match_referees": [
        "PL Marshall"
      ],
      "reserve_umpires": [
        "SE Dionysius"
      ],
      "tv_umpires": [
        "GC Joshua"
      ],
      "umpires": [
        "P Wilson",
        "AK Wilds"
      ]
    },
    "outcome": {
      "winner": "Brisbane Heat",
      "by": {
        "wickets": 7
      }
    },
    "overs": 20,
    "player_of_match": [
      "JL Pattinson"
    ],
    "players": {
      "Adelaide Strikers": [
        "PD Salt",
        "J Weatherald",
        "TM Head",
        "JW Wells",
        "HJ Nielsen",
        "MW Short",
        "MG Neser",
        "Rashid Khan",
        "PM Siddle",
        "HNA Conway",
        "LN O'Connor"
      ],
      "Brisbane Heat": [
        "M Bryant",
        "CA Lynn",
        "MT Renshaw",
        "AB de Villiers",
        "JA Burns",
        "BCJ Cutting",
        "JJ Peirson",
        "JL Pattinson",
        "JK Lalor",
        "MJ Swepson",
        "Mujeeb Ur Rahman"
      ]
    },
    "registry": {
      "people": {
        "AB de Villiers": "c4487b84",
        "AK Wilds": "de412f40",
        "BCJ Cutting": "2e11c706",
        "CA Lynn": "45eda7c8",
        "GC Joshua": "4c47ebf2",
        "HJ Nielsen": "0ea1455a",
        "HNA Conway": "272fc5ad",
        "J Weatherald": "edc7ddb6",
        "JA Burns": "7a5f232a",
        "JJ Peirson": "2b55c3b4",
        "JK Lalor": "88209c84",
        "JL Pattinson": "f752db61",
        "JW Wells": "8bdac857",
        "LN O'Connor": "5456bd0c",
        "M Bryant": "f32012f4",
        "MG Neser": "0164b064",
        "MJ Swepson": "86b4bf88",
        "MT Renshaw": "218d4d78",
        "MW Short": "a90e53ec",
        "Mujeeb Ur Rahman": "7d92277a",
        "P Wilson": "68304a36",
        "PD Salt": "3d284ca3",
        "PL Marshall": "c1ca6df3",
        "PM Siddle": "bd93fea4",
        "Rashid Khan": "5f547c8b",
        "SE Dionysius": "ac886e6f",
        "TM Head": "12b610c2"
      }
    },
    "season": "2019/20",
    "team_type": "club",
    "teams": [
      "Brisbane Heat",
      "Adelaide Strikers"
    ],
    "toss": {
      "decision": "bat",
      "winner": "Adelaide Strikers"
    },
    "venue": "Brisbane Cricket Ground, Woolloongabba"
  },
  "innings": [
    {
      "team": "Adelaide Strikers",
      "overs": [
        {
          "over": 0,
          "deliveries": [
            {
              "batter": "PD Salt",
              "bowler": "JK Lalor",
              "non_striker": "J Weatherald",
              "runs": {
                "batter": 2,
                "extras": 0,
                "total": 2
              }
            },
            {
              "batter": "PD Salt",
              "bowler": "JK Lalor",
              "non_striker": "J Weatherald",
              "runs": {
                "batter": 0,
                "extras": 0,
                "total": 0
              }
            },
            {
              "batter": "PD Salt",
              "bowler": "JK Lalor",
              "non_striker": "J Weatherald",
              "runs": {
                "batter": 4,
                "extras": 0,
                "total": 4
              }
            },
            {
              "batter": "PD Salt",
              "bowler": "JK Lalor",
              "non_striker": "J Weatherald",
              "runs": {
                "batter": 0,
                "extras": 0,
                "total": 0
              }
            },
            {
              "batter": "PD Salt",
              "bowler": "JK Lalor",
              "non_striker": "J Weatherald",
              "runs": {
                "batter": 1,
                "extras": 0,
                "total": 1
              }
            },
            {
              "batter": "J Weatherald",
              "bowler": "JK Lalor",
              "non_striker": "PD Salt",
              "runs": {
                "batter": 1,
                "extras": 0,
                "total": 1
              }
            }
          ]
        },
        {
          "over": 1,
          "deliveries": [
            {
              "batter": "J Weatherald",
              "bowler": "JL Pattinson",
              "non_striker": "PD Salt",
              "runs": {
                "batter": 1,
                "extras": 0,
                "total": 1
              }
            },
            {
              "batter": "PD Salt",
              "bowler": "JL Pattinson",
              "non_striker": "J Weatherald",
              "runs": {
                "batter": 0,
                "extras": 0,
                "total": 0
              },
              "wickets": [
                {
                  "kind": "caught",
                  "player_out": "PD Salt",
                  "fielders": [
                    {
                      "name": "JJ Peirson"
                    }
                  ]
                }
              ]
            },
            {
              "batter": "TM Head",
              "bowler": "JL Pattinson",
              "non_striker": "J Weatherald",
              "runs": {
                "batter": 4,
                "extras": 0,
                "total": 4
              }
            },
            {
              "batter": "TM Head",
              "bowler": "JL Pattinson",
              "non_striker": "J Weatherald",
              "runs": {
                "batter": 0,
                "extras": 0,
                "total": 0
              }
            },
            {
              "batter": "TM Head",
              "bowler": "JL Pattinson",
              "non_striker": "J Weatherald",
              "runs": {
                "batter": 4,
                "extras": 0,
                "total": 4
              }
            },
            {
              "batter": "TM Head",
              "bowler": "JL Pattinson",
              "non_striker": "J Weatherald",
              "runs": {
                "batter": 0,
                "extras": 0,
                "total": 0
              },
              "wickets": [
                {
                  "kind": "caught",
                  "player_out": "TM Head",
                  "fielders": [
                    {
                      "name": "JJ Peirson"
                    }
                  ]
                }
              ]
            }
          ]
        },
        {
          "over": 2,
          "deliveries": [
            {
              "batter": "JW Wells",
              "bowler": "Mujeeb Ur Rahman",
              "non_striker": "J Weatherald",
              "runs": {
                "batter": 0,
                "extras": 0,
                "total": 0
              }
            },
            {
              "batter": "JW Wells",
              "bowler": "Mujeeb Ur Rahman",
              "non_striker": "J Weatherald",
              "runs": {
                "batter": 1,
                "extras": 0,
                "total": 1
              }
            },
            {
              "batter": "J Weatherald",
              "bowler": "Mujeeb Ur Rahman",
              "non_striker": "JW Wells",
              "runs": {
                "batter": 0,
                "extras": 0,
                "total": 0
              }
            },
            {
              "batter": "J Weatherald",
              "bowler": "Mujeeb Ur Rahman",
              "non_striker": "JW Wells",
              "runs": {
                "batter": 1,
                "extras": 0,
                "total": 1
              }
            },
            {
              "batter": "JW Wells",
              "bowler": "Mujeeb Ur Rahman",
              "extras": {
                "legbyes": 1
              },
              "non_striker": "J Weatherald",
              "runs": {
                "batter": 0,
                "extras": 1,
                "total": 1
              }
            },
            {
              "batter": "J Weatherald",
              "bowler": "Mujeeb Ur Rahman",
              "non_striker": "JW Wells",
              "runs": {
                "batter": 0,
                "extras": 0,
                "total": 0
              }
            }
          ]
        },
        {
          "over": 3,
          "deliveries": [
            {
              "batter": "JW Wells",
              "bowler": "JL Pattinson",
              "non_striker": "J Weatherald",
              "runs": {
                "batter": 1,
                "extras": 0,
                "total": 1
              }
            },
            {
              "batter": "J Weatherald",
              "bowler": "JL Pattinson",
              "non_striker": "JW Wells",
              "runs": {
                "batter": 2,
                "extras": 0,
                "total": 2
              }
            },
            {
              "batter": "J Weatherald",
              "bowler": "JL Pattinson",
              "non_striker": "JW Wells",
              "runs": {
                "batter": 1,
                "extras": 0,
                "total": 1
              }
            },
            {
              "batter": "JW Wells",
              "bowler": "JL Pattinson",
              "non_striker": "J Weatherald",
              "runs": {
                "batter": 1,
                "extras": 0,
                "total": 1
              }
            },
            {
              "batter": "J Weatherald",
              "bowler": "JL Pattinson",
              "non_striker": "JW Wells",
              "runs": {
                "batter": 0,
                "extras": 0,
                "total": 0
              },
              "wickets": [
                {
                  "kind": "caught",
                  "player_out": "J Weatherald",
                  "fielders": [
                    {
                      "name": "JJ Peirson"
                    }
                  ]
                }
              ]
            },
            {
              "batter": "HJ Nielsen",
              "bowler": "JL Pattinson",
              "non_striker": "JW Wells",
              "runs": {
                "batter": 0,
                "extras": 0,
                "total": 0
              }
            }
          ]
        },
        {
          "over": 4,
          "deliveries": [
            {
              "batter": "JW Wells",
              "bowler": "Mujeeb Ur Rahman",
              "non_striker": "HJ Nielsen",
              "runs": {
                "batter": 1,
                "extras": 0,
                "total": 1
              }
            },
            {
              "batter": "HJ Nielsen",
              "bowler": "Mujeeb Ur Rahman",
              "non_striker": "JW Wells",
              "runs": {
                "batter": 0,
                "extras": 0,
                "total": 0
              }
            },
            {
              "batter": "HJ Nielsen",
              "bowler": "Mujeeb Ur Rahman",
              "non_striker": "JW Wells",
              "runs": {
                "batter": 4,
                "extras": 0,
                "total": 4
              }
            },
            {
              "batter": "HJ Nielsen",
              "bowler": "Mujeeb Ur Rahman",
              "non_striker": "JW Wells",
              "runs": {
                "batter": 0,
                "extras": 0,
                "total": 0
              }
            },
            {
              "batter": "HJ Nielsen",
              "bowler": "Mujeeb Ur Rahman",
              "non_striker": "JW Wells",
              "runs": {
                "batter": 1,
                "extras": 0,
                "total": 1
              }
            },
            {
              "batter": "JW Wells",
              "bowler": "Mujeeb Ur Rahman",
              "non_striker": "HJ Nielsen",
              "runs": {
                "batter": 0,
                "extras": 0,
                "total": 0
              }
            }
          ]
        },
        {
          "over": 5,
          "deliveries": [
            {
              "batter": "HJ Nielsen",
              "bowler": "JL Pattinson",
              "non_striker": "JW Wells",
              "runs": {
                "batter": 4,
                "extras": 0,
                "total": 4
              }
            },
            {
              "batter": "HJ Nielsen",
              "bowler": "JL Pattinson",
              "non_striker": "JW Wells",
              "runs": {
                "batter": 0,
                "extras": 0,
                "total": 0
              },
              "wickets": [
                {
                  "kind": "caught",
                  "player_out": "HJ Nielsen",
                  "fielders": [
                    {
                      "name": "JJ Peirson"
                    }
                  ]
                }
              ]
            },
            {
              "batter": "MW Short",
              "bowler": "JL Pattinson",
              "non_striker": "JW Wells",
              "runs": {
                "batter": 4,
                "extras": 0,
                "total": 4
              }
            },
            {
              "batter": "MW Short",
              "bowler": "JL Pattinson",
              "non_striker": "JW Wells",
              "runs": {
                "batter": 4,
                "extras": 0,
                "total": 4
              }
            },
            {
              "batter": "MW Short",
              "bowler": "JL Pattinson",
              "non_striker": "JW Wells",
              "runs": {
                "batter": 1,
                "extras": 0,
                "total": 1
              }
            },
            {
              "batter": "JW Wells",
              "bowler": "JL Pattinson",
              "non_striker": "MW Short",
              "runs": {
                "batter": 4,
                "extras": 0,
                "total": 4
              }
            }
          ]
        },
        {
          "over": 6,
          "deliveries": [
            {
              "batter": "MW Short",
              "bowler": "Mujeeb Ur Rahman",
              "non_striker": "JW Wells",
              "runs": {
                "batter": 1,
                "extras": 0,
                "total": 1
              }
            },
            {
              "batter": "JW Wells",
              "bowler": "Mujeeb Ur Rahman",
              "non_striker": "MW Short",
              "runs": {
                "batter": 0,
                "extras": 0,
                "total": 0
              }
            },
            {
              "batter": "JW Wells",
              "bowler": "Mujeeb Ur Rahman",
              "non_striker": "MW Short",
              "runs": {
                "batter": 2,
                "extras": 0,
                "total": 2
              }
            },
            {
              "batter": "JW Wells",
              "bowler": "Mujeeb Ur Rahman",
              "non_striker": "MW Short",
              "runs": {
                "batter": 0,
                "extras": 0,
                "total": 0
              }
            },
            {
              "batter": "JW Wells",
              "bowler": "Mujeeb Ur Rahman",
              "non_striker": "MW Short",
              "runs": {
                "batter": 1,
                "extras": 0,
                "total": 1
              }
            },
            {
              "batter": "MW Short",
              "bowler": "Mujeeb Ur Rahman",
              "non_striker": "JW Wells",
              "runs": {
                "batter": 1,
                "extras": 0,
                "total": 1
              }
            }
          ]
        },
        {
          "over": 7,
          "deliveries": [
            {
              "batter": "MW Short",
              "bowler": "JK Lalor",
              "non_striker": "JW Wells",
              "runs": {
                "batter": 0,
                "extras": 0,
                "total": 0
              }
            },
            {
              "batter": "MW Short",
              "bowler": "JK Lalor",
              "extras": {
                "legbyes": 1
              },
              "non_striker": "JW Wells",
              "runs": {
                "batter": 0,
                "extras": 1,
                "total": 1
              }
            },
            {
              "batter": "JW Wells",
              "bowler": "JK Lalor",
              "non_striker": "MW Short",
              "runs": {
                "batter": 0,
                "extras": 0,
                "total": 0
              }
            },
            {
              "batter": "JW Wells",
              "bowler": "JK Lalor",
              "non_striker": "MW Short",
              "runs": {
                "batter": 1,
                "extras": 0,
                "total": 1
              }
            },
            {
              "batter": "MW Short",
              "bowler": "JK Lalor",
              "non_striker": "JW Wells",
              "runs": {
                "batter": 0,
                "extras": 0,
                "total": 0
              },
              "wickets": [
                {
                  "kind": "caught and bowled",
                  "player_out": "MW Short"
                }
              ]
            },
            {
              "batter": "MG Neser",
              "bowler": "JK Lalor",
              "non_striker": "JW Wells",
              "runs": {
                "batter": 0,
                "extras": 0,
                "total": 0
              }
            }
          ]
        },
        {
          "over": 8,
          "deliveries": [
            {
              "batter": "JW Wells",
              "bowler": "MJ Swepson",
              "non_striker": "MG Neser",
              "runs": {
                "batter": 1,
                "extras": 0,
                "total": 1
              }
            },
            {
              "batter": "MG Neser",
              "bowler": "MJ Swepson",
              "non_striker": "JW Wells",
              "runs": {
                "batter": 1,
                "extras": 0,
                "total": 1
              }
            },
            {
              "batter": "JW Wells",
              "bowler": "MJ Swepson",
              "non_striker": "MG Neser",
              "runs": {
                "batter": 0,
                "extras": 0,
                "total": 0
              }
            },
            {
              "batter": "JW Wells",
              "bowler": "MJ Swepson",
              "non_striker": "MG Neser",
              "runs": {
                "batter": 1,
                "extras": 0,
                "total": 1
              }
            },
            {
              "batter": "MG Neser",
              "bowler": "MJ Swepson",
              "non_striker": "JW Wells",
              "runs": {
                "batter": 0,
                "extras": 0,
                "total": 0
              }
            },
            {
              "batter": "MG Neser",
              "bowler": "MJ Swepson",
              "non_striker": "JW Wells",
              "runs": {
                "batter": 4,
                "extras": 0,
                "total": 4
              }
            }
          ]
        },
        {
          "over": 9,
          "deliveries": [
            {
              "batter": "JW Wells",
              "bowler": "JL Pattinson",
              "non_striker": "MG Neser",
              "runs": {
                "batter": 0,
                "extras": 0,
                "total": 0
              }
            },
            {
              "batter": "JW Wells",
              "bowler": "JL Pattinson",
              "extras": {
                "legbyes": 1
              },
              "non_striker": "MG Neser",
              "runs": {
                "batter": 0,
                "extras": 1,
                "total": 1
              }
            },
            {
              "batter": "MG Neser",
              "bowler": "JL Pattinson",
              "extras": {
                "wides": 1
              },
              "non_striker": "JW Wells",
              "runs": {
                "batter": 0,
                "extras": 1,
                "total": 1
              }
            },
            {
              "batter": "MG Neser",
              "bowler": "JL Pattinson",
              "non_striker": "JW Wells",
              "runs": {
                "batter": 0,
                "extras": 0,
                "total": 0
              }
            },
            {
              "batter": "MG Neser",
              "bowler": "JL Pattinson",
              "non_striker": "JW Wells",
              "runs": {
                "batter": 1,
                "extras": 0,
                "total": 1
              }
            },
            {
              "batter": "JW Wells",
              "bowler": "JL Pattinson",
              "non_striker": "MG Neser",
              "runs": {
                "batter": 0,
                "extras": 0,
                "total": 0
              },
              "wickets": [
                {
                  "kind": "caught",
                  "player_out": "JW Wells",
                  "fielders": [
                    {
                      "name": "AB de Villiers"
                    }
                  ]
                }
              ]
            },
            {
              "batter": "Rashid Khan",
              "bowler": "JL Pattinson",
              "non_striker": "MG Neser",
              "runs": {
                "batter": 0,
                "extras": 0,
                "total": 0
              }
            }
          ]
        },
        {
          "over": 10,
          "deliveries": [
            {
              "batter": "MG Neser",
              "bowler": "MJ Swepson",
              "non_striker": "Rashid Khan",
              "runs": {
                "batter": 1,
                "extras": 0,
                "total": 1
              }
            },
            {
              "batter": "Rashid Khan",
              "bowler": "MJ Swepson",
              "non_striker": "MG Neser",
              "runs": {
                "batter": 4,
                "extras": 0,
                "total": 4
              }
            },
            {
              "batter": "Rashid Khan",
              "bowler": "MJ Swepson",
              "non_striker": "MG Neser",
              "runs": {
                "batter": 1,
                "extras": 0,
                "total": 1
              }
            },
            {
              "batter": "MG Neser",
              "bowler": "MJ Swepson",
              "non_striker": "Rashid Khan",
              "runs": {
                "batter": 1,
                "extras": 0,
                "total": 1
              }
            },
            {
              "batter": "Rashid Khan",
              "bowler": "MJ Swepson",
              "non_striker": "MG Neser",
              "runs": {
                "batter": 1,
                "extras": 0,
                "total": 1
              }
            },
            {
              "batter": "MG Neser",
              "bowler": "MJ Swepson",
              "non_striker": "Rashid Khan",
              "runs": {
                "batter": 0,
                "extras": 0,
                "total": 0
              }
            }
          ]
        },
        {
          "over": 11,
          "deliveries": [
            {
              "batter": "Rashid Khan",
              "bowler": "BCJ Cutting",
              "non_striker": "MG Neser",
              "runs": {
                "batter": 0,
                "extras": 0,
                "total": 0
              }
            },
            {
              "batter": "Rashid Khan",
              "bowler": "BCJ Cutting",
              "non_striker": "MG Neser",
              "runs": {
                "batter": 0,
                "extras": 0,
                "total": 0
              }
            },
            {
              "batter": "Rashid Khan",
              "bowler": "BCJ Cutting",
              "non_striker": "MG Neser",
              "runs": {
                "batter": 1,
                "extras": 0,
                "total": 1
              }
            },
            {
              "batter": "MG Neser",
              "bowler": "BCJ Cutting",
              "non_striker": "Rashid Khan",
              "runs": {
                "batter": 0,
                "extras": 0,
                "total": 0
              }
            },
            {
              "batter": "MG Neser",
              "bowler": "BCJ Cutting",
              "non_striker": "Rashid Khan",
              "runs": {
                "batter": 2,
                "extras": 0,
                "total": 2
              }
            },
            {
              "batter": "MG Neser",
              "bowler": "BCJ Cutting",
              "non_striker": "Rashid Khan",
              "runs": {
                "batter": 0,
                "extras": 0,
                "total": 0
              }
            }
          ]
        },
        {
          "over": 12,
          "deliveries": [
            {
              "batter": "Rashid Khan",
              "bowler": "Mujeeb Ur Rahman",
              "non_striker": "MG Neser",
              "runs": {
                "batter": 0,
                "extras": 0,
                "total": 0
              }
            },
            {
              "batter": "Rashid Khan",
              "bowler": "Mujeeb Ur Rahman",
              "non_striker": "MG Neser",
              "runs": {
                "batter": 1,
                "extras": 0,
                "total": 1
              }
            },
            {
              "batter": "MG Neser",
              "bowler": "Mujeeb Ur Rahman",
              "non_striker": "Rashid Khan",
              "runs": {
                "batter": 0,
                "extras": 0,
                "total": 0
              }
            },
            {
              "batter": "MG Neser",
              "bowler": "Mujeeb Ur Rahman",
              "non_striker": "Rashid Khan",
              "runs": {
                "batter": 0,
                "extras": 0,
                "total": 0
              }
            },
            {
              "batter": "MG Neser",
              "bowler": "Mujeeb Ur Rahman",
              "non_striker": "Rashid Khan",
              "runs": {
                "batter": 0,
                "extras": 0,
                "total": 0
              }
            },
            {
              "batter": "MG Neser",
              "bowler": "Mujeeb Ur Rahman",
              "non_striker": "Rashid Khan",
              "runs": {
                "batter": 0,
                "extras": 0,
                "total": 0
              }
            }
          ]
        },
        {
          "over": 13,
          "deliveries": [
            {
              "batter": "Rashid Khan",
              "bowler": "BCJ Cutting",
              "non_striker": "MG Neser",
              "runs": {
                "batter": 2,
                "extras": 0,
                "total": 2
              }
            },
            {
              "batter": "Rashid Khan",
              "bowler": "BCJ Cutting",
              "non_striker": "MG Neser",
              "runs": {
                "batter": 0,
                "extras": 0,
                "total": 0
              }
            },
            {
              "batter": "Rashid Khan",
              "bowler": "BCJ Cutting",
              "non_striker": "MG Neser",
              "runs": {
                "batter": 1,
                "extras": 0,
                "total": 1
              }
            },
            {
              "batter": "MG Neser",
              "bowler": "BCJ Cutting",
              "non_striker": "Rashid Khan",
              "runs": {
                "batter": 1,
                "extras": 0,
                "total": 1
              }
            },
            {
              "batter": "Rashid Khan",
              "bowler": "BCJ Cutting",
              "non_striker": "MG Neser",
              "runs": {
                "batter": 0,
                "extras": 0,
                "total": 0
              }
            },
            {
              "batter": "Rashid Khan",
              "bowler": "BCJ Cutting",
              "non_striker": "MG Neser",
              "runs": {
                "batter": 1,
                "extras": 0,
                "total": 1
              }
            }
          ]
        },
        {
          "over": 14,
          "deliveries": [
            {
              "batter": "Rashid Khan",
              "bowler": "MJ Swepson",
              "non_striker": "MG Neser",
              "runs": {
                "batter": 4,
                "extras": 0,
                "total": 4
              }
            },
            {
              "batter": "Rashid Khan",
              "bowler": "MJ Swepson",
              "non_striker": "MG Neser",
              "runs": {
                "batter": 0,
                "extras": 0,
                "total": 0
              }
            },
            {
              "batter": "Rashid Khan",
              "bowler": "MJ Swepson",
              "non_striker": "MG Neser",
              "runs": {
                "batter": 1,
                "extras": 0,
                "total": 1
              }
            },
            {
              "batter": "MG Neser",
              "bowler": "MJ Swepson",
              "non_striker": "Rashid Khan",
              "runs": {
                "batter": 0,
                "extras": 0,
                "total": 0
              },
              "wickets": [
                {
                  "kind": "stumped",
                  "player_out": "MG Neser",
                  "fielders": [
                    {
                      "name": "JJ Peirson"
                    }
                  ]
                }
              ]
            },
            {
              "batter": "PM Siddle",
              "bowler": "MJ Swepson",
              "non_striker": "Rashid Khan",
              "runs": {
                "batter": 0,
                "extras": 0,
                "total": 0
              }
            },
            {
              "batter": "PM Siddle",
              "bowler": "MJ Swepson",
              "non_striker": "Rashid Khan",
              "runs": {
                "batter": 0,
                "extras": 0,
                "total": 0
              }
            }
          ]
        },
        {
          "over": 15,
          "deliveries": [
            {
              "batter": "Rashid Khan",
              "bowler": "BCJ Cutting",
              "non_striker": "PM Siddle",
              "runs": {
                "batter": 2,
                "extras": 0,
                "total": 2
              }
            },
            {
              "batter": "Rashid Khan",
              "bowler": "BCJ Cutting",
              "non_striker": "PM Siddle",
              "runs": {
                "batter": 1,
                "extras": 0,
                "total": 1
              }
            },
            {
              "batter": "PM Siddle",
              "bowler": "BCJ Cutting",
              "non_striker": "Rashid Khan",
              "runs": {
                "batter": 1,
                "extras": 0,
                "total": 1
              }
            },
            {
              "batter": "Rashid Khan",
              "bowler": "BCJ Cutting",
              "non_striker": "PM Siddle",
              "runs": {
                "batter": 0,
                "extras": 0,
                "total": 0
              }
            },
            {
              "batter": "Rashid Khan",
              "bowler": "BCJ Cutting",
              "non_striker": "PM Siddle",
              "runs": {
                "batter": 6,
                "extras": 0,
                "total": 6
              }
            },
            {
              "batter": "Rashid Khan",
              "bowler": "BCJ Cutting",
              "non_striker": "PM Siddle",
              "runs": {
                "batter": 0,
                "extras": 0,
                "total": 0
              }
            }
          ]
        },
        {
          "over": 16,
          "deliveries": [
            {
              "batter": "PM Siddle",
              "bowler": "MJ Swepson",
              "non_striker": "Rashid Khan",
              "runs": {
                "batter": 2,
                "extras": 0,
                "total": 2
              }
            },
            {
              "batter": "PM Siddle",
              "bowler": "MJ Swepson",
              "non_striker": "Rashid Khan",
              "runs": {
                "batter": 0,
                "extras": 0,
                "total": 0
              }
            },
            {
              "batter": "PM Siddle",
              "bowler": "MJ Swepson",
              "non_striker": "Rashid Khan",
              "runs": {
                "batter": 2,
                "extras": 0,
                "total": 2
              }
            },
            {
              "batter": "PM Siddle",
              "bowler": "MJ Swepson",
              "non_striker": "Rashid Khan",
              "runs": {
                "batter": 0,
                "extras": 0,
                "total": 0
              }
            },
            {
              "batter": "PM Siddle",
              "bowler": "MJ Swepson",
              "non_striker": "Rashid Khan",
              "runs": {
                "batter": 0,
                "extras": 0,
                "total": 0
              }
            },
            {
              "batter": "PM Siddle",
              "bowler": "MJ Swepson",
              "non_striker": "Rashid Khan",
              "runs": {
                "batter": 0,
                "extras": 0,
                "total": 0
              }
            }
          ]
        },
        {
          "over": 17,
          "deliveries": [
            {
              "batter": "Rashid Khan",
              "bowler": "JK Lalor",
              "non_striker": "PM Siddle",
              "runs": {
                "batter": 0,
                "extras": 0,
                "total": 0
              }
            },
            {
              "batter": "Rashid Khan",
              "bowler": "JK Lalor",
              "non_striker": "PM Siddle",
              "runs": {
                "batter": 2,
                "extras": 0,
                "total": 2
              }
            },
            {
              "batter": "Rashid Khan",
              "bowler": "JK Lalor",
              "non_striker": "PM Siddle",
              "runs": {
                "batter": 0,
                "extras": 0,
                "total": 0
              }
            },
            {
              "batter": "Rashid Khan",
              "bowler": "JK Lalor",
              "non_striker": "PM Siddle",
              "runs": {
                "batter": 0,
                "extras": 0,
                "total": 0
              }
            },
            {
              "batter": "Rashid Khan",
              "bowler": "JK Lalor",
              "non_striker": "PM Siddle",
              "runs": {
                "batter": 0,
                "extras": 0,
                "total": 0
              },
              "wickets": [
                {
                  "kind": "caught",
                  "player_out": "Rashid Khan",
                  "fielders": [
                    {
                      "name": "MT Renshaw"
                    }
                  ]
                }
              ]
            },
            {
              "batter": "PM Siddle",
              "bowler": "JK Lalor",
              "non_striker": "HNA Conway",
              "runs": {
                "batter": 1,
                "extras": 0,
                "total": 1
              }
            }
          ]
        },
        {
          "over": 18,
          "deliveries": [
            {
              "batter": "PM Siddle",
              "bowler": "BCJ Cutting",
              "non_striker": "HNA Conway",
              "runs": {
                "batter": 4,
                "extras": 0,
                "total": 4
              }
            },
            {
              "batter": "PM Siddle",
              "bowler": "BCJ Cutting",
              "non_striker": "HNA Conway",
              "runs": {
                "batter": 1,
                "extras": 0,
                "total": 1
              }
            },
            {
              "batter": "HNA Conway",
              "bowler": "BCJ Cutting",
              "non_striker": "PM Siddle",
              "runs": {
                "batter": 1,
                "extras": 0,
                "total": 1
              }
            },
            {
              "batter": "PM Siddle",
              "bowler": "BCJ Cutting",
              "non_striker": "HNA Conway",
              "runs": {
                "batter": 0,
                "extras": 0,
                "total": 0
              },
              "wickets": [
                {
                  "kind": "caught and bowled",
                  "player_out": "PM Siddle"
                }
              ]
            },
            {
              "batter": "LN O'Connor",
              "bowler": "BCJ Cutting",
              "non_striker": "HNA Conway",
              "runs": {
                "batter": 0,
                "extras": 0,
                "total": 0
              }
            },
            {
              "batter": "LN O'Connor",
              "bowler": "BCJ Cutting",
              "non_striker": "HNA Conway",
              "runs": {
                "batter": 0,
                "extras": 0,
                "total": 0
              },
              "wickets": [
                {
                  "kind": "caught",
                  "player_out": "LN O'Connor",
                  "fielders": [
                    {
                      "name": "AB de Villiers"
                    }
                  ]
                }
              ]
            }
          ]
        }
      ],
      "powerplays": [
        {
          "from": 0.1,
          "to": 5.6,
          "type": "mandatory"
        }
      ]
    },
    {
      "team": "Brisbane Heat",
      "overs": [
        {
          "over": 0,
          "deliveries": [
            {
              "batter": "M Bryant",
              "bowler": "MG Neser",
              "non_striker": "CA Lynn",
              "runs": {
                "batter": 4,
                "extras": 0,
                "total": 4
              }
            },
            {
              "batter": "M Bryant",
              "bowler": "MG Neser",
              "non_striker": "CA Lynn",
              "runs": {
                "batter": 1,
                "extras": 0,
                "total": 1
              }
            },
            {
              "batter": "CA Lynn",
              "bowler": "MG Neser",
              "non_striker": "M Bryant",
              "runs": {
                "batter": 0,
                "extras": 0,
                "total": 0
              },
              "wickets": [
                {
                  "kind": "caught",
                  "player_out": "CA Lynn",
                  "fielders": [
                    {
                      "name": "PD Salt"
                    }
                  ]
                }
              ]
            },
            {
              "batter": "MT Renshaw",
              "bowler": "MG Neser",
              "non_striker": "M Bryant",
              "runs": {
                "batter": 0,
                "extras": 0,
                "total": 0
              }
            },
            {
              "batter": "MT Renshaw",
              "bowler": "MG Neser",
              "non_striker": "M Bryant",
              "runs": {
                "batter": 1,
                "extras": 0,
                "total": 1
              }
            },
            {
              "batter": "M Bryant",
              "bowler": "MG Neser",
              "non_striker": "MT Renshaw",
              "runs": {
                "batter": 3,
                "extras": 0,
                "total": 3
              }
            }
          ]
        },
        {
          "over": 1,
          "deliveries": [
            {
              "batter": "M Bryant",
              "bowler": "Rashid Khan",
              "non_striker": "MT Renshaw",
              "runs": {
                "batter": 2,
                "extras": 0,
                "total": 2
              }
            },
            {
              "batter": "M Bryant",
              "bowler": "Rashid Khan",
              "non_striker": "MT Renshaw",
              "runs": {
                "batter": 0,
                "extras": 0,
                "total": 0
              },
              "wickets": [
                {
                  "kind": "bowled",
                  "player_out": "M Bryant"
                }
              ]
            },
            {
              "batter": "AB de Villiers",
              "bowler": "Rashid Khan",
              "non_striker": "MT Renshaw",
              "runs": {
                "batter": 4,
                "extras": 0,
                "total": 4
              }
            },
            {
              "batter": "AB de Villiers",
              "bowler": "Rashid Khan",
              "non_striker": "MT Renshaw",
              "runs": {
                "batter": 0,
                "extras": 0,
                "total": 0
              }
            },
            {
              "batter": "AB de Villiers",
              "bowler": "Rashid Khan",
              "non_striker": "MT Renshaw",
              "runs": {
                "batter": 1,
                "extras": 0,
                "total": 1
              }
            },
            {
              "batter": "MT Renshaw",
              "bowler": "Rashid Khan",
              "non_striker": "AB de Villiers",
              "runs": {
                "batter": 0,
                "extras": 0,
                "total": 0
              }
            }
          ]
        },
        {
          "over": 2,
          "deliveries": [
            {
              "batter": "AB de Villiers",
              "bowler": "MG Neser",
              "non_striker": "MT Renshaw",
              "runs": {
                "batter": 1,
                "extras": 0,
                "total": 1
              }
            },
            {
              "batter": "MT Renshaw",
              "bowler": "MG Neser",
              "non_striker": "AB de Villiers",
              "runs": {
                "batter": 0,
                "extras": 0,
                "total": 0
              }
            },
            {
              "batter": "MT Renshaw",
              "bowler": "MG Neser",
              "non_striker": "AB de Villiers",
              "runs": {
                "batter": 6,
                "extras": 0,
                "total": 6
              }
            },
            {
              "batter": "MT Renshaw",
              "bowler": "MG Neser",
              "non_striker": "AB de Villiers",
              "runs": {
                "batter": 0,
                "extras": 0,
                "total": 0
              }
            },
            {
              "batter": "MT Renshaw",
              "bowler": "MG Neser",
              "non_striker": "AB de Villiers",
              "runs": {
                "batter": 0,
                "extras": 0,
                "total": 0
              }
            },
            {
              "batter": "MT Renshaw",
              "bowler": "MG Neser",
              "non_striker": "AB de Villiers",
              "runs": {
                "batter": 4,
                "extras": 0,
                "total": 4
              }
            }
          ]
        },
        {
          "over": 3,
          "deliveries": [
            {
              "batter": "AB de Villiers",
              "bowler": "Rashid Khan",
              "non_striker": "MT Renshaw",
              "runs": {
                "batter": 1,
                "extras": 0,
                "total": 1
              }
            },
            {
              "batter": "MT Renshaw",
              "bowler": "Rashid Khan",
              "non_striker": "AB de Villiers",
              "runs": {
                "batter": 0,
                "extras": 0,
                "total": 0
              }
            },
            {
              "batter": "MT Renshaw",
              "bowler": "Rashid Khan",
              "non_striker": "AB de Villiers",
              "runs": {
                "batter": 1,
                "extras": 0,
                "total": 1
              }
            },
            {
              "batter": "AB de Villiers",
              "bowler": "Rashid Khan",
              "non_striker": "MT Renshaw",
              "runs": {
                "batter": 4,
                "extras": 0,
                "total": 4
              }
            },
            {
              "batter": "AB de Villiers",
              "bowler": "Rashid Khan",
              "non_striker": "MT Renshaw",
              "runs": {
                "batter": 0,
                "extras": 0,
                "total": 0
              }
            },
            {
              "batter": "AB de Villiers",
              "bowler": "Rashid Khan",
              "non_striker": "MT Renshaw",
              "runs": {
                "batter": 4,
                "extras": 0,
                "total": 4
              }
            }
          ]
        },
        {
          "over": 4,
          "deliveries": [
            {
              "batter": "MT Renshaw",
              "bowler": "PM Siddle",
              "non_striker": "AB de Villiers",
              "runs": {
                "batter": 0,
                "extras": 0,
                "total": 0
              }
            },
            {
              "batter": "MT Renshaw",
              "bowler": "PM Siddle",
              "non_striker": "AB de Villiers",
              "runs": {
                "batter": 0,
                "extras": 0,
                "total": 0
              }
            },
            {
              "batter": "MT Renshaw",
              "bowler": "PM Siddle",
              "non_striker": "AB de Villiers",
              "runs": {
                "batter": 0,
                "extras": 0,
                "total": 0
              }
            },
            {
              "batter": "MT Renshaw",
              "bowler": "PM Siddle",
              "non_striker": "AB de Villiers",
              "runs": {
                "batter": 0,
                "extras": 0,
                "total": 0
              }
            },
            {
              "batter": "MT Renshaw",
              "bowler": "PM Siddle",
              "non_striker": "AB de Villiers",
              "runs": {
                "batter": 1,
                "extras": 0,
                "total": 1
              }
            },
            {
              "batter": "AB de Villiers",
              "bowler": "PM Siddle",
              "non_striker": "MT Renshaw",
              "runs": {
                "batter": 1,
                "extras": 0,
                "total": 1
              }
            }
          ]
        },
        {
          "over": 5,
          "deliveries": [
            {
              "batter": "AB de Villiers",
              "bowler": "HNA Conway",
              "non_striker": "MT Renshaw",
              "runs": {
                "batter": 4,
                "extras": 0,
                "total": 4
              }
            },
            {
              "batter": "AB de Villiers",
              "bowler": "HNA Conway",
              "non_striker": "MT Renshaw",
              "runs": {
                "batter": 1,
                "extras": 0,
                "total": 1
              }
            },
            {
              "batter": "MT Renshaw",
              "bowler": "HNA Conway",
              "non_striker": "AB de Villiers",
              "runs": {
                "batter": 4,
                "extras": 0,
                "total": 4
              }
            },
            {
              "batter": "MT Renshaw",
              "bowler": "HNA Conway",
              "non_striker": "AB de Villiers",
              "runs": {
                "batter": 1,
                "extras": 0,
                "total": 1
              }
            },
            {
              "batter": "AB de Villiers",
              "bowler": "HNA Conway",
              "non_striker": "MT Renshaw",
              "runs": {
                "batter": 1,
                "extras": 0,
                "total": 1
              }
            },
            {
              "batter": "MT Renshaw",
              "bowler": "HNA Conway",
              "non_striker": "AB de Villiers",
              "runs": {
                "batter": 4,
                "extras": 0,
                "total": 4
              }
            }
          ]
        },
        {
          "over": 6,
          "deliveries": [
            {
              "batter": "AB de Villiers",
              "bowler": "Rashid Khan",
              "non_striker": "MT Renshaw",
              "runs": {
                "batter": 1,
                "extras": 0,
                "total": 1
              }
            },
            {
              "batter": "MT Renshaw",
              "bowler": "Rashid Khan",
              "non_striker": "AB de Villiers",
              "runs": {
                "batter": 1,
                "extras": 0,
                "total": 1
              }
            },
            {
              "batter": "AB de Villiers",
              "bowler": "Rashid Khan",
              "non_striker": "MT Renshaw",
              "runs": {
                "batter": 2,
                "extras": 0,
                "total": 2
              }
            },
            {
              "batter": "AB de Villiers",
              "bowler": "Rashid Khan",
              "non_striker": "MT Renshaw",
              "runs": {
                "batter": 0,
                "extras": 0,
                "total": 0
              }
            },
            {
              "batter": "AB de Villiers",
              "bowler": "Rashid Khan",
              "non_striker": "MT Renshaw",
              "runs": {
                "batter": 1,
                "extras": 0,
                "total": 1
              }
            },
            {
              "batter": "MT Renshaw",
              "bowler": "Rashid Khan",
              "non_striker": "AB de Villiers",
              "runs": {
                "batter": 0,
                "extras": 0,
                "total": 0
              }
            }
          ]
        },
        {
          "over": 7,
          "deliveries": [
            {
              "batter": "AB de Villiers",
              "bowler": "LN O'Connor",
              "non_striker": "MT Renshaw",
              "runs": {
                "batter": 4,
                "extras": 0,
                "total": 4
              }
            },
            {
              "batter": "AB de Villiers",
              "bowler": "LN O'Connor",
              "non_striker": "MT Renshaw",
              "runs": {
                "batter": 1,
                "extras": 0,
                "total": 1
              }
            },
            {
              "batter": "MT Renshaw",
              "bowler": "LN O'Connor",
              "non_striker": "AB de Villiers",
              "runs": {
                "batter": 1,
                "extras": 0,
                "total": 1
              }
            },
            {
              "batter": "AB de Villiers",
              "bowler": "LN O'Connor",
              "non_striker": "MT Renshaw",
              "runs": {
                "batter": 0,
                "extras": 0,
                "total": 0
              }
            },
            {
              "batter": "AB de Villiers",
              "bowler": "LN O'Connor",
              "non_striker": "MT Renshaw",
              "runs": {
                "batter": 1,
                "extras": 0,
                "total": 1
              }
            },
            {
              "batter": "MT Renshaw",
              "bowler": "LN O'Connor",
              "non_striker": "AB de Villiers",
              "runs": {
                "batter": 1,
                "extras": 0,
                "total": 1
              }
            }
          ]
        },
        {
          "over": 8,
          "deliveries": [
            {
              "batter": "MT Renshaw",
              "bowler": "MG Neser",
              "non_striker": "AB de Villiers",
              "runs": {
                "batter": 1,
                "extras": 0,
                "total": 1
              }
            },
            {
              "batter": "AB de Villiers",
              "bowler": "MG Neser",
              "non_striker": "MT Renshaw",
              "runs": {
                "batter": 1,
                "extras": 0,
                "total": 1
              }
            },
            {
              "batter": "MT Renshaw",
              "bowler": "MG Neser",
              "non_striker": "AB de Villiers",
              "runs": {
                "batter": 0,
                "extras": 0,
                "total": 0
              }
            },
            {
              "batter": "MT Renshaw",
              "bowler": "MG Neser",
              "non_striker": "AB de Villiers",
              "runs": {
                "batter": 0,
                "extras": 0,
                "total": 0
              }
            },
            {
              "batter": "MT Renshaw",
              "bowler": "MG Neser",
              "non_striker": "AB de Villiers",
              "runs": {
                "batter": 1,
                "extras": 0,
                "total": 1
              }
            },
            {
              "batter": "AB de Villiers",
              "bowler": "MG Neser",
              "non_striker": "MT Renshaw",
              "runs": {
                "batter": 0,
                "extras": 0,
                "total": 0
              }
            }
          ]
        },
        {
          "over": 9,
          "deliveries": [
            {
              "batter": "MT Renshaw",
              "bowler": "PM Siddle",
              "non_striker": "AB de Villiers",
              "runs": {
                "batter": 1,
                "extras": 0,
                "total": 1
              }
            },
            {
              "batter": "AB de Villiers",
              "bowler": "PM Siddle",
              "non_striker": "MT Renshaw",
              "runs": {
                "batter": 0,
                "extras": 0,
                "total": 0
              }
            },
            {
              "batter": "AB de Villiers",
              "bowler": "PM Siddle",
              "non_striker": "MT Renshaw",
              "runs": {
                "batter": 0,
                "extras": 0,
                "total": 0
              }
            },
            {
              "batter": "AB de Villiers",
              "bowler": "PM Siddle",
              "extras": {
                "noballs": 1
              },
              "non_striker": "MT Renshaw",
              "runs": {
                "batter": 1,
                "extras": 1,
                "total": 2
              }
            },
            {
              "batter": "MT Renshaw",
              "bowler": "PM Siddle",
              "non_striker": "AB de Villiers",
              "runs": {
                "batter": 2,
                "extras": 0,
                "total": 2
              }
            },
            {
              "batter": "MT Renshaw",
              "bowler": "PM Siddle",
              "non_striker": "AB de Villiers",
              "runs": {
                "batter": 1,
                "extras": 0,
                "total": 1
              }
            },
            {
              "batter": "AB de Villiers",
              "bowler": "PM Siddle",
              "non_striker": "MT Renshaw",
              "runs": {
                "batter": 0,
                "extras": 0,
                "total": 0
              }
            }
          ]
        },
        {
          "over": 10,
          "deliveries": [
            {
              "batter": "MT Renshaw",
              "bowler": "Rashid Khan",
              "non_striker": "AB de Villiers",
              "runs": {
                "batter": 1,
                "extras": 0,
                "total": 1
              }
            },
            {
              "batter": "AB de Villiers",
              "bowler": "Rashid Khan",
              "non_striker": "MT Renshaw",
              "runs": {
                "batter": 2,
                "extras": 0,
                "total": 2
              }
            },
            {
              "batter": "AB de Villiers",
              "bowler": "Rashid Khan",
              "non_striker": "MT Renshaw",
              "runs": {
                "batter": 1,
                "extras": 0,
                "total": 1
              }
            },
            {
              "batter": "MT Renshaw",
              "bowler": "Rashid Khan",
              "extras": {
                "wides": 1
              },
              "non_striker": "AB de Villiers",
              "runs": {
                "batter": 0,
                "extras": 1,
                "total": 1
              }
            },
            {
              "batter": "MT Renshaw",
              "bowler": "Rashid Khan",
              "non_striker": "AB de Villiers",
              "runs": {
                "batter": 2,
                "extras": 0,
                "total": 2
              }
            },
            {
              "batter": "MT Renshaw",
              "bowler": "Rashid Khan",
              "non_striker": "AB de Villiers",
              "runs": {
                "batter": 0,
                "extras": 0,
                "total": 0
              }
            },
            {
              "batter": "MT Renshaw",
              "bowler": "Rashid Khan",
              "non_striker": "AB de Villiers",
              "runs": {
                "batter": 1,
                "extras": 0,
                "total": 1
              }
            }
          ]
        },
        {
          "over": 11,
          "deliveries": [
            {
              "batter": "MT Renshaw",
              "bowler": "HNA Conway",
              "non_striker": "AB de Villiers",
              "runs": {
                "batter": 0,
                "extras": 0,
                "total": 0
              }
            },
            {
              "batter": "MT Renshaw",
              "bowler": "HNA Conway",
              "non_striker": "AB de Villiers",
              "runs": {
                "batter": 1,
                "extras": 0,
                "total": 1
              }
            },
            {
              "batter": "AB de Villiers",
              "bowler": "HNA Conway",
              "non_striker": "MT Renshaw",
              "runs": {
                "batter": 2,
                "extras": 0,
                "total": 2
              }
            },
            {
              "batter": "AB de Villiers",
              "bowler": "HNA Conway",
              "non_striker": "MT Renshaw",
              "runs": {
                "batter": 0,
                "extras": 0,
                "total": 0
              }
            },
            {
              "batter": "AB de Villiers",
              "bowler": "HNA Conway",
              "non_striker": "MT Renshaw",
              "runs": {
                "batter": 1,
                "extras": 0,
                "total": 1
              }
            },
            {
              "batter": "MT Renshaw",
              "bowler": "HNA Conway",
              "non_striker": "AB de Villiers",
              "runs": {
                "batter": 0,
                "extras": 0,
                "total": 0
              }
            }
          ]
        },
        {
          "over": 12,
          "deliveries": [
            {
              "batter": "AB de Villiers",
              "bowler": "LN O'Connor",
              "non_striker": "MT Renshaw",
              "runs": {
                "batter": 0,
                "extras": 0,
                "total": 0
              },
              "wickets": [
                {
                  "kind": "caught",
                  "player_out": "AB de Villiers",
                  "fielders": [
                    {
                      "name": "MG Neser"
                    }
                  ]
                }
              ]
            },
            {
              "batter": "JA Burns",
              "bowler": "LN O'Connor",
              "non_striker": "MT Renshaw",
              "runs": {
                "batter": 1,
                "extras": 0,
                "total": 1
              }
            },
            {
              "batter": "MT Renshaw",
              "bowler": "LN O'Connor",
              "non_striker": "JA Burns",
              "runs": {
                "batter": 4,
                "extras": 0,
                "total": 4
              }
            },
            {
              "batter": "MT Renshaw",
              "bowler": "LN O'Connor",
              "non_striker": "JA Burns",
              "runs": {
                "batter": 2,
                "extras": 0,
                "total": 2
              }
            },
            {
              "batter": "MT Renshaw",
              "bowler": "LN O'Connor",
              "non_striker": "JA Burns",
              "runs": {
                "batter": 1,
                "extras": 0,
                "total": 1
              }
            },
            {
              "batter": "JA Burns",
              "bowler": "LN O'Connor",
              "non_striker": "MT Renshaw",
              "runs": {
                "batter": 1,
                "extras": 0,
                "total": 1
              }
            }
          ]
        },
        {
          "over": 13,
          "deliveries": [
            {
              "batter": "JA Burns",
              "bowler": "MG Neser",
              "non_striker": "MT Renshaw",
              "runs": {
                "batter": 1,
                "extras": 0,
                "total": 1
              }
            },
            {
              "batter": "MT Renshaw",
              "bowler": "MG Neser",
              "non_striker": "JA Burns",
              "runs": {
                "batter": 0,
                "extras": 0,
                "total": 0
              }
            },
            {
              "batter": "MT Renshaw",
              "bowler": "MG Neser",
              "non_striker": "JA Burns",
              "runs": {
                "batter": 1,
                "extras": 0,
                "total": 1
              }
            },
            {
              "batter": "JA Burns",
              "bowler": "MG Neser",
              "non_striker": "MT Renshaw",
              "runs": {
                "batter": 0,
                "extras": 0,
                "total": 0
              }
            },
            {
              "batter": "JA Burns",
              "bowler": "MG Neser",
              "non_striker": "MT Renshaw",
              "runs": {
                "batter": 3,
                "extras": 0,
                "total": 3
              }
            },
            {
              "batter": "MT Renshaw",
              "bowler": "MG Neser",
              "non_striker": "JA Burns",
              "runs": {
                "batter": 2,
                "extras": 0,
                "total": 2
              }
            }
          ]
        },
        {
          "over": 14,
          "deliveries": [
            {
              "batter": "JA Burns",
              "bowler": "LN O'Connor",
              "non_striker": "MT Renshaw",
              "runs": {
                "batter": 0,
                "extras": 0,
                "total": 0
              }
            },
            {
              "batter": "JA Burns",
              "bowler": "LN O'Connor",
              "non_striker": "MT Renshaw",
              "runs": {
                "batter": 1,
                "extras": 0,
                "total": 1
              }
            },
            {
              "batter": "MT Renshaw",
              "bowler": "LN O'Connor",
              "non_striker": "JA Burns",
              "runs": {
                "batter": 1,
                "extras": 0,
                "total": 1
              }
            },
            {
              "batter": "JA Burns",
              "bowler": "LN O'Connor",
              "non_striker": "MT Renshaw",
              "runs": {
                "batter": 1,
                "extras": 0,
                "total": 1
              }
            },
            {
              "batter": "MT Renshaw",
              "bowler": "LN O'Connor",
              "non_striker": "JA Burns",
              "runs": {
                "batter": 1,
                "extras": 0,
                "total": 1
              }
            },
            {
              "batter": "JA Burns",
              "bowler": "LN O'Connor",
              "non_striker": "MT Renshaw",
              "runs": {
                "batter": 1,
                "extras": 0,
                "total": 1
              }
            }
          ]
        },
        {
          "over": 15,
          "deliveries": [
            {
              "batter": "JA Burns",
              "bowler": "HNA Conway",
              "non_striker": "MT Renshaw",
              "runs": {
                "batter": 1,
                "extras": 0,
                "total": 1
              }
            },
            {
              "batter": "MT Renshaw",
              "bowler": "HNA Conway",
              "non_striker": "JA Burns",
              "runs": {
                "batter": 4,
                "extras": 0,
                "total": 4
              }
            }
          ]
        }
      ],
      "powerplays": [
        {
          "from": 0.1,
          "to": 5.6,
          "type": "mandatory"
        }
      ],
      "target": {
        "overs": 20,
        "runs": 111
      }
    }
  ]
}