{
  "meta": {
    "data_version": "1.0.0",
    "created": "2020-01-24",
    "revision": 1
  },
  "info": {
    "balls_per_over": 6,
    "city": "Sydney",
    "dates": [
      "2020-01-18"
    ],
    "event": {
      "name": "Big Bash League",
      "match_number": 42
    },
    "gender": "male",
    "match_type": "T20",
    "officials": {
      "match_referees": [
        "SR Bernard"
      ],
      "reserve_umpires": [
        "CA Polosak"
      ],
      "tv_umpires": [
        "MW Graham-Smith"
      ],
      "umpires": [
        "GA Abood",
        "AK Wilds"
      ]
    },
    "outcome": {
      "winner": "Sydney Thunder",
      "by": {
        "runs": 4
      },
      "method": "D/L"
    },
    "overs": 20,
    "player_of_match": [
      "CH Morris"
    ],
    "players": {
      "Sydney Sixers": [
        "JR Philippe",
        "DP Hughes",
        "JM Vince",
        "MC Henriques",
        "JC Silk",
        "J Avendano",
        "TK Curran",
        "BJ Dwarshuis",
        "NM Lyon",
        "JM Bird",
        "SNJ O'Keefe"
      ],
      "Sydney Thunder": [
        "UT Khawaja",
        "AD Hales",
        "CJ Ferguson",
        "DR Sams",
        "AI Ross",
        "CH Morris",
        "JS Lenton",
        "N McAndrew",
        "GS Sandhu",
        "B Doggett",
        "L Bowe"
      ]
    },
    "registry": {
      "people": {
        "AD Hales": "92aeac25",
        "AI Ross": "fb0d68b4",
        "AK Wilds": "de412f40",
        "B Doggett": "898e628d",
        "BJ Dwarshuis": "e1b9f3a9",
        "CA Polosak": "26a360d2",
        "CH Morris": "fb66ce1f",
        "CJ Ferguson": "9b4935c8",
        "DP Hughes": "f3982af9",
        "DR Sams": "caf69bf7",
        "GA Abood": "a4af5528",
        "GS Sandhu": "1558d83b",
        "J Avendano": "0af4a90b",
        "JC Silk": "7a6dc294",
        "JM Bird": "bc773eeb",
        "JM Vince": "a15618fe",
        "JR Philippe": "39086549",
        "JS Lenton": "8820c9ef",
        "L Bowe": "a5b71472",
        "MC Henriques": "32198ae0",
        "MW Graham-Smith": "18aca3ce",
        "N McAndrew": "38c276e1",
        "NM Lyon": "96a6a7ad",
        "SNJ O'Keefe": "3540beff",
        "SR Bernard": "800187dc",
        "TK Curran": "e86754b2",
        "UT Khawaja": "331ea488"
      }
    },
    "season": "2019/20",
    "team_type": "club",
    "teams": [
      "Sydney Thunder",
      "Sydney Sixers"
    ],
    "toss": {
      "decision": "field",
      "winner": "Sydney Thunder"
    },
    "venue": "Sydney Showground Stadium"
  },
  "innings": [
    {
      "team": "Sydney Sixers",
      "overs": [
        {
          "over": 0,
          "deliveries": [
            {
              "batter": "JR Philippe",
              "bowler": "CH Morris",
              "non_striker": "DP Hughes",
              "runs": {
                "batter": 1,
                "extras": 0,
                "total": 1
              }
            },
            {
              "batter": "DP Hughes",
              "bowler": "CH Morris",
              "non_striker": "JR Philippe",
              "runs": {
                "batter": 0,
                "extras": 0,
                "total": 0
              }
            },
            {
              "batter": "DP Hughes",
              "bowler": "CH Morris",
              "non_striker": "JR Philippe",
              "runs": {
                "batter": 0,
                "extras": 0,
                "total": 0
              }
            },
            {
              "batter": "DP Hughes",
              "bowler": "CH Morris",
              "non_striker": "JR Philippe",
              "runs": {
                "batter": 0,
                "extras": 0,
                "total": 0
              }
            },
            {
              "batter": "DP Hughes",
              "bowler": "CH Morris",
              "non_striker": "JR Philippe",
              "runs": {
                "batter": 0,
                "extras": 0,
                "total": 0
              },
              "wickets": [
                {
                  "kind": "run out",
                  "player_out": "DP Hughes"
                }
              ]
            },
            {
              "batter": "JM Vince",
              "bowler": "CH Morris",
              "non_striker": "JR Philippe",
              "runs": {
                "batter": 0,
                "extras": 0,
                "total": 0
              }
            }
          ]
        },
        {
          "over": 1,
          "deliveries": [
            {
              "batter": "JR Philippe",
              "bowler": "GS Sandhu",
              "non_striker": "JM Vince",
              "runs": {
                "batter": 0,
                "extras": 0,
                "total": 0
              },
              "wickets": [
                {
                  "kind": "lbw",
                  "player_out": "JR Philippe"
                }
              ]
            },
            {
              "batter": "MC Henriques",
              "bowler": "GS Sandhu",
              "extras": {
                "wides": 1
              },
              "non_striker": "JM Vince",
              "runs": {
                "batter": 0,
                "extras": 1,
                "total": 1
              }
            },
            {
              "batter": "MC Henriques",
              "bowler": "GS Sandhu",
              "non_striker": "JM Vince",
              "runs": {
                "batter": 0,
                "extras": 0,
                "total": 0
              }
            },
            {
              "batter": "MC Henriques",
              "bowler": "GS Sandhu",
              "non_striker": "JM Vince",
              "runs": {
                "batter": 1,
                "extras": 0,
                "total": 1
              }
            },
            {
              "batter": "JM Vince",
              "bowler": "GS Sandhu",
              "non_striker": "MC Henriques",
              "runs": {
                "batter": 0,
                "extras": 0,
                "total": 0
              }
            },
            {
              "batter": "JM Vince",
              "bowler": "GS Sandhu",
              "extras": {
                "wides": 1
              },
              "non_striker": "MC Henriques",
              "runs": {
                "batter": 0,
                "extras": 1,
                "total": 1
              }
            },
            {
              "batter": "JM Vince",
              "bowler": "GS Sandhu",
              "non_striker": "MC Henriques",
              "runs": {
                "batter": 1,
                "extras": 0,
                "total": 1
              }
            },
            {
              "batter": "MC Henriques",
              "bowler": "GS Sandhu",
              "non_striker": "JM Vince",
              "runs": {
                "batter": 0,
                "extras": 0,
                "total": 0
              }
            }
          ]
        },
        {
          "over": 2,
          "deliveries": [
            {
              "batter": "JM Vince",
              "bowler": "CH Morris",
              "non_striker": "MC Henriques",
              "runs": {
                "batter": 0,
                "extras": 0,
                "total": 0
              }
            },
            {
              "batter": "JM Vince",
              "bowler": "CH Morris",
              "non_striker": "MC Henriques",
              "runs": {
                "batter": 1,
                "extras": 0,
                "total": 1
              }
            },
            {
              "batter": "MC Henriques",
              "bowler": "CH Morris",
              "non_striker": "JM Vince",
              "runs": {
                "batter": 0,
                "extras": 0,
                "total": 0
              },
              "wickets": [
                {
                  "kind": "caught",
                  "player_out": "MC Henriques",
                  "fielders": [
                    {
                      "name": "JS Lenton"
                    }
                  ]
                }
              ]
            },
            {
              "batter": "JC Silk",
              "bowler": "CH Morris",
              "non_striker": "JM Vince",
              "runs": {
                "batter": 0,
                "extras": 0,
                "total": 0
              }
            },
            {
              "batter": "JC Silk",
              "bowler": "CH Morris",
              "non_striker": "JM Vince",
              "runs": {
                "batter": 0,
                "extras": 0,
                "total": 0
              }
            },
            {
              "batter": "JC Silk",
              "bowler": "CH Morris",
              "non_striker": "JM Vince",
              "runs": {
                "batter": 0,
                "extras": 0,
                "total": 0
              }
            }
          ]
        },
        {
          "over": 3,
          "deliveries": [
            {
              "batter": "JM Vince",
              "bowler": "GS Sandhu",
              "non_striker": "JC Silk",
              "runs": {
                "batter": 0,
                "extras": 0,
                "total": 0
              }
            },
            {
              "batter": "JM Vince",
              "bowler": "GS Sandhu",
              "non_striker": "JC Silk",
              "runs": {
                "batter": 0,
                "extras": 0,
                "total": 0
              }
            },
            {
              "batter": "JM Vince",
              "bowler": "GS Sandhu",
              "non_striker": "JC Silk",
              "runs": {
                "batter": 2,
                "extras": 0,
                "total": 2
              }
            },
            {
              "batter": "JM Vince",
              "bowler": "GS Sandhu",
              "non_striker": "JC Silk",
              "runs": {
                "batter": 0,
                "extras": 0,
                "total": 0
              }
            },
            {
              "batter": "JM Vince",
              "bowler": "GS Sandhu",
              "non_striker": "JC Silk",
              "runs": {
                "batter": 0,
                "extras": 0,
                "total": 0
              }
            },
            {
              "batter": "JM Vince",
              "bowler": "GS Sandhu",
              "non_striker": "JC Silk",
              "runs": {
                "batter": 1,
                "extras": 0,
                "total": 1
              }
            }
          ]
        },
        {
          "over": 4,
          "deliveries": [
            {
              "batter": "JM Vince",
              "bowler": "B Doggett",
              "non_striker": "JC Silk",
              "runs": {
                "batter": 0,
                "extras": 0,
                "total": 0
              },
              "wickets": [
                {
                  "kind": "caught",
                  "player_out": "JM Vince",
                  "fielders": [
                    {
                      "name": "CH Morris"
                    }
                  ]
                }
              ]
            },
            {
              "batter": "J Avendano",
              "bowler": "B Doggett",
              "non_striker": "JC Silk",
              "runs": {
                "batter": 1,
                "extras": 0,
                "total": 1
              }
            },
            {
              "batter": "JC Silk",
              "bowler": "B Doggett",
              "non_striker": "J Avendano",
              "runs": {
                "batter": 4,
                "extras": 0,
                "total": 4
              }
            },
            {
              "batter": "JC Silk",
              "bowler": "B Doggett",
              "non_striker": "J Avendano",
              "runs": {
                "batter": 0,
                "extras": 0,
                "total": 0
              }
            },
            {
              "batter": "JC Silk",
              "bowler": "B Doggett",
              "non_striker": "J Avendano",
              "runs": {
                "batter": 1,
                "extras": 0,
                "total": 1
              }
            },
            {
              "batter": "J Avendano",
              "bowler": "B Doggett",
              "non_striker": "JC Silk",
              "runs": {
                "batter": 0,
                "extras": 0,
                "total": 0
              }
            }
          ]
        },
        {
          "over": 5,
          "deliveries": [
            {
              "batter": "JC Silk",
              "bowler": "DR Sams",
              "non_striker": "J Avendano",
              "runs": {
                "batter": 0,
                "extras": 0,
                "total": 0
              },
              "wickets": [
                {
                  "kind": "caught",
                  "player_out": "JC Silk",
                  "fielders": [
                    {
                      "name": "UT Khawaja"
                    }
                  ]
                }
              ]
            },
            {
              "batter": "TK Curran",
              "bowler": "DR Sams",
              "non_striker": "J Avendano",
              "runs": {
                "batter": 1,
                "extras": 0,
                "total": 1
              }
            },
            {
              "batter": "J Avendano",
              "bowler": "DR Sams",
              "non_striker": "TK Curran",
              "runs": {
                "batter": 0,
                "extras": 0,
                "total": 0
              }
            },
            {
              "batter": "J Avendano",
              "bowler": "DR Sams",
              "non_striker": "TK Curran",
              "runs": {
                "batter": 2,
                "extras": 0,
                "total": 2
              }
            },
            {
              "batter": "J Avendano",
              "bowler": "DR Sams",
              "non_striker": "TK Curran",
              "runs": {
                "batter": 1,
                "extras": 0,
                "total": 1
              }
            },
            {
              "batter": "TK Curran",
              "bowler": "DR Sams",
              "non_striker": "J Avendano",
              "runs": {
                "batter": 1,
                "extras": 0,
                "total": 1
              }
            }
          ]
        },
        {
          "over": 6,
          "deliveries": [
            {
              "batter": "TK Curran",
              "bowler": "N McAndrew",
              "non_striker": "J Avendano",
              "runs": {
                "batter": 4,
                "extras": 0,
                "total": 4
              }
            },
            {
              "batter": "TK Curran",
              "bowler": "N McAndrew",
              "non_striker": "J Avendano",
              "runs": {
                "batter": 0,
                "extras": 0,
                "total": 0
              }
            },
            {
              "batter": "TK Curran",
              "bowler": "N McAndrew",
              "non_striker": "J Avendano",
              "runs": {
                "batter": 1,
                "extras": 0,
                "total": 1
              }
            },
            {
              "batter": "J Avendano",
              "bowler": "N McAndrew",
              "non_striker": "TK Curran",
              "runs": {
                "batter": 0,
                "extras": 0,
                "total": 0
              }
            },
            {
              "batter": "J Avendano",
              "bowler": "N McAndrew",
              "non_striker": "TK Curran",
              "runs": {
                "batter": 0,
                "extras": 0,
                "total": 0
              }
            },
            {
              "batter": "J Avendano",
              "bowler": "N McAndrew",
              "non_striker": "TK Curran",
              "runs": {
                "batter": 0,
                "extras": 0,
                "total": 0
              }
            }
          ]
        },
        {
          "over": 7,
          "deliveries": [
            {
              "batter": "TK Curran",
              "bowler": "B Doggett",
              "non_striker": "J Avendano",
              "runs": {
                "batter": 0,
                "extras": 0,
                "total": 0
              }
            },
            {
              "batter": "TK Curran",
              "bowler": "B Doggett",
              "non_striker": "J Avendano",
              "runs": {
                "batter": 0,
                "extras": 0,
                "total": 0
              }
            },
            {
              "batter": "TK Curran",
              "bowler": "B Doggett",
              "non_striker": "J Avendano",
              "runs": {
                "batter": 1,
                "extras": 0,
                "total": 1
              }
            },
            {
              "batter": "J Avendano",
              "bowler": "B Doggett",
              "non_striker": "TK Curran",
              "runs": {
                "batter": 0,
                "extras": 0,
                "total": 0
              }
            },
            {
              "batter": "J Avendano",
              "bowler": "B Doggett",
              "non_striker": "TK Curran",
              "runs": {
                "batter": 0,
                "extras": 0,
                "total": 0
              },
              "wickets": [
                {
                  "kind": "run out",
                  "player_out": "TK Curran"
                }
              ]
            },
            {
              "batter": "BJ Dwarshuis",
              "bowler": "B Doggett",
              "non_striker": "J Avendano",
              "runs": {
                "batter": 0,
                "extras": 0,
                "total": 0
              }
            }
          ]
        },
        {
          "over": 8,
          "deliveries": [
            {
              "batter": "J Avendano",
              "bowler": "DR Sams",
              "non_striker": "BJ Dwarshuis",
              "runs": {
                "batter": 0,
                "extras": 0,
                "total": 0
              }
            },
            {
              "batter": "J Avendano",
              "bowler": "DR Sams",
              "non_striker": "BJ Dwarshuis",
              "runs": {
                "batter": 0,
                "extras": 0,
                "total": 0
              }
            },
            {
              "batter": "J Avendano",
              "bowler": "DR Sams",
              "non_striker": "BJ Dwarshuis",
              "runs": {
                "batter": 0,
                "extras": 0,
                "total": 0
              }
            },
            {
              "batter": "J Avendano",
              "bowler": "DR Sams",
              "non_striker": "BJ Dwarshuis",
              "runs": {
                "batter": 1,
                "extras": 0,
                "total": 1
              }
            },
            {
              "batter": "BJ Dwarshuis",
              "bowler": "DR Sams",
              "non_striker": "J Avendano",
              "runs": {
                "batter": 1,
                "extras": 0,
                "total": 1
              }
            },
            {
              "batter": "J Avendano",
              "bowler": "DR Sams",
              "non_striker": "BJ Dwarshuis",
              "runs": {
                "batter": 1,
                "extras": 0,
                "total": 1
              }
            }
          ]
        },
        {
          "over": 9,
          "deliveries": [
            {
              "batter": "J Avendano",
              "bowler": "N McAndrew",
              "non_striker": "BJ Dwarshuis",
              "runs": {
                "batter": 6,
                "extras": 0,
                "total": 6
              }
            },
            {
              "batter": "J Avendano",
              "bowler": "N McAndrew",
              "non_striker": "BJ Dwarshuis",
              "runs": {
                "batter": 0,
                "extras": 0,
                "total": 0
              }
            },
            {
              "batter": "J Avendano",
              "bowler": "N McAndrew",
              "non_striker": "BJ Dwarshuis",
              "runs": {
                "batter": 0,
                "extras": 0,
                "total": 0
              }
            },
            {
              "batter": "J Avendano",
              "bowler": "N McAndrew",
              "non_striker": "BJ Dwarshuis",
              "runs": {
                "batter": 1,
                "extras": 0,
                "total": 1
              }
            },
            {
              "batter": "BJ Dwarshuis",
              "bowler": "N McAndrew",
              "non_striker": "J Avendano",
              "runs": {
                "batter": 0,
                "extras": 0,
                "total": 0
              }
            },
            {
              "batter": "BJ Dwarshuis",
              "bowler": "N McAndrew",
              "non_striker": "J Avendano",
              "runs": {
                "batter": 1,
                "extras": 0,
                "total": 1
              }
            }
          ]
        },
        {
          "over": 10,
          "deliveries": [
            {
              "batter": "BJ Dwarshuis",
              "bowler": "CH Morris",
              "non_striker": "J Avendano",
              "runs": {
                "batter": 0,
                "extras": 0,
                "total": 0
              }
            },
            {
              "batter": "BJ Dwarshuis",
              "bowler": "CH Morris",
              "non_striker": "J Avendano",
              "runs": {
                "batter": 0,
                "extras": 0,
                "total": 0
              }
            },
            {
              "batter": "BJ Dwarshuis",
              "bowler": "CH Morris",
              "non_striker": "J Avendano",
              "runs": {
                "batter": 1,
                "extras": 0,
                "total": 1
              }
            },
            {
              "batter": "J Avendano",
              "bowler": "CH Morris",
              "non_striker": "BJ Dwarshuis",
              "runs": {
                "batter": 0,
                "extras": 0,
                "total": 0
              }
            },
            {
              "batter": "J Avendano",
              "bowler": "CH Morris",
              "non_striker": "BJ Dwarshuis",
              "runs": {
                "batter": 4,
                "extras": 0,
                "total": 4
              }
            },
            {
              "batter": "J Avendano",
              "bowler": "CH Morris",
              "non_striker": "BJ Dwarshuis",
              "runs": {
                "batter": 1,
                "extras": 0,
                "total": 1
              }
            }
          ]
        },
        {
          "over": 11,
          "deliveries": [
            {
              "batter": "J Avendano",
              "bowler": "GS Sandhu",
              "non_striker": "BJ Dwarshuis",
              "runs": {
                "batter": 0,
                "extras": 0,
                "total": 0
              }
            },
            {
              "batter": "J Avendano",
              "bowler": "GS Sandhu",
              "non_striker": "BJ Dwarshuis",
              "runs": {
                "batter": 1,
                "extras": 0,
                "total": 1
              }
            },
            {
              "batter": "BJ Dwarshuis",
              "bowler": "GS Sandhu",
              "non_striker": "J Avendano",
              "runs": {
                "batter": 1,
                "extras": 0,
                "total": 1
              }
            },
            {
              "batter": "J Avendano",
              "bowler": "GS Sandhu",
              "non_striker": "BJ Dwarshuis",
              "runs": {
                "batter": 1,
                "extras": 0,
                "total": 1
              }
            },
            {
              "batter": "BJ Dwarshuis",
              "bowler": "GS Sandhu",
              "non_striker": "J Avendano",
              "runs": {
                "batter": 0,
                "extras": 0,
                "total": 0
              }
            },
            {
              "batter": "BJ Dwarshuis",
              "bowler": "GS Sandhu",
              "non_striker": "J Avendano",
              "runs": {
                "batter": 0,
                "extras": 0,
                "total": 0
              }
            }
          ]
        },
        {
          "over": 12,
          "deliveries": [
            {
              "batter": "J Avendano",
              "bowler": "B Doggett",
              "non_striker": "BJ Dwarshuis",
              "runs": {
                "batter": 0,
                "extras": 0,
                "total": 0
              }
            },
            {
              "batter": "J Avendano",
              "bowler": "B Doggett",
              "non_striker": "BJ Dwarshuis",
              "runs": {
                "batter": 1,
                "extras": 0,
                "total": 1
              }
            },
            {
              "batter": "BJ Dwarshuis",
              "bowler": "B Doggett",
              "extras": {
                "wides": 1
              },
              "non_striker": "J Avendano",
              "runs": {
                "batter": 0,
                "extras": 1,
                "total": 1
              }
            },
            {
              "batter": "BJ Dwarshuis",
              "bowler": "B Doggett",
              "non_striker": "J Avendano",
              "runs": {
                "batter": 0,
                "extras": 0,
                "total": 0
              }
            },
            {
              "batter": "BJ Dwarshuis",
              "bowler": "B Doggett",
              "non_striker": "J Avendano",
              "runs": {
                "batter": 4,
                "extras": 0,
                "total": 4
              }
            },
            {
              "batter": "BJ Dwarshuis",
              "bowler": "B Doggett",
              "non_striker": "J Avendano",
              "runs": {
                "batter": 0,
                "extras": 0,
                "total": 0
              }
            },
            {
              "batter": "BJ Dwarshuis",
              "bowler": "B Doggett",
              "non_striker": "J Avendano",
              "runs": {
                "batter": 0,
                "extras": 0,
                "total": 0
              }
            }
          ]
        },
        {
          "over": 13,
          "deliveries": [
            {
              "batter": "J Avendano",
              "bowler": "N McAndrew",
              "non_striker": "BJ Dwarshuis",
              "runs": {
                "batter": 1,
                "extras": 0,
                "total": 1
              }
            },
            {
              "batter": "BJ Dwarshuis",
              "bowler": "N McAndrew",
              "non_striker": "J Avendano",
              "runs": {
                "batter": 0,
                "extras": 0,
                "total": 0
              }
            },
            {
              "batter": "BJ Dwarshuis",
              "bowler": "N McAndrew",
              "extras": {
                "wides": 1
              },
              "non_striker": "J Avendano",
              "runs": {
                "batter": 0,
                "extras": 1,
                "total": 1
              }
            },
            {
              "batter": "BJ Dwarshuis",
              "bowler": "N McAndrew",
              "non_striker": "J Avendano",
              "runs": {
                "batter": 4,
                "extras": 0,
                "total": 4
              }
            },
            {
              "batter": "BJ Dwarshuis",
              "bowler": "N McAndrew",
              "non_striker": "J Avendano",
              "runs": {
                "batter": 1,
                "extras": 0,
                "total": 1
              }
            },
            {
              "batter": "J Avendano",
              "bowler": "N McAndrew",
              "non_striker": "BJ Dwarshuis",
              "runs": {
                "batter": 6,
                "extras": 0,
                "total": 6
              }
            },
            {
              "batter": "J Avendano",
              "bowler": "N McAndrew",
              "non_striker": "BJ Dwarshuis",
              "runs": {
                "batter": 0,
                "extras": 0,
                "total": 0
              }
            }
          ]
        },
        {
          "over": 14,
          "deliveries": [
            {
              "batter": "BJ Dwarshuis",
              "bowler": "DR Sams",
              "non_striker": "J Avendano",
              "runs": {
                "batter": 2,
                "extras": 0,
                "total": 2
              }
            },
            {
              "batter": "BJ Dwarshuis",
              "bowler": "DR Sams",
              "non_striker": "J Avendano",
              "runs": {
                "batter": 4,
                "extras": 0,
                "total": 4
              }
            },
            {
              "batter": "BJ Dwarshuis",
              "bowler": "DR Sams",
              "non_striker": "J Avendano",
              "runs": {
                "batter": 0,
                "extras": 0,
                "total": 0
              },
              "wickets": [
                {
                  "kind": "caught",
                  "player_out": "BJ Dwarshuis",
                  "fielders": [
                    {
                      "name": "AD Hales"
                    }
                  ]
                }
              ]
            },
            {
              "batter": "NM Lyon",
              "bowler": "DR Sams",
              "extras": {
                "legbyes": 1
              },
              "non_striker": "J Avendano",
              "runs": {
                "batter": 0,
                "extras": 1,
                "total": 1
              }
            },
            {
              "batter": "J Avendano",
              "bowler": "DR Sams",
              "non_striker": "NM Lyon",
              "runs": {
                "batter": 0,
                "extras": 0,
                "total": 0
              },
              "wickets": [
                {
                  "kind": "caught",
                  "player_out": "J Avendano",
                  "fielders": [
                    {
                      "name": "CJ Ferguson"
                    }
                  ]
                }
              ]
            },
            {
              "batter": "JM Bird",
              "bowler": "DR Sams",
              "non_striker": "NM Lyon",
              "runs": {
                "batter": 0,
                "extras": 0,
                "total": 0
              }
            }
          ]
        },
        {
          "over": 15,
          "deliveries": [
            {
              "batter": "NM Lyon",
              "bowler": "CH Morris",
              "non_striker": "JM Bird",
              "runs": {
                "batter": 1,
                "extras": 0,
                "total": 1
              }
            },
            {
              "batter": "JM Bird",
              "bowler": "CH Morris",
              "non_striker": "NM Lyon",
              "runs": {
                "batter": 0,
                "extras": 0,
                "total": 0
              },
              "wickets": [
                {
                  "kind": "caught",
                  "player_out": "JM Bird",
                  "fielders": [
                    {
                      "name": "N McAndrew"
                    }
                  ]
                }
              ]
            },
            {
              "batter": "NM Lyon",
              "bowler": "CH Morris",
              "non_striker": "SNJ O'Keefe",
              "runs": {
                "batter": 2,
                "extras": 0,
                "total": 2
              }
            },
            {
              "batter": "NM Lyon",
              "bowler": "CH Morris",
              "non_striker": "SNJ O'Keefe",
              "runs": {
                "batter": 0,
                "extras": 0,
                "total": 0
              }
            },
            {
              "batter": "NM Lyon",
              "bowler": "CH Morris",
              "non_striker": "SNJ O'Keefe",
              "runs": {
                "batter": 1,
                "extras": 0,
                "total": 1
              },
              "wickets": [
                {
                  "kind": "run out",
                  "player_out": "SNJ O'Keefe"
                }
              ]
            }
          ]
        }
      ],
      "powerplays": [
        {
          "from": 0.1,
          "to": 4.6,
          "type": "mandatory"
        }
      ]
    },
    {
      "team": "Sydney Thunder",
      "overs": [
        {
          "over": 0,
          "deliveries": [
            {
              "batter": "UT Khawaja",
              "bowler": "JM Bird",
              "non_striker": "AD Hales",
              "runs": {
                "batter": 0,
                "extras": 0,
                "total": 0
              }
            },
            {
              "batter": "UT Khawaja",
              "bowler": "JM Bird",
              "non_striker": "AD Hales",
              "runs": {
                "batter": 0,
                "extras": 0,
                "total": 0
              }
            },
            {
              "batter": "UT Khawaja",
              "bowler": "JM Bird",
              "non_striker": "AD Hales",
              "runs": {
                "batter": 1,
                "extras": 0,
                "total": 1
              }
            },
            {
              "batter": "AD Hales",
              "bowler": "JM Bird",
              "non_striker": "UT Khawaja",
              "runs": {
                "batter": 0,
                "extras": 0,
                "total": 0
              },
              "wickets": [
                {
                  "kind": "caught",
                  "player_out": "AD Hales",
                  "fielders": [
                    {
                      "name": "JC Silk"
                    }
                  ]
                }
              ]
            },
            {
              "batter": "CJ Ferguson",
              "bowler": "JM Bird",
              "non_striker": "UT Khawaja",
              "runs": {
                "batter": 0,
                "extras": 0,
                "total": 0
              }
            },
            {
              "batter": "CJ Ferguson",
              "bowler": "JM Bird",
              "non_striker": "UT Khawaja",
              "runs": {
                "batter": 0,
                "extras": 0,
                "total": 0
              }
            }
          ]
        },
        {
          "over": 1,
          "deliveries": [
            {
              "batter": "UT Khawaja",
              "bowler": "BJ Dwarshuis",
              "non_striker": "CJ Ferguson",
              "runs": {
                "batter": 4,
                "extras": 0,
                "total": 4
              }
            },
            {
              "batter": "UT Khawaja",
              "bowler": "BJ Dwarshuis",
              "extras": {
                "wides": 1
              },
              "non_striker": "CJ Ferguson",
              "runs": {
                "batter": 0,
                "extras": 1,
                "total": 1
              }
            },
            {
              "batter": "UT Khawaja",
              "bowler": "BJ Dwarshuis",
              "non_striker": "CJ Ferguson",
              "runs": {
                "batter": 0,
                "extras": 0,
                "total": 0
              }
            },
            {
              "batter": "UT Khawaja",
              "bowler": "BJ Dwarshuis",
              "non_striker": "CJ Ferguson",
              "runs": {
                "batter": 0,
                "extras": 0,
                "total": 0
              }
            },
            {
              "batter": "UT Khawaja",
              "bowler": "BJ Dwarshuis",
              "non_striker": "CJ Ferguson",
              "runs": {
                "batter": 4,
                "extras": 0,
                "total": 4
              }
            },
            {
              "batter": "UT Khawaja",
              "bowler": "BJ Dwarshuis",
              "non_striker": "CJ Ferguson",
              "runs": {
                "batter": 2,
                "extras": 0,
                "total": 2
              }
            },
            {
              "batter": "UT Khawaja",
              "bowler": "BJ Dwarshuis",
              "non_striker": "CJ Ferguson",
              "runs": {
                "batter": 2,
                "extras": 0,
                "total": 2
              }
            }
          ]
        },
        {
          "over": 2,
          "deliveries": [
            {
              "batter": "CJ Ferguson",
              "bowler": "JM Bird",
              "non_striker": "UT Khawaja",
              "runs": {
                "batter": 0,
                "extras": 0,
                "total": 0
              }
            },
            {
              "batter": "CJ Ferguson",
              "bowler": "JM Bird",
              "non_striker": "UT Khawaja",
              "runs": {
                "batter": 0,
                "extras": 0,
                "total": 0
              }
            },
            {
              "batter": "CJ Ferguson",
              "bowler": "JM Bird",
              "non_striker": "UT Khawaja",
              "runs": {
                "batter": 1,
                "extras": 0,
                "total": 1
              }
            },
            {
              "batter": "UT Khawaja",
              "bowler": "JM Bird",
              "non_striker": "CJ Ferguson",
              "runs": {
                "batter": 0,
                "extras": 0,
                "total": 0
              }
            },
            {
              "batter": "UT Khawaja",
              "bowler": "JM Bird",
              "non_striker": "CJ Ferguson",
              "runs": {
                "batter": 0,
                "extras": 0,
                "total": 0
              }
            },
            {
              "batter": "UT Khawaja",
              "bowler": "JM Bird",
              "non_striker": "CJ Ferguson",
              "runs": {
                "batter": 0,
                "extras": 0,
                "total": 0
              }
            }
          ]
        },
        {
          "over": 3,
          "deliveries": [
            {
              "batter": "CJ Ferguson",
              "bowler": "TK Curran",
              "extras": {
                "noballs": 1
              },
              "non_striker": "UT Khawaja",
              "runs": {
                "batter": 0,
                "extras": 1,
                "total": 1
              }
            },
            {
              "batter": "CJ Ferguson",
              "bowler": "TK Curran",
              "non_striker": "UT Khawaja",
              "runs": {
                "batter": 4,
                "extras": 0,
                "total": 4
              }
            },
            {
              "batter": "CJ Ferguson",
              "bowler": "TK Curran",
              "non_striker": "UT Khawaja",
              "runs": {
                "batter": 1,
                "extras": 0,
                "total": 1
              }
            },
            {
              "batter": "UT Khawaja",
              "bowler": "TK Curran",
              "non_striker": "CJ Ferguson",
              "runs": {
                "batter": 0,
                "extras": 0,
                "total": 0
              }
            },
            {
              "batter": "UT Khawaja",
              "bowler": "TK Curran",
              "non_striker": "CJ Ferguson",
              "runs": {
                "batter": 0,
                "extras": 0,
                "total": 0
              },
              "wickets": [
                {
                  "kind": "caught",
                  "player_out": "UT Khawaja",
                  "fielders": [
                    {
                      "name": "DP Hughes"
                    }
                  ]
                }
              ]
            },
            {
              "batter": "DR Sams",
              "bowler": "TK Curran",
              "non_striker": "CJ Ferguson",
              "runs": {
                "batter": 1,
                "extras": 0,
                "total": 1
              }
            },
            {
              "batter": "CJ Ferguson",
              "bowler": "TK Curran",
              "non_striker": "DR Sams",
              "runs": {
                "batter": 0,
                "extras": 0,
                "total": 0
              }
            }
          ]
        },
        {
          "over": 4,
          "deliveries": [
            {
              "batter": "DR Sams",
              "bowler": "JM Bird",
              "non_striker": "CJ Ferguson",
              "runs": {
                "batter": 0,
                "extras": 0,
                "total": 0
              }
            },
            {
              "batter": "DR Sams",
              "bowler": "JM Bird",
              "non_striker": "CJ Ferguson",
              "runs": {
                "batter": 0,
                "extras": 0,
                "total": 0
              }
            },
            {
              "batter": "DR Sams",
              "bowler": "JM Bird",
              "non_striker": "CJ Ferguson",
              "runs": {
                "batter": 1,
                "extras": 0,
                "total": 1
              }
            },
            {
              "batter": "CJ Ferguson",
              "bowler": "JM Bird",
              "non_striker": "DR Sams",
              "runs": {
                "batter": 1,
                "extras": 0,
                "total": 1
              }
            },
            {
              "batter": "DR Sams",
              "bowler": "JM Bird",
              "non_striker": "CJ Ferguson",
              "runs": {
                "batter": 0,
                "extras": 0,
                "total": 0
              }
            },
            {
              "batter": "DR Sams",
              "bowler": "JM Bird",
              "non_striker": "CJ Ferguson",
              "runs": {
                "batter": 1,
                "extras": 0,
                "total": 1
              }
            }
          ]
        },
        {
          "over": 5,
          "deliveries": [
            {
              "batter": "DR Sams",
              "bowler": "TK Curran",
              "non_striker": "CJ Ferguson",
              "runs": {
                "batter": 1,
                "extras": 0,
                "total": 1
              }
            },
            {
              "batter": "CJ Ferguson",
              "bowler": "TK Curran",
              "non_striker": "DR Sams",
              "runs": {
                "batter": 1,
                "extras": 0,
                "total": 1
              }
            },
            {
              "batter": "DR Sams",
              "bowler": "TK Curran",
              "non_striker": "CJ Ferguson",
              "runs": {
                "batter": 1,
                "extras": 0,
                "total": 1
              }
            }
          ]
        }
      ],
      "powerplays": [
        {
          "from": 0.1,
          "to": 4.6,
          "type": "mandatory"
        }
      ],
      "target": {
        "overs": 5.3,
        "runs": 25
      }
    }
  ]
}