{
  "meta": {
    "data_version": "1.0.0",
    "created": "2020-01-31",
    "revision": 2
  },
  "info": {
    "balls_per_over": 6,
    "city": "Perth",
    "dates": [
      "2020-01-20"
    ],
    "event": {
      "name": "Big Bash League",
      "match_number": 46
    },
    "gender": "male",
    "match_type": "T20",
    "officials": {
      "match_referees": [
        "SR Bernard"
      ],
      "reserve_umpires": [
        "T Steenholdt"
      ],
      "tv_umpires": [
        "NR Johnstone"
      ],
      "umpires": [
        "PJ Gillespie",
        "GC Joshua"
      ]
    },
    "outcome": {
      "winner": "Perth Scorchers",
      "by": {
        "wickets": 8
      }
    },
    "overs": 20,
    "player_of_match": [
      "LS Livingstone"
    ],
    "players": {
      "Sydney Thunder": [
        "UT Khawaja",
        "AD Hales",
        "CJ Ferguson",
        "AJ Nair",
        "DR Sams",
        "AI Ross",
        "CH Morris",
        "JS Lenton",
        "GS Sandhu",
        "B Doggett",
        "L Bowe"
      ],
      "Perth Scorchers": [
        "JP Inglis",
        "LS Livingstone",
        "KR Patterson",
        "MR Marsh",
        "CT Bancroft",
        "C Green",
        "TH David",
        "CJ Jordan",
        "JA Richardson",
        "M Kelly",
        "Fawad Ahmed"
      ]
    },
    "registry": {
      "people": {
        "AD Hales": "92aeac25",
        "AI Ross": "fb0d68b4",
        "AJ Nair": "4ba2c04d",
        "B Doggett": "898e628d",
        "C Green": "eaa76d3c",
        "CH Morris": "fb66ce1f",
        "CJ Ferguson": "9b4935c8",
        "CJ Jordan": "ffe699c0",
        "CT Bancroft": "399b0b94",
        "DR Sams": "caf69bf7",
        "Fawad Ahmed": "22ae3041",
        "GC Joshua": "4c47ebf2",
        "GS Sandhu": "1558d83b",
        "JA Richardson": "1ee08e9a",
        "JP Inglis": "989889ff",
        "JS Lenton": "8820c9ef",
        "KR Patterson": "e3bf8356",
        "L Bowe": "a5b71472",
        "LS Livingstone": "50c6bc2b",
        "M Kelly": "68e26ec9",
        "MR Marsh": "3d8feaf8",
        "NR Johnstone": "ce274b6a",
        "PJ Gillespie": "3e253a50",
        "SR Bernard": "800187dc",
        "T Steenholdt": "715959cd",
        "TH David": "f1f99156",
        "UT Khawaja": "331ea488"
      }
    },
    "season": "2019/20",
    "team_type": "club",
    "teams": [
      "Perth Scorchers",
      "Sydney Thunder"
    ],
    "toss": {
      "decision": "bat",
      "winner": "Sydney Thunder"
    },
    "venue": "Perth Stadium"
  },
  "innings": [
    {
      "team": "Sydney Thunder",
      "overs": [
        {
          "over": 0,
          "deliveries": [
            {
              "batter": "UT Khawaja",
              "bowler": "JA Richardson",
              "non_striker": "AD Hales",
              "runs": {
                "batter": 1,
                "extras": 0,
                "total": 1
              }
            },
            {
              "batter": "AD Hales",
              "bowler": "JA Richardson",
              "extras": {
                "legbyes": 1
              },
              "non_striker": "UT Khawaja",
              "runs": {
                "batter": 0,
                "extras": 1,
                "total": 1
              }
            },
            {
              "batter": "UT Khawaja",
              "bowler": "JA Richardson",
              "non_striker": "AD Hales",
              "runs": {
                "batter": 0,
                "extras": 0,
                "total": 0
              }
            },
            {
              "batter": "UT Khawaja",
              "bowler": "JA Richardson",
              "non_striker": "AD Hales",
              "runs": {
                "batter": 4,
                "extras": 0,
                "total": 4
              }
            },
            {
              "batter": "UT Khawaja",
              "bowler": "JA Richardson",
              "non_striker": "AD Hales",
              "runs": {
                "batter": 1,
                "extras": 0,
                "total": 1
              }
            },
            {
              "batter": "AD Hales",
              "bowler": "JA Richardson",
              "non_striker": "UT Khawaja",
              "runs": {
                "batter": 0,
                "extras": 0,
                "total": 0
              }
            }
          ]
        },
        {
          "over": 1,
          "deliveries": [
            {
              "batter": "UT Khawaja",
              "bowler": "M Kelly",
              "extras": {
                "wides": 1
              },
              "non_striker": "AD Hales",
              "runs": {
                "batter": 0,
                "extras": 1,
                "total": 1
              }
            },
            {
              "batter": "UT Khawaja",
              "bowler": "M Kelly",
              "non_striker": "AD Hales",
              "runs": {
                "batter": 0,
                "extras": 0,
                "total": 0
              }
            },
            {
              "batter": "UT Khawaja",
              "bowler": "M Kelly",
              "non_striker": "AD Hales",
              "runs": {
                "batter": 1,
                "extras": 0,
                "total": 1
              }
            },
            {
              "batter": "AD Hales",
              "bowler": "M Kelly",
              "non_striker": "UT Khawaja",
              "runs": {
                "batter": 4,
                "extras": 0,
                "total": 4
              }
            },
            {
              "batter": "AD Hales",
              "bowler": "M Kelly",
              "non_striker": "UT Khawaja",
              "runs": {
                "batter": 1,
                "extras": 0,
                "total": 1
              }
            },
            {
              "batter": "UT Khawaja",
              "bowler": "M Kelly",
              "non_striker": "AD Hales",
              "runs": {
                "batter": 1,
                "extras": 0,
                "total": 1
              }
            },
            {
              "batter": "AD Hales",
              "bowler": "M Kelly",
              "non_striker": "UT Khawaja",
              "runs": {
                "batter": 0,
                "extras": 0,
                "total": 0
              }
            }
          ]
        },
        {
          "over": 2,
          "deliveries": [
            {
              "batter": "UT Khawaja",
              "bowler": "JA Richardson",
              "non_striker": "AD Hales",
              "runs": {
                "batter": 0,
                "extras": 0,
                "total": 0
              }
            },
            {
              "batter": "UT Khawaja",
              "bowler": "JA Richardson",
              "non_striker": "AD Hales",
              "runs": {
                "batter": 0,
                "extras": 0,
                "total": 0
              }
            },
            {
              "batter": "UT Khawaja",
              "bowler": "JA Richardson",
              "non_striker": "AD Hales",
              "runs": {
                "batter": 2,
                "extras": 0,
                "total": 2
              }
            },
            {
              "batter": "UT Khawaja",
              "bowler": "JA Richardson",
              "non_striker": "AD Hales",
              "runs": {
                "batter": 1,
                "extras": 0,
                "total": 1
              }
            },
            {
              "batter": "AD Hales",
              "bowler": "JA Richardson",
              "non_striker": "UT Khawaja",
              "runs": {
                "batter": 0,
                "extras": 0,
                "total": 0
              }
            },
            {
              "batter": "AD Hales",
              "bowler": "JA Richardson",
              "non_striker": "UT Khawaja",
              "runs": {
                "batter": 0,
                "extras": 0,
                "total": 0
              }
            }
          ]
        },
        {
          "over": 3,
          "deliveries": [
            {
              "batter": "UT Khawaja",
              "bowler": "MR Marsh",
              "non_striker": "AD Hales",
              "runs": {
                "batter": 0,
                "extras": 0,
                "total": 0
              },
              "wickets": [
                {
                  "kind": "caught",
                  "player_out": "UT Khawaja",
                  "fielders": [
                    {
                      "name": "M Kelly"
                    }
                  ]
                }
              ]
            },
            {
              "batter": "CJ Ferguson",
              "bowler": "MR Marsh",
              "non_striker": "AD Hales",
              "runs": {
                "batter": 1,
                "extras": 0,
                "total": 1
              }
            },
            {
              "batter": "AD Hales",
              "bowler": "MR Marsh",
              "non_striker": "CJ Ferguson",
              "runs": {
                "batter": 4,
                "extras": 0,
                "total": 4
              }
            },
            {
              "batter": "AD Hales",
              "bowler": "MR Marsh",
              "non_striker": "CJ Ferguson",
              "runs": {
                "batter": 2,
                "extras": 0,
                "total": 2
              }
            },
            {
              "batter": "AD Hales",
              "bowler": "MR Marsh",
              "non_striker": "CJ Ferguson",
              "runs": {
                "batter": 0,
                "extras": 0,
                "total": 0
              }
            },
            {
              "batter": "AD Hales",
              "bowler": "MR Marsh",
              "non_striker": "CJ Ferguson",
              "runs": {
                "batter": 0,
                "extras": 0,
                "total": 0
              }
            }
          ]
        },
        {
          "over": 4,
          "deliveries": [
            {
              "batter": "CJ Ferguson",
              "bowler": "M Kelly",
              "extras": {
                "legbyes": 1
              },
              "non_striker": "AD Hales",
              "runs": {
                "batter": 0,
                "extras": 1,
                "total": 1
              }
            },
            {
              "batter": "AD Hales",
              "bowler": "M Kelly",
              "non_striker": "CJ Ferguson",
              "runs": {
                "batter": 1,
                "extras": 0,
                "total": 1
              }
            },
            {
              "batter": "CJ Ferguson",
              "bowler": "M Kelly",
              "non_striker": "AD Hales",
              "runs": {
                "batter": 0,
                "extras": 0,
                "total": 0
              }
            },
            {
              "batter": "CJ Ferguson",
              "bowler": "M Kelly",
              "non_striker": "AD Hales",
              "runs": {
                "batter": 0,
                "extras": 0,
                "total": 0
              }
            },
            {
              "batter": "CJ Ferguson",
              "bowler": "M Kelly",
              "non_striker": "AD Hales",
              "runs": {
                "batter": 1,
                "extras": 0,
                "total": 1
              }
            },
            {
              "batter": "AD Hales",
              "bowler": "M Kelly",
              "non_striker": "CJ Ferguson",
              "runs": {
                "batter": 0,
                "extras": 0,
                "total": 0
              }
            }
          ]
        },
        {
          "over": 5,
          "deliveries": [
            {
              "batter": "CJ Ferguson",
              "bowler": "CJ Jordan",
              "non_striker": "AD Hales",
              "runs": {
                "batter": 0,
                "extras": 0,
                "total": 0
              }
            },
            {
              "batter": "CJ Ferguson",
              "bowler": "CJ Jordan",
              "non_striker": "AD Hales",
              "runs": {
                "batter": 0,
                "extras": 0,
                "total": 0
              }
            },
            {
              "batter": "CJ Ferguson",
              "bowler": "CJ Jordan",
              "non_striker": "AD Hales",
              "runs": {
                "batter": 0,
                "extras": 0,
                "total": 0
              }
            },
            {
              "batter": "CJ Ferguson",
              "bowler": "CJ Jordan",
              "extras": {
                "wides": 1
              },
              "non_striker": "AD Hales",
              "runs": {
                "batter": 0,
                "extras": 1,
                "total": 1
              }
            },
            {
              "batter": "CJ Ferguson",
              "bowler": "CJ Jordan",
              "non_striker": "AD Hales",
              "runs": {
                "batter": 1,
                "extras": 0,
                "total": 1
              }
            },
            {
              "batter": "AD Hales",
              "bowler": "CJ Jordan",
              "non_striker": "CJ Ferguson",
              "runs": {
                "batter": 1,
                "extras": 0,
                "total": 1
              }
            },
            {
              "batter": "CJ Ferguson",
              "bowler": "CJ Jordan",
              "non_striker": "AD Hales",
              "runs": {
                "batter": 1,
                "extras": 0,
                "total": 1
              }
            }
          ]
        },
        {
          "over": 6,
          "deliveries": [
            {
              "batter": "CJ Ferguson",
              "bowler": "Fawad Ahmed",
              "non_striker": "AD Hales",
              "runs": {
                "batter": 0,
                "extras": 0,
                "total": 0
              },
              "wickets": [
                {
                  "kind": "caught",
                  "player_out": "CJ Ferguson",
                  "fielders": [
                    {
                      "name": "MR Marsh"
                    }
                  ]
                }
              ]
            },
            {
              "batter": "AJ Nair",
              "bowler": "Fawad Ahmed",
              "extras": {
                "wides": 5
              },
              "non_striker": "AD Hales",
              "runs": {
                "batter": 0,
                "extras": 5,
                "total": 5
              }
            },
            {
              "batter": "AJ Nair",
              "bowler": "Fawad Ahmed",
              "non_striker": "AD Hales",
              "runs": {
                "batter": 1,
                "extras": 0,
                "total": 1
              }
            },
            {
              "batter": "AD Hales",
              "bowler": "Fawad Ahmed",
              "non_striker": "AJ Nair",
              "runs": {
                "batter": 1,
                "extras": 0,
                "total": 1
              }
            },
            {
              "batter": "AJ Nair",
              "bowler": "Fawad Ahmed",
              "non_striker": "AD Hales",
              "runs": {
                "batter": 0,
                "extras": 0,
                "total": 0
              }
            },
            {
              "batter": "AJ Nair",
              "bowler": "Fawad Ahmed",
              "non_striker": "AD Hales",
              "runs": {
                "batter": 1,
                "extras": 0,
                "total": 1
              }
            },
            {
              "batter": "AD Hales",
              "bowler": "Fawad Ahmed",
              "non_striker": "AJ Nair",
              "runs": {
                "batter": 1,
                "extras": 0,
                "total": 1
              }
            }
          ]
        },
        {
          "over": 7,
          "deliveries": [
            {
              "batter": "AD Hales",
              "bowler": "MR Marsh",
              "non_striker": "AJ Nair",
              "runs": {
                "batter": 0,
                "extras": 0,
                "total": 0
              }
            },
            {
              "batter": "AD Hales",
              "bowler": "MR Marsh",
              "non_striker": "AJ Nair",
              "runs": {
                "batter": 0,
                "extras": 0,
                "total": 0
              }
            },
            {
              "batter": "AD Hales",
              "bowler": "MR Marsh",
              "non_striker": "AJ Nair",
              "runs": {
                "batter": 4,
                "extras": 0,
                "total": 4
              }
            },
            {
              "batter": "AD Hales",
              "bowler": "MR Marsh",
              "non_striker": "AJ Nair",
              "runs": {
                "batter": 4,
                "extras": 0,
                "total": 4
              }
            },
            {
              "batter": "AD Hales",
              "bowler": "MR Marsh",
              "non_striker": "AJ Nair",
              "runs": {
                "batter": 1,
                "extras": 0,
                "total": 1
              }
            },
            {
              "batter": "AJ Nair",
              "bowler": "MR Marsh",
              "non_striker": "AD Hales",
              "runs": {
                "batter": 3,
                "extras": 0,
                "total": 3
              }
            }
          ]
        },
        {
          "over": 8,
          "deliveries": [
            {
              "batter": "AJ Nair",
              "bowler": "Fawad Ahmed",
              "non_striker": "AD Hales",
              "runs": {
                "batter": 1,
                "extras": 0,
                "total": 1
              }
            },
            {
              "batter": "AD Hales",
              "bowler": "Fawad Ahmed",
              "non_striker": "AJ Nair",
              "runs": {
                "batter": 0,
                "extras": 0,
                "total": 0
              }
            },
            {
              "batter": "AD Hales",
              "bowler": "Fawad Ahmed",
              "non_striker": "AJ Nair",
              "runs": {
                "batter": 1,
                "extras": 0,
                "total": 1
              }
            },
            {
              "batter": "AJ Nair",
              "bowler": "Fawad Ahmed",
              "non_striker": "AD Hales",
              "runs": {
                "batter": 1,
                "extras": 0,
                "total": 1
              }
            },
            {
              "batter": "AD Hales",
              "bowler": "Fawad Ahmed",
              "non_striker": "AJ Nair",
              "runs": {
                "batter": 1,
                "extras": 0,
                "total": 1
              }
            },
            {
              "batter": "AJ Nair",
              "bowler": "Fawad Ahmed",
              "non_striker": "AD Hales",
              "runs": {
                "batter": 1,
                "extras": 0,
                "total": 1
              }
            }
          ]
        },
        {
          "over": 9,
          "deliveries": [
            {
              "batter": "AJ Nair",
              "bowler": "LS Livingstone",
              "non_striker": "AD Hales",
              "runs": {
                "batter": 1,
                "extras": 0,
                "total": 1
              }
            },
            {
              "batter": "AD Hales",
              "bowler": "LS Livingstone",
              "non_striker": "AJ Nair",
              "runs": {
                "batter": 1,
                "extras": 0,
                "total": 1
              }
            },
            {
              "batter": "AJ Nair",
              "bowler": "LS Livingstone",
              "non_striker": "AD Hales",
              "runs": {
                "batter": 1,
                "extras": 0,
                "total": 1
              }
            },
            {
              "batter": "AD Hales",
              "bowler": "LS Livingstone",
              "non_striker": "AJ Nair",
              "runs": {
                "batter": 4,
                "extras": 0,
                "total": 4
              }
            },
            {
              "batter": "AD Hales",
              "bowler": "LS Livingstone",
              "non_striker": "AJ Nair",
              "runs": {
                "batter": 6,
                "extras": 0,
                "total": 6
              }
            },
            {
              "batter": "AD Hales",
              "bowler": "LS Livingstone",
              "non_striker": "AJ Nair",
              "runs": {
                "batter": 1,
                "extras": 0,
                "total": 1
              }
            }
          ]
        },
        {
          "over": 10,
          "deliveries": [
            {
              "batter": "AD Hales",
              "bowler": "Fawad Ahmed",
              "non_striker": "AJ Nair",
              "runs": {
                "batter": 2,
                "extras": 0,
                "total": 2
              }
            },
            {
              "batter": "AD Hales",
              "bowler": "Fawad Ahmed",
              "non_striker": "AJ Nair",
              "runs": {
                "batter": 1,
                "extras": 0,
                "total": 1
              }
            },
            {
              "batter": "AJ Nair",
              "bowler": "Fawad Ahmed",
              "non_striker": "AD Hales",
              "runs": {
                "batter": 1,
                "extras": 0,
                "total": 1
              }
            },
            {
              "batter": "AD Hales",
              "bowler": "Fawad Ahmed",
              "non_striker": "AJ Nair",
              "runs": {
                "batter": 0,
                "extras": 0,
                "total": 0
              }
            },
            {
              "batter": "AD Hales",
              "bowler": "Fawad Ahmed",
              "non_striker": "AJ Nair",
              "runs": {
                "batter": 0,
                "extras": 0,
                "total": 0
              }
            },
            {
              "batter": "AD Hales",
              "bowler": "Fawad Ahmed",
              "non_striker": "AJ Nair",
              "runs": {
                "batter": 4,
                "extras": 0,
                "total": 4
              }
            }
          ]
        },
        {
          "over": 11,
          "deliveries": [
            {
              "batter": "AJ Nair",
              "bowler": "CJ Jordan",
              "non_striker": "AD Hales",
              "runs": {
                "batter": 0,
                "extras": 0,
                "total": 0
              },
              "wickets": [
                {
                  "kind": "caught",
                  "player_out": "AJ Nair",
                  "fielders": [
                    {
                      "name": "JP Inglis"
                    }
                  ]
                }
              ]
            },
            {
              "batter": "DR Sams",
              "bowler": "CJ Jordan",
              "non_striker": "AD Hales",
              "runs": {
                "batter": 1,
                "extras": 0,
                "total": 1
              }
            },
            {
              "batter": "AD Hales",
              "bowler": "CJ Jordan",
              "non_striker": "DR Sams",
              "runs": {
                "batter": 1,
                "extras": 0,
                "total": 1
              }
            },
            {
              "batter": "DR Sams",
              "bowler": "CJ Jordan",
              "non_striker": "AD Hales",
              "runs": {
                "batter": 0,
                "extras": 0,
                "total": 0
              },
              "wickets": [
                {
                  "kind": "caught",
                  "player_out": "DR Sams",
                  "fielders": [
                    {
                      "name": "JP Inglis"
                    }
                  ]
                }
              ]
            },
            {
              "batter": "AI Ross",
              "bowler": "CJ Jordan",
              "non_striker": "AD Hales",
              "runs": {
                "batter": 1,
                "extras": 0,
                "total": 1
              }
            },
            {
              "batter": "AD Hales",
              "bowler": "CJ Jordan",
              "non_striker": "AI Ross",
              "runs": {
                "batter": 1,
                "extras": 0,
                "total": 1
              }
            }
          ]
        },
        {
          "over": 12,
          "deliveries": [
            {
              "batter": "AD Hales",
              "bowler": "Fawad Ahmed",
              "non_striker": "AI Ross",
              "runs": {
                "batter": 1,
                "extras": 0,
                "total": 1
              }
            },
            {
              "batter": "AI Ross",
              "bowler": "Fawad Ahmed",
              "non_striker": "AD Hales",
              "runs": {
                "batter": 1,
                "extras": 0,
                "total": 1
              }
            },
            {
              "batter": "AD Hales",
              "bowler": "Fawad Ahmed",
              "non_striker": "AI Ross",
              "runs": {
                "batter": 0,
                "extras": 0,
                "total": 0
              }
            },
            {
              "batter": "AD Hales",
              "bowler": "Fawad Ahmed",
              "non_striker": "AI Ross",
              "runs": {
                "batter": 0,
                "extras": 0,
                "total": 0
              }
            },
            {
              "batter": "AD Hales",
              "bowler": "Fawad Ahmed",
              "non_striker": "AI Ross",
              "runs": {
                "batter": 1,
                "extras": 0,
                "total": 1
              }
            },
            {
              "batter": "AI Ross",
              "bowler": "Fawad Ahmed",
              "non_striker": "AD Hales",
              "runs": {
                "batter": 2,
                "extras": 0,
                "total": 2
              }
            }
          ]
        },
        {
          "over": 13,
          "deliveries": [
            {
              "batter": "AD Hales",
              "bowler": "JA Richardson",
              "non_striker": "AI Ross",
              "runs": {
                "batter": 1,
                "extras": 0,
                "total": 1
              }
            },
            {
              "batter": "AI Ross",
              "bowler": "JA Richardson",
              "non_striker": "AD Hales",
              "runs": {
                "batter": 0,
                "extras": 0,
                "total": 0
              }
            },
            {
              "batter": "AI Ross",
              "bowler": "JA Richardson",
              "non_striker": "AD Hales",
              "runs": {
                "batter": 2,
                "extras": 0,
                "total": 2
              }
            },
            {
              "batter": "AI Ross",
              "bowler": "JA Richardson",
              "non_striker": "AD Hales",
              "runs": {
                "batter": 0,
                "extras": 0,
                "total": 0
              }
            },
            {
              "batter": "AI Ross",
              "bowler": "JA Richardson",
              "non_striker": "AD Hales",
              "runs": {
                "batter": 0,
                "extras": 0,
                "total": 0
              }
            },
            {
              "batter": "AI Ross",
              "bowler": "JA Richardson",
              "non_striker": "AD Hales",
              "runs": {
                "batter": 0,
                "extras": 0,
                "total": 0
              }
            }
          ]
        },
        {
          "over": 14,
          "deliveries": [
            {
              "batter": "AD Hales",
              "bowler": "M Kelly",
              "non_striker": "AI Ross",
              "runs": {
                "batter": 4,
                "extras": 0,
                "total": 4
              }
            },
            {
              "batter": "AD Hales",
              "bowler": "M Kelly",
              "non_striker": "AI Ross",
              "runs": {
                "batter": 1,
                "extras": 0,
                "total": 1
              }
            },
            {
              "batter": "AI Ross",
              "bowler": "M Kelly",
              "non_striker": "AD Hales",
              "runs": {
                "batter": 0,
                "extras": 0,
                "total": 0
              }
            },
            {
              "batter": "AI Ross",
              "bowler": "M Kelly",
              "non_striker": "AD Hales",
              "runs": {
                "batter": 0,
                "extras": 0,
                "total": 0
              }
            },
            {
              "batter": "AI Ross",
              "bowler": "M Kelly",
              "extras": {
                "legbyes": 1
              },
              "non_striker": "AD Hales",
              "runs": {
                "batter": 0,
                "extras": 1,
                "total": 1
              }
            },
            {
              "batter": "AD Hales",
              "bowler": "M Kelly",
              "non_striker": "AI Ross",
              "runs": {
                "batter": 0,
                "extras": 0,
                "total": 0
              }
            }
          ]
        },
        {
          "over": 15,
          "deliveries": [
            {
              "batter": "AI Ross",
              "bowler": "MR Marsh",
              "non_striker": "AD Hales",
              "runs": {
                "batter": 1,
                "extras": 0,
                "total": 1
              }
            },
            {
              "batter": "AD Hales",
              "bowler": "MR Marsh",
              "non_striker": "AI Ross",
              "runs": {
                "batter": 1,
                "extras": 0,
                "total": 1
              }
            },
            {
              "batter": "AI Ross",
              "bowler": "MR Marsh",
              "non_striker": "AD Hales",
              "runs": {
                "batter": 1,
                "extras": 0,
                "total": 1
              }
            },
            {
              "batter": "AD Hales",
              "bowler": "MR Marsh",
              "extras": {
                "noballs": 1
              },
              "non_striker": "AI Ross",
              "runs": {
                "batter": 1,
                "extras": 1,
                "total": 2
              }
            },
            {
              "batter": "AI Ross",
              "bowler": "MR Marsh",
              "non_striker": "AD Hales",
              "runs": {
                "batter": 0,
                "extras": 0,
                "total": 0
              }
            },
            {
              "batter": "AI Ross",
              "bowler": "MR Marsh",
              "non_striker": "AD Hales",
              "runs": {
                "batter": 1,
                "extras": 0,
                "total": 1
              }
            },
            {
              "batter": "AD Hales",
              "bowler": "MR Marsh",
              "non_striker": "AI Ross",
              "runs": {
                "batter": 6,
                "extras": 0,
                "total": 6
              }
            }
          ]
        },
        {
          "over": 16,
          "deliveries": [
            {
              "batter": "AI Ross",
              "bowler": "CJ Jordan",
              "non_striker": "AD Hales",
              "runs": {
                "batter": 1,
                "extras": 0,
                "total": 1
              }
            },
            {
              "batter": "AD Hales",
              "bowler": "CJ Jordan",
              "non_striker": "AI Ross",
              "runs": {
                "batter": 6,
                "extras": 0,
                "total": 6
              }
            },
            {
              "batter": "AD Hales",
              "bowler": "CJ Jordan",
              "non_striker": "AI Ross",
              "runs": {
                "batter": 0,
                "extras": 0,
                "total": 0
              }
            },
            {
              "batter": "AD Hales",
              "bowler": "CJ Jordan",
              "non_striker": "AI Ross",
              "runs": {
                "batter": 0,
                "extras": 0,
                "total": 0
              }
            },
            {
              "batter": "AD Hales",
              "bowler": "CJ Jordan",
              "non_striker": "AI Ross",
              "runs": {
                "batter": 0,
                "extras": 0,
                "total": 0
              }
            },
            {
              "batter": "AD Hales",
              "bowler": "CJ Jordan",
              "extras": {
                "wides": 1
              },
              "non_striker": "AI Ross",
              "runs": {
                "batter": 0,
                "extras": 1,
                "total": 1
              }
            },
            {
              "batter": "AD Hales",
              "bowler": "CJ Jordan",
              "non_striker": "AI Ross",
              "runs": {
                "batter": 4,
                "extras": 0,
                "total": 4
              }
            }
          ]
        },
        {
          "over": 17,
          "deliveries": [
            {
              "batter": "AI Ross",
              "bowler": "M Kelly",
              "non_striker": "AD Hales",
              "runs": {
                "batter": 0,
                "extras": 0,
                "total": 0
              }
            },
            {
              "batter": "AI Ross",
              "bowler": "M Kelly",
              "extras": {
                "wides": 1
              },
              "non_striker": "AD Hales",
              "runs": {
                "batter": 0,
                "extras": 1,
                "total": 1
              }
            },
            {
              "batter": "AI Ross",
              "bowler": "M Kelly",
              "non_striker": "AD Hales",
              "runs": {
                "batter": 4,
                "extras": 0,
                "total": 4
              }
            },
            {
              "batter": "AI Ross",
              "bowler": "M Kelly",
              "non_striker": "AD Hales",
              "runs": {
                "batter": 4,
                "extras": 0,
                "total": 4
              }
            },
            {
              "batter": "AI Ross",
              "bowler": "M Kelly",
              "non_striker": "AD Hales",
              "runs": {
                "batter": 1,
                "extras": 0,
                "total": 1
              }
            },
            {
              "batter": "AD Hales",
              "bowler": "M Kelly",
              "non_striker": "AI Ross",
              "runs": {
                "batter": 1,
                "extras": 0,
                "total": 1
              }
            },
            {
              "batter": "AI Ross",
              "bowler": "M Kelly",
              "non_striker": "AD Hales",
              "runs": {
                "batter": 0,
                "extras": 0,
                "total": 0
              }
            }
          ]
        },
        {
          "over": 18,
          "deliveries": [
            {
              "batter": "AD Hales",
              "bowler": "JA Richardson",
              "non_striker": "AI Ross",
              "runs": {
                "batter": 2,
                "extras": 0,
                "total": 2
              }
            },
            {
              "batter": "AD Hales",
              "bowler": "JA Richardson",
              "non_striker": "AI Ross",
              "runs": {
                "batter": 4,
                "extras": 0,
                "total": 4
              }
            },
            {
              "batter": "AD Hales",
              "bowler": "JA Richardson",
              "non_striker": "AI Ross",
              "runs": {
                "batter": 0,
                "extras": 0,
                "total": 0
              }
            },
            {
              "batter": "AD Hales",
              "bowler": "JA Richardson",
              "non_striker": "AI Ross",
              "runs": {
                "batter": 4,
                "extras": 0,
                "total": 4
              }
            },
            {
              "batter": "AD Hales",
              "bowler": "JA Richardson",
              "non_striker": "AI Ross",
              "runs": {
                "batter": 1,
                "extras": 0,
                "total": 1
              }
            },
            {
              "batter": "AI Ross",
              "bowler": "JA Richardson",
              "non_striker": "AD Hales",
              "runs": {
                "batter": 1,
                "extras": 0,
                "total": 1
              }
            }
          ]
        },
        {
          "over": 19,
          "deliveries": [
            {
              "batter": "AI Ross",
              "bowler": "CJ Jordan",
              "non_striker": "AD Hales",
              "runs": {
                "batter": 1,
                "extras": 0,
                "total": 1
              }
            },
            {
              "batter": "AD Hales",
              "bowler": "CJ Jordan",
              "non_striker": "AI Ross",
              "runs": {
                "batter": 0,
                "extras": 0,
                "total": 0
              }
            },
            {
              "batter": "AD Hales",
              "bowler": "CJ Jordan",
              "non_striker": "AI Ross",
              "runs": {
                "batter": 0,
                "extras": 0,
                "total": 0
              },
              "wickets": [
                {
                  "kind": "caught",
                  "player_out": "AD Hales",
                  "fielders": [
                    {
                      "name": "KR Patterson"
                    }
                  ]
                }
              ]
            },
            {
              "batter": "AI Ross",
              "bowler": "CJ Jordan",
              "non_striker": "CH Morris",
              "runs": {
                "batter": 1,
                "extras": 0,
                "total": 1
              }
            },
            {
              "batter": "CH Morris",
              "bowler": "CJ Jordan",
              "non_striker": "AI Ross",
              "runs": {
                "batter": 4,
                "extras": 0,
                "total": 4
              }
            },
            {
              "batter": "CH Morris",
              "bowler": "CJ Jordan",
              "non_striker": "AI Ross",
              "runs": {
                "batter": 2,
                "extras": 0,
                "total": 2
              }
            }
          ]
        }
      ],
      "powerplays": [
        {
          "from": 0.1,
          "to": 5.7,
          "type": "mandatory"
        }
      ]
    },
    {
      "team": "Perth Scorchers",
      "overs": [
        {
          "over": 0,
          "deliveries": [
            {
              "batter": "JP Inglis",
              "bowler": "DR Sams",
              "non_striker": "LS Livingstone",
              "runs": {
                "batter": 4,
                "extras": 0,
                "total": 4
              }
            },
            {
              "batter": "JP Inglis",
              "bowler": "DR Sams",
              "extras": {
                "wides": 1
              },
              "non_striker": "LS Livingstone",
              "runs": {
                "batter": 0,
                "extras": 1,
                "total": 1
              }
            },
            {
              "batter": "JP Inglis",
              "bowler": "DR Sams",
              "non_striker": "LS Livingstone",
              "runs": {
                "batter": 4,
                "extras": 0,
                "total": 4
              }
            },
            {
              "batter": "JP Inglis",
              "bowler": "DR Sams",
              "non_striker": "LS Livingstone",
              "runs": {
                "batter": 4,
                "extras": 0,
                "total": 4
              }
            },
            {
              "batter": "JP Inglis",
              "bowler": "DR Sams",
              "non_striker": "LS Livingstone",
              "runs": {
                "batter": 0,
                "extras": 0,
                "total": 0
              }
            },
            {
              "batter": "JP Inglis",
              "bowler": "DR Sams",
              "non_striker": "LS Livingstone",
              "runs": {
                "batter": 4,
                "extras": 0,
                "total": 4
              }
            },
            {
              "batter": "JP Inglis",
              "bowler": "DR Sams",
              "non_striker": "LS Livingstone",
              "runs": {
                "batter": 0,
                "extras": 0,
                "total": 0
              }
            }
          ]
        },
        {
          "over": 1,
          "deliveries": [
            {
              "batter": "LS Livingstone",
              "bowler": "GS Sandhu",
              "non_striker": "JP Inglis",
              "runs": {
                "batter": 1,
                "extras": 0,
                "total": 1
              }
            },
            {
              "batter": "JP Inglis",
              "bowler": "GS Sandhu",
              "non_striker": "LS Livingstone",
              "runs": {
                "batter": 2,
                "extras": 0,
                "total": 2
              }
            },
            {
              "batter": "JP Inglis",
              "bowler": "GS Sandhu",
              "non_striker": "LS Livingstone",
              "runs": {
                "batter": 0,
                "extras": 0,
                "total": 0
              }
            },
            {
              "batter": "JP Inglis",
              "bowler": "GS Sandhu",
              "non_striker": "LS Livingstone",
              "runs": {
                "batter": 1,
                "extras": 0,
                "total": 1
              }
            },
            {
              "batter": "LS Livingstone",
              "bowler": "GS Sandhu",
              "non_striker": "JP Inglis",
              "runs": {
                "batter": 1,
                "extras": 0,
                "total": 1
              }
            },
            {
              "batter": "JP Inglis",
              "bowler": "GS Sandhu",
              "non_striker": "LS Livingstone",
              "runs": {
                "batter": 0,
                "extras": 0,
                "total": 0
              }
            }
          ]
        },
        {
          "over": 2,
          "deliveries": [
            {
              "batter": "LS Livingstone",
              "bowler": "CH Morris",
              "non_striker": "JP Inglis",
              "runs": {
                "batter": 4,
                "extras": 0,
                "total": 4
              }
            },
            {
              "batter": "LS Livingstone",
              "bowler": "CH Morris",
              "non_striker": "JP Inglis",
              "runs": {
                "batter": 0,
                "extras": 0,
                "total": 0
              }
            },
            {
              "batter": "LS Livingstone",
              "bowler": "CH Morris",
              "non_striker": "JP Inglis",
              "runs": {
                "batter": 4,
                "extras": 0,
                "total": 4
              }
            },
            {
              "batter": "LS Livingstone",
              "bowler": "CH Morris",
              "non_striker": "JP Inglis",
              "runs": {
                "batter": 0,
                "extras": 0,
                "total": 0
              }
            },
            {
              "batter": "LS Livingstone",
              "bowler": "CH Morris",
              "non_striker": "JP Inglis",
              "runs": {
                "batter": 4,
                "extras": 0,
                "total": 4
              }
            },
            {
              "batter": "LS Livingstone",
              "bowler": "CH Morris",
              "non_striker": "JP Inglis",
              "runs": {
                "batter": 4,
                "extras": 0,
                "total": 4
              }
            }
          ]
        },
        {
          "over": 3,
          "deliveries": [
            {
              "batter": "JP Inglis",
              "bowler": "B Doggett",
              "non_striker": "LS Livingstone",
              "runs": {
                "batter": 6,
                "extras": 0,
                "total": 6
              }
            },
            {
              "batter": "JP Inglis",
              "bowler": "B Doggett",
              "non_striker": "LS Livingstone",
              "runs": {
                "batter": 4,
                "extras": 0,
                "total": 4
              }
            },
            {
              "batter": "JP Inglis",
              "bowler": "B Doggett",
              "extras": {
                "wides": 1
              },
              "non_striker": "LS Livingstone",
              "runs": {
                "batter": 0,
                "extras": 1,
                "total": 1
              }
            },
            {
              "batter": "JP Inglis",
              "bowler": "B Doggett",
              "non_striker": "LS Livingstone",
              "runs": {
                "batter": 0,
                "extras": 0,
                "total": 0
              }
            },
            {
              "batter": "JP Inglis",
              "bowler": "B Doggett",
              "non_striker": "LS Livingstone",
              "runs": {
                "batter": 0,
                "extras": 0,
                "total": 0
              }
            },
            {
              "batter": "JP Inglis",
              "bowler": "B Doggett",
              "non_striker": "LS Livingstone",
              "runs": {
                "batter": 1,
                "extras": 0,
                "total": 1
              }
            },
            {
              "batter": "LS Livingstone",
              "bowler": "B Doggett",
              "non_striker": "JP Inglis",
              "runs": {
                "batter": 0,
                "extras": 0,
                "total": 0
              }
            }
          ]
        },
        {
          "over": 4,
          "deliveries": [
            {
              "batter": "JP Inglis",
              "bowler": "GS Sandhu",
              "non_striker": "LS Livingstone",
              "runs": {
                "batter": 1,
                "extras": 0,
                "total": 1
              }
            },
            {
              "batter": "LS Livingstone",
              "bowler": "GS Sandhu",
              "non_striker": "JP Inglis",
              "runs": {
                "batter": 2,
                "extras": 0,
                "total": 2
              }
            },
            {
              "batter": "LS Livingstone",
              "bowler": "GS Sandhu",
              "extras": {
                "wides": 1
              },
              "non_striker": "JP Inglis",
              "runs": {
                "batter": 0,
                "extras": 1,
                "total": 1
              }
            },
            {
              "batter": "LS Livingstone",
              "bowler": "GS Sandhu",
              "non_striker": "JP Inglis",
              "runs": {
                "batter": 1,
                "extras": 0,
                "total": 1
              }
            },
            {
              "batter": "JP Inglis",
              "bowler": "GS Sandhu",
              "extras": {
                "noballs": 1
              },
              "non_striker": "LS Livingstone",
              "runs": {
                "batter": 0,
                "extras": 1,
                "total": 1
              }
            },
            {
              "batter": "JP Inglis",
              "bowler": "GS Sandhu",
              "non_striker": "LS Livingstone",
              "runs": {
                "batter": 6,
                "extras": 0,
                "total": 6
              }
            },
            {
              "batter": "JP Inglis",
              "bowler": "GS Sandhu",
              "non_striker": "LS Livingstone",
              "runs": {
                "batter": 1,
                "extras": 0,
                "total": 1
              }
            },
            {
              "batter": "LS Livingstone",
              "bowler": "GS Sandhu",
              "non_striker": "JP Inglis",
              "runs": {
                "batter": 1,
                "extras": 0,
                "total": 1
              }
            }
          ]
        },
        {
          "over": 5,
          "deliveries": [
            {
              "batter": "LS Livingstone",
              "bowler": "L Bowe",
              "non_striker": "JP Inglis",
              "runs": {
                "batter": 1,
                "extras": 0,
                "total": 1
              }
            },
            {
              "batter": "JP Inglis",
              "bowler": "L Bowe",
              "non_striker": "LS Livingstone",
              "runs": {
                "batter": 1,
                "extras": 0,
                "total": 1
              }
            },
            {
              "batter": "LS Livingstone",
              "bowler": "L Bowe",
              "non_striker": "JP Inglis",
              "runs": {
                "batter": 6,
                "extras": 0,
                "total": 6
              }
            },
            {
              "batter": "LS Livingstone",
              "bowler": "L Bowe",
              "non_striker": "JP Inglis",
              "runs": {
                "batter": 0,
                "extras": 0,
                "total": 0
              }
            },
            {
              "batter": "LS Livingstone",
              "bowler": "L Bowe",
              "non_striker": "JP Inglis",
              "runs": {
                "batter": 1,
                "extras": 0,
                "total": 1
              }
            },
            {
              "batter": "JP Inglis",
              "bowler": "L Bowe",
              "non_striker": "LS Livingstone",
              "runs": {
                "batter": 2,
                "extras": 0,
                "total": 2
              }
            }
          ]
        },
        {
          "over": 6,
          "deliveries": [
            {
              "batter": "LS Livingstone",
              "bowler": "AJ Nair",
              "non_striker": "JP Inglis",
              "runs": {
                "batter": 1,
                "extras": 0,
                "total": 1
              }
            },
            {
              "batter": "JP Inglis",
              "bowler": "AJ Nair",
              "non_striker": "LS Livingstone",
              "runs": {
                "batter": 1,
                "extras": 0,
                "total": 1
              }
            },
            {
              "batter": "LS Livingstone",
              "bowler": "AJ Nair",
              "non_striker": "JP Inglis",
              "runs": {
                "batter": 1,
                "extras": 0,
                "total": 1
              }
            },
            {
              "batter": "JP Inglis",
              "bowler": "AJ Nair",
              "non_striker": "LS Livingstone",
              "runs": {
                "batter": 1,
                "extras": 0,
                "total": 1
              }
            },
            {
              "batter": "LS Livingstone",
              "bowler": "AJ Nair",
              "non_striker": "JP Inglis",
              "runs": {
                "batter": 2,
                "extras": 0,
                "total": 2
              }
            },
            {
              "batter": "LS Livingstone",
              "bowler": "AJ Nair",
              "non_striker": "JP Inglis",
              "runs": {
                "batter": 1,
                "extras": 0,
                "total": 1
              }
            }
          ]
        },
        {
          "over": 7,
          "deliveries": [
            {
              "batter": "LS Livingstone",
              "bowler": "DR Sams",
              "non_striker": "JP Inglis",
              "runs": {
                "batter": 1,
                "extras": 0,
                "total": 1
              }
            },
            {
              "batter": "JP Inglis",
              "bowler": "DR Sams",
              "non_striker": "LS Livingstone",
              "runs": {
                "batter": 2,
                "extras": 0,
                "total": 2
              }
            },
            {
              "batter": "JP Inglis",
              "bowler": "DR Sams",
              "non_striker": "LS Livingstone",
              "runs": {
                "batter": 1,
                "extras": 0,
                "total": 1
              }
            },
            {
              "batter": "LS Livingstone",
              "bowler": "DR Sams",
              "non_striker": "JP Inglis",
              "runs": {
                "batter": 0,
                "extras": 0,
                "total": 0
              }
            },
            {
              "batter": "LS Livingstone",
              "bowler": "DR Sams",
              "non_striker": "JP Inglis",
              "runs": {
                "batter": 0,
                "extras": 0,
                "total": 0
              }
            },
            {
              "batter": "LS Livingstone",
              "bowler": "DR Sams",
              "non_striker": "JP Inglis",
              "runs": {
                "batter": 1,
                "extras": 0,
                "total": 1
              }
            }
          ]
        },
        {
          "over": 8,
          "deliveries": [
            {
              "batter": "LS Livingstone",
              "bowler": "L Bowe",
              "non_striker": "JP Inglis",
              "runs": {
                "batter": 1,
                "extras": 0,
                "total": 1
              }
            },
            {
              "batter": "JP Inglis",
              "bowler": "L Bowe",
              "non_striker": "LS Livingstone",
              "runs": {
                "batter": 0,
                "extras": 0,
                "total": 0
              }
            },
            {
              "batter": "JP Inglis",
              "bowler": "L Bowe",
              "non_striker": "LS Livingstone",
              "runs": {
                "batter": 1,
                "extras": 0,
                "total": 1
              }
            },
            {
              "batter": "LS Livingstone",
              "bowler": "L Bowe",
              "non_striker": "JP Inglis",
              "runs": {
                "batter": 6,
                "extras": 0,
                "total": 6
              }
            },
            {
              "batter": "LS Livingstone",
              "bowler": "L Bowe",
              "non_striker": "JP Inglis",
              "runs": {
                "batter": 0,
                "extras": 0,
                "total": 0
              }
            },
            {
              "batter": "LS Livingstone",
              "bowler": "L Bowe",
              "non_striker": "JP Inglis",
              "runs": {
                "batter": 6,
                "extras": 0,
                "total": 6
              }
            }
          ]
        },
        {
          "over": 9,
          "deliveries": [
            {
              "batter": "JP Inglis",
              "bowler": "CH Morris",
              "non_striker": "LS Livingstone",
              "runs": {
                "batter": 1,
                "extras": 0,
                "total": 1
              }
            },
            {
              "batter": "LS Livingstone",
              "bowler": "CH Morris",
              "non_striker": "JP Inglis",
              "runs": {
                "batter": 1,
                "extras": 0,
                "total": 1
              }
            },
            {
              "batter": "JP Inglis",
              "bowler": "CH Morris",
              "non_striker": "LS Livingstone",
              "runs": {
                "batter": 0,
                "extras": 0,
                "total": 0
              }
            },
            {
              "batter": "JP Inglis",
              "bowler": "CH Morris",
              "non_striker": "LS Livingstone",
              "runs": {
                "batter": 1,
                "extras": 0,
                "total": 1
              }
            },
            {
              "batter": "LS Livingstone",
              "bowler": "CH Morris",
              "non_striker": "JP Inglis",
              "runs": {
                "batter": 6,
                "extras": 0,
                "total": 6
              }
            },
            {
              "batter": "LS Livingstone",
              "bowler": "CH Morris",
              "extras": {
                "wides": 2
              },
              "non_striker": "JP Inglis",
              "runs": {
                "batter": 0,
                "extras": 2,
                "total": 2
              }
            },
            {
              "batter": "JP Inglis",
              "bowler": "CH Morris",
              "non_striker": "LS Livingstone",
              "runs": {
                "batter": 1,
                "extras": 0,
                "total": 1
              }
            }
          ]
        },
        {
          "over": 10,
          "deliveries": [
            {
              "batter": "JP Inglis",
              "bowler": "B Doggett",
              "extras": {
                "wides": 5
              },
              "non_striker": "LS Livingstone",
              "runs": {
                "batter": 0,
                "extras": 5,
                "total": 5
              }
            },
            {
              "batter": "JP Inglis",
              "bowler": "B Doggett",
              "non_striker": "LS Livingstone",
              "runs": {
                "batter": 0,
                "extras": 0,
                "total": 0
              }
            },
            {
              "batter": "JP Inglis",
              "bowler": "B Doggett",
              "non_striker": "LS Livingstone",
              "runs": {
                "batter": 1,
                "extras": 0,
                "total": 1
              }
            },
            {
              "batter": "LS Livingstone",
              "bowler": "B Doggett",
              "non_striker": "JP Inglis",
              "runs": {
                "batter": 0,
                "extras": 0,
                "total": 0
              }
            },
            {
              "batter": "LS Livingstone",
              "bowler": "B Doggett",
              "non_striker": "JP Inglis",
              "runs": {
                "batter": 1,
                "extras": 0,
                "total": 1
              }
            },
            {
              "batter": "JP Inglis",
              "bowler": "B Doggett",
              "extras": {
                "legbyes": 1
              },
              "non_striker": "LS Livingstone",
              "runs": {
                "batter": 0,
                "extras": 1,
                "total": 1
              }
            },
            {
              "batter": "LS Livingstone",
              "bowler": "B Doggett",
              "non_striker": "JP Inglis",
              "runs": {
                "batter": 1,
                "extras": 0,
                "total": 1
              }
            }
          ]
        },
        {
          "over": 11,
          "deliveries": [
            {
              "batter": "LS Livingstone",
              "bowler": "GS Sandhu",
              "non_striker": "JP Inglis",
              "runs": {
                "batter": 1,
                "extras": 0,
                "total": 1
              }
            },
            {
              "batter": "JP Inglis",
              "bowler": "GS Sandhu",
              "non_striker": "LS Livingstone",
              "runs": {
                "batter": 1,
                "extras": 0,
                "total": 1
              }
            },
            {
              "batter": "LS Livingstone",
              "bowler": "GS Sandhu",
              "non_striker": "JP Inglis",
              "runs": {
                "batter": 1,
                "extras": 0,
                "total": 1
              }
            },
            {
              "batter": "JP Inglis",
              "bowler": "GS Sandhu",
              "non_striker": "LS Livingstone",
              "runs": {
                "batter": 1,
                "extras": 0,
                "total": 1
              }
            },
            {
              "batter": "LS Livingstone",
              "bowler": "GS Sandhu",
              "non_striker": "JP Inglis",
              "runs": {
                "batter": 2,
                "extras": 0,
                "total": 2
              }
            },
            {
              "batter": "LS Livingstone",
              "bowler": "GS Sandhu",
              "non_striker": "JP Inglis",
              "runs": {
                "batter": 0,
                "extras": 0,
                "total": 0
              }
            }
          ]
        },
        {
          "over": 12,
          "deliveries": [
            {
              "batter": "JP Inglis",
              "bowler": "CH Morris",
              "non_striker": "LS Livingstone",
              "runs": {
                "batter": 4,
                "extras": 0,
                "total": 4
              }
            },
            {
              "batter": "JP Inglis",
              "bowler": "CH Morris",
              "non_striker": "LS Livingstone",
              "runs": {
                "batter": 0,
                "extras": 0,
                "total": 0
              }
            },
            {
              "batter": "JP Inglis",
              "bowler": "CH Morris",
              "non_striker": "LS Livingstone",
              "runs": {
                "batter": 0,
                "extras": 0,
                "total": 0
              }
            },
            {
              "batter": "JP Inglis",
              "bowler": "CH Morris",
              "non_striker": "LS Livingstone",
              "runs": {
                "batter": 1,
                "extras": 0,
                "total": 1
              }
            },
            {
              "batter": "LS Livingstone",
              "bowler": "CH Morris",
              "extras": {
                "wides": 1
              },
              "non_striker": "JP Inglis",
              "runs": {
                "batter": 0,
                "extras": 1,
                "total": 1
              }
            },
            {
              "batter": "LS Livingstone",
              "bowler": "CH Morris",
              "non_striker": "JP Inglis",
              "runs": {
                "batter": 0,
                "extras": 0,
                "total": 0
              }
            },
            {
              "batter": "LS Livingstone",
              "bowler": "CH Morris",
              "non_striker": "JP Inglis",
              "runs": {
                "batter": 1,
                "extras": 0,
                "total": 1
              }
            }
          ]
        },
        {
          "over": 13,
          "deliveries": [
            {
              "batter": "LS Livingstone",
              "bowler": "GS Sandhu",
              "non_striker": "JP Inglis",
              "runs": {
                "batter": 1,
                "extras": 0,
                "total": 1
              }
            },
            {
              "batter": "JP Inglis",
              "bowler": "GS Sandhu",
              "non_striker": "LS Livingstone",
              "runs": {
                "batter": 0,
                "extras": 0,
                "total": 0
              },
              "wickets": [
                {
                  "kind": "caught",
                  "player_out": "JP Inglis",
                  "fielders": [
                    {
                      "name": "B Doggett"
                    }
                  ]
                }
              ]
            },
            {
              "batter": "LS Livingstone",
              "bowler": "GS Sandhu",
              "non_striker": "KR Patterson",
              "runs": {
                "batter": 2,
                "extras": 0,
                "total": 2
              }
            },
            {
              "batter": "LS Livingstone",
              "bowler": "GS Sandhu",
              "non_striker": "KR Patterson",
              "runs": {
                "batter": 0,
                "extras": 0,
                "total": 0
              }
            },
            {
              "batter": "LS Livingstone",
              "bowler": "GS Sandhu",
              "non_striker": "KR Patterson",
              "runs": {
                "batter": 4,
                "extras": 0,
                "total": 4
              }
            },
            {
              "batter": "LS Livingstone",
              "bowler": "GS Sandhu",
              "non_striker": "KR Patterson",
              "runs": {
                "batter": 1,
                "extras": 0,
                "total": 1
              }
            }
          ]
        },
        {
          "over": 14,
          "deliveries": [
            {
              "batter": "LS Livingstone",
              "bowler": "DR Sams",
              "extras": {
                "wides": 1
              },
              "non_striker": "KR Patterson",
              "runs": {
                "batter": 0,
                "extras": 1,
                "total": 1
              }
            },
            {
              "batter": "LS Livingstone",
              "bowler": "DR Sams",
              "non_striker": "KR Patterson",
              "runs": {
                "batter": 1,
                "extras": 0,
                "total": 1
              }
            },
            {
              "batter": "KR Patterson",
              "bowler": "DR Sams",
              "non_striker": "LS Livingstone",
              "runs": {
                "batter": 0,
                "extras": 0,
                "total": 0
              }
            },
            {
              "batter": "KR Patterson",
              "bowler": "DR Sams",
              "non_striker": "LS Livingstone",
              "runs": {
                "batter": 1,
                "extras": 0,
                "total": 1
              }
            },
            {
              "batter": "LS Livingstone",
              "bowler": "DR Sams",
              "non_striker": "KR Patterson",
              "runs": {
                "batter": 0,
                "extras": 0,
                "total": 0
              }
            },
            {
              "batter": "LS Livingstone",
              "bowler": "DR Sams",
              "non_striker": "KR Patterson",
              "runs": {
                "batter": 4,
                "extras": 0,
                "total": 4
              }
            },
            {
              "batter": "LS Livingstone",
              "bowler": "DR Sams",
              "non_striker": "KR Patterson",
              "runs": {
                "batter": 1,
                "extras": 0,
                "total": 1
              }
            }
          ]
        },
        {
          "over": 15,
          "deliveries": [
            {
              "batter": "LS Livingstone",
              "bowler": "CH Morris",
              "non_striker": "KR Patterson",
              "runs": {
                "batter": 0,
                "extras": 0,
                "total": 0
              },
              "wickets": [
                {
                  "kind": "caught",
                  "player_out": "LS Livingstone",
                  "fielders": [
                    {
                      "name": "AI Ross"
                    }
                  ]
                }
              ]
            },
            {
              "batter": "KR Patterson",
              "bowler": "CH Morris",
              "non_striker": "MR Marsh",
              "runs": {
                "batter": 1,
                "extras": 0,
                "total": 1
              }
            },
            {
              "batter": "MR Marsh",
              "bowler": "CH Morris",
              "non_striker": "KR Patterson",
              "runs": {
                "batter": 2,
                "extras": 0,
                "total": 2
              }
            }
          ]
        }
      ],
      "powerplays": [
        {
          "from": 0.1,
          "to": 5.6,
          "type": "mandatory"
        }
      ],
      "target": {
        "overs": 20,
        "runs": 154
      }
    }
  ]
}