{
  "meta": {
    "data_version": "1.0.0",
    "created": "2021-01-24",
    "revision": 1
  },
  "info": {
    "balls_per_over": 6,
    "city": "Adelaide",
    "dates": [
      "2021-01-24"
    ],
    "event": {
      "name": "Big Bash League",
      "match_number": 51
    },
    "gender": "male",
    "match_type": "T20",
    "officials": {
      "match_referees": [
        "SJ Davis"
      ],
      "reserve_umpires": [
        "NR Johnstone"
      ],
      "tv_umpires": [
        "GJ Davidson"
      ],
      "umpires": [
        "GA Abood",
        "AK Wilds"
      ]
    },
    "outcome": {
      "winner": "Adelaide Strikers",
      "by": {
        "runs": 6
      }
    },
    "overs": 20,
    "player_of_match": [
      "PM Siddle"
    ],
    "players": {
      "Adelaide Strikers": [
        "AT Carey",
        "J Weatherald",
        "PD Salt",
        "TM Head",
        "RJ Gibson",
        "MT Renshaw",
        "MG Neser",
        "DR Briggs",
        "WA Agar",
        "LN O'Connor",
        "PM Siddle"
      ],
      "Sydney Thunder": [
        "T Sangha",
        "UT Khawaja",
        "AD Hales",
        "CJ Ferguson",
        "O Davies",
        "SW Billings",
        "AI Ross",
        "CJ Green",
        "BCJ Cutting",
        "N McAndrew",
        "AF Milne",
        "B Doggett"
      ]
    },
    "registry": {
      "people": {
        "AD Hales": "92aeac25",
        "AF Milne": "350bb1b1",
        "AI Ross": "fb0d68b4",
        "AK Wilds": "de412f40",
        "AT Carey": "69d03465",
        "B Doggett": "898e628d",
        "BCJ Cutting": "2e11c706",
        "CJ Ferguson": "9b4935c8",
        "CJ Green": "19b9f399",
        "DR Briggs": "f3abd0c9",
        "GA Abood": "a4af5528",
        "GJ Davidson": "31ad5973",
        "J Weatherald": "edc7ddb6",
        "LN O'Connor": "5456bd0c",
        "MG Neser": "0164b064",
        "MT Renshaw": "218d4d78",
        "N McAndrew": "38c276e1",
        "NR Johnstone": "ce274b6a",
        "O Davies": "0ea54eca",
        "PD Salt": "3d284ca3",
        "PM Siddle": "bd93fea4",
        "RJ Gibson": "50636767",
        "SJ Davis": "bc71b0b2",
        "SW Billings": "c16d4035",
        "T Sangha": "52c952d9",
        "TM Head": "12b610c2",
        "UT Khawaja": "331ea488",
        "WA Agar": "15de1f5d"
      }
    },
    "season": "2020/21",
    "supersubs": {
      "Sydney Thunder": "AI Ross"
    },
    "team_type": "club",
    "teams": [
      "Adelaide Strikers",
      "Sydney Thunder"
    ],
    "toss": {
      "decision": "bat",
      "winner": "Adelaide Strikers"
    },
    "venue": "Adelaide Oval"
  },
  "innings": [
    {
      "team": "Adelaide Strikers",
      "overs": [
        {
          "over": 0,
          "deliveries": [
            {
              "batter": "AT Carey",
              "bowler": "AF Milne",
              "non_striker": "J Weatherald",
              "runs": {
                "batter": 0,
                "extras": 0,
                "total": 0
              }
            },
            {
              "batter": "AT Carey",
              "bowler": "AF Milne",
              "extras": {
                "wides": 1
              },
              "non_striker": "J Weatherald",
              "runs": {
                "batter": 0,
                "extras": 1,
                "total": 1
              }
            },
            {
              "batter": "AT Carey",
              "bowler": "AF Milne",
              "non_striker": "J Weatherald",
              "runs": {
                "batter": 0,
                "extras": 0,
                "total": 0
              }
            },
            {
              "batter": "AT Carey",
              "bowler": "AF Milne",
              "non_striker": "J Weatherald",
              "runs": {
                "batter": 0,
                "extras": 0,
                "total": 0
              }
            },
            {
              "batter": "AT Carey",
              "bowler": "AF Milne",
              "non_striker": "J Weatherald",
              "runs": {
                "batter": 0,
                "extras": 0,
                "total": 0
              }
            },
            {
              "batter": "AT Carey",
              "bowler": "AF Milne",
              "non_striker": "J Weatherald",
              "runs": {
                "batter": 0,
                "extras": 0,
                "total": 0
              }
            },
            {
              "batter": "AT Carey",
              "bowler": "AF Milne",
              "extras": {
                "legbyes": 1
              },
              "non_striker": "J Weatherald",
              "runs": {
                "batter": 0,
                "extras": 1,
                "total": 1
              }
            }
          ]
        },
        {
          "over": 1,
          "deliveries": [
            {
              "batter": "AT Carey",
              "bowler": "N McAndrew",
              "non_striker": "J Weatherald",
              "runs": {
                "batter": 4,
                "extras": 0,
                "total": 4
              }
            },
            {
              "batter": "AT Carey",
              "bowler": "N McAndrew",
              "non_striker": "J Weatherald",
              "runs": {
                "batter": 4,
                "extras": 0,
                "total": 4
              }
            },
            {
              "batter": "AT Carey",
              "bowler": "N McAndrew",
              "non_striker": "J Weatherald",
              "runs": {
                "batter": 0,
                "extras": 0,
                "total": 0
              }
            },
            {
              "batter": "AT Carey",
              "bowler": "N McAndrew",
              "non_striker": "J Weatherald",
              "runs": {
                "batter": 4,
                "extras": 0,
                "total": 4
              }
            },
            {
              "batter": "AT Carey",
              "bowler": "N McAndrew",
              "non_striker": "J Weatherald",
              "runs": {
                "batter": 1,
                "extras": 0,
                "total": 1
              }
            },
            {
              "batter": "J Weatherald",
              "bowler": "N McAndrew",
              "non_striker": "AT Carey",
              "runs": {
                "batter": 0,
                "extras": 0,
                "total": 0
              }
            }
          ]
        },
        {
          "over": 2,
          "deliveries": [
            {
              "batter": "AT Carey",
              "bowler": "B Doggett",
              "non_striker": "J Weatherald",
              "runs": {
                "batter": 4,
                "extras": 0,
                "total": 4
              }
            },
            {
              "batter": "AT Carey",
              "bowler": "B Doggett",
              "non_striker": "J Weatherald",
              "runs": {
                "batter": 4,
                "extras": 0,
                "total": 4
              }
            },
            {
              "batter": "AT Carey",
              "bowler": "B Doggett",
              "non_striker": "J Weatherald",
              "runs": {
                "batter": 1,
                "extras": 0,
                "total": 1
              }
            },
            {
              "batter": "J Weatherald",
              "bowler": "B Doggett",
              "extras": {
                "wides": 1
              },
              "non_striker": "AT Carey",
              "runs": {
                "batter": 0,
                "extras": 1,
                "total": 1
              }
            },
            {
              "batter": "J Weatherald",
              "bowler": "B Doggett",
              "non_striker": "AT Carey",
              "runs": {
                "batter": 0,
                "extras": 0,
                "total": 0
              }
            },
            {
              "batter": "J Weatherald",
              "bowler": "B Doggett",
              "non_striker": "AT Carey",
              "runs": {
                "batter": 0,
                "extras": 0,
                "total": 0
              }
            },
            {
              "batter": "J Weatherald",
              "bowler": "B Doggett",
              "non_striker": "AT Carey",
              "runs": {
                "batter": 1,
                "extras": 0,
                "total": 1
              }
            }
          ]
        },
        {
          "over": 3,
          "deliveries": [
            {
              "batter": "J Weatherald",
              "bowler": "AF Milne",
              "non_striker": "AT Carey",
              "runs": {
                "batter": 0,
                "extras": 0,
                "total": 0
              }
            },
            {
              "batter": "J Weatherald",
              "bowler": "AF Milne",
              "non_striker": "AT Carey",
              "runs": {
                "batter": 0,
                "extras": 0,
                "total": 0
              }
            },
            {
              "batter": "J Weatherald",
              "bowler": "AF Milne",
              "non_striker": "AT Carey",
              "runs": {
                "batter": 0,
                "extras": 0,
                "total": 0
              }
            },
            {
              "batter": "J Weatherald",
              "bowler": "AF Milne",
              "non_striker": "AT Carey",
              "runs": {
                "batter": 1,
                "extras": 0,
                "total": 1
              }
            },
            {
              "batter": "AT Carey",
              "bowler": "AF Milne",
              "non_striker": "J Weatherald",
              "runs": {
                "batter": 0,
                "extras": 0,
                "total": 0
              }
            },
            {
              "batter": "AT Carey",
              "bowler": "AF Milne",
              "non_striker": "J Weatherald",
              "runs": {
                "batter": 0,
                "extras": 0,
                "total": 0
              }
            }
          ]
        },
        {
          "over": 4,
          "deliveries": [
            {
              "batter": "J Weatherald",
              "bowler": "BCJ Cutting",
              "non_striker": "AT Carey",
              "runs": {
                "batter": 1,
                "extras": 0,
                "total": 1
              }
            },
            {
              "batter": "AT Carey",
              "bowler": "BCJ Cutting",
              "non_striker": "J Weatherald",
              "runs": {
                "batter": 0,
                "extras": 0,
                "total": 0
              }
            },
            {
              "batter": "AT Carey",
              "bowler": "BCJ Cutting",
              "non_striker": "J Weatherald",
              "runs": {
                "batter": 0,
                "extras": 0,
                "total": 0
              }
            },
            {
              "batter": "AT Carey",
              "bowler": "BCJ Cutting",
              "non_striker": "J Weatherald",
              "runs": {
                "batter": 4,
                "extras": 0,
                "total": 4
              }
            },
            {
              "batter": "AT Carey",
              "bowler": "BCJ Cutting",
              "non_striker": "J Weatherald",
              "runs": {
                "batter": 1,
                "extras": 0,
                "total": 1
              }
            },
            {
              "batter": "J Weatherald",
              "bowler": "BCJ Cutting",
              "non_striker": "AT Carey",
              "runs": {
                "batter": 1,
                "extras": 0,
                "total": 1
              }
            }
          ]
        },
        {
          "over": 5,
          "deliveries": [
            {
              "batter": "J Weatherald",
              "bowler": "CJ Green",
              "non_striker": "AT Carey",
              "runs": {
                "batter": 4,
                "extras": 0,
                "total": 4
              }
            },
            {
              "batter": "J Weatherald",
              "bowler": "CJ Green",
              "non_striker": "AT Carey",
              "runs": {
                "batter": 1,
                "extras": 0,
                "total": 1
              }
            },
            {
              "batter": "AT Carey",
              "bowler": "CJ Green",
              "non_striker": "J Weatherald",
              "runs": {
                "batter": 1,
                "extras": 0,
                "total": 1
              }
            },
            {
              "batter": "J Weatherald",
              "bowler": "CJ Green",
              "non_striker": "AT Carey",
              "runs": {
                "batter": 1,
                "extras": 0,
                "total": 1
              }
            },
            {
              "batter": "AT Carey",
              "bowler": "CJ Green",
              "non_striker": "J Weatherald",
              "runs": {
                "batter": 1,
                "extras": 0,
                "total": 1
              }
            },
            {
              "batter": "J Weatherald",
              "bowler": "CJ Green",
              "non_striker": "AT Carey",
              "runs": {
                "batter": 0,
                "extras": 0,
                "total": 0
              }
            }
          ]
        },
        {
          "over": 6,
          "deliveries": [
            {
              "batter": "AT Carey",
              "bowler": "N McAndrew",
              "non_striker": "J Weatherald",
              "runs": {
                "batter": 0,
                "extras": 0,
                "total": 0
              },
              "wickets": [
                {
                  "player_out": "AT Carey",
                  "kind": "lbw"
                }
              ]
            },
            {
              "batter": "PD Salt",
              "bowler": "N McAndrew",
              "non_striker": "J Weatherald",
              "runs": {
                "batter": 2,
                "extras": 0,
                "total": 2
              }
            },
            {
              "batter": "PD Salt",
              "bowler": "N McAndrew",
              "non_striker": "J Weatherald",
              "runs": {
                "batter": 4,
                "extras": 0,
                "total": 4
              }
            },
            {
              "batter": "PD Salt",
              "bowler": "N McAndrew",
              "non_striker": "J Weatherald",
              "runs": {
                "batter": 0,
                "extras": 0,
                "total": 0
              }
            },
            {
              "batter": "PD Salt",
              "bowler": "N McAndrew",
              "non_striker": "J Weatherald",
              "runs": {
                "batter": 4,
                "extras": 0,
                "total": 4
              }
            },
            {
              "batter": "PD Salt",
              "bowler": "N McAndrew",
              "non_striker": "J Weatherald",
              "runs": {
                "batter": 0,
                "extras": 0,
                "total": 0
              }
            }
          ]
        },
        {
          "over": 7,
          "deliveries": [
            {
              "batter": "J Weatherald",
              "bowler": "T Sangha",
              "non_striker": "PD Salt",
              "runs": {
                "batter": 0,
                "extras": 0,
                "total": 0
              }
            },
            {
              "batter": "J Weatherald",
              "bowler": "T Sangha",
              "non_striker": "PD Salt",
              "runs": {
                "batter": 0,
                "extras": 0,
                "total": 0
              }
            },
            {
              "batter": "J Weatherald",
              "bowler": "T Sangha",
              "non_striker": "PD Salt",
              "runs": {
                "batter": 4,
                "extras": 0,
                "total": 4
              }
            },
            {
              "batter": "J Weatherald",
              "bowler": "T Sangha",
              "non_striker": "PD Salt",
              "runs": {
                "batter": 0,
                "extras": 0,
                "total": 0
              }
            },
            {
              "batter": "J Weatherald",
              "bowler": "T Sangha",
              "non_striker": "PD Salt",
              "runs": {
                "batter": 1,
                "extras": 0,
                "total": 1
              }
            },
            {
              "batter": "PD Salt",
              "bowler": "T Sangha",
              "non_striker": "J Weatherald",
              "runs": {
                "batter": 4,
                "extras": 0,
                "total": 4
              }
            }
          ]
        },
        {
          "over": 8,
          "deliveries": [
            {
              "batter": "J Weatherald",
              "bowler": "BCJ Cutting",
              "non_striker": "PD Salt",
              "runs": {
                "batter": 1,
                "extras": 0,
                "total": 1
              }
            },
            {
              "batter": "PD Salt",
              "bowler": "BCJ Cutting",
              "non_striker": "J Weatherald",
              "runs": {
                "batter": 1,
                "extras": 0,
                "total": 1
              }
            },
            {
              "batter": "J Weatherald",
              "bowler": "BCJ Cutting",
              "non_striker": "PD Salt",
              "runs": {
                "batter": 6,
                "extras": 0,
                "total": 6
              }
            },
            {
              "batter": "J Weatherald",
              "bowler": "BCJ Cutting",
              "non_striker": "PD Salt",
              "runs": {
                "batter": 6,
                "extras": 0,
                "total": 6
              }
            },
            {
              "batter": "J Weatherald",
              "bowler": "BCJ Cutting",
              "non_striker": "PD Salt",
              "runs": {
                "batter": 0,
                "extras": 0,
                "total": 0
              }
            },
            {
              "batter": "J Weatherald",
              "bowler": "BCJ Cutting",
              "non_striker": "PD Salt",
              "runs": {
                "batter": 1,
                "extras": 0,
                "total": 1
              }
            }
          ]
        },
        {
          "over": 9,
          "deliveries": [
            {
              "batter": "J Weatherald",
              "bowler": "CJ Green",
              "non_striker": "PD Salt",
              "runs": {
                "batter": 1,
                "extras": 0,
                "total": 1
              }
            },
            {
              "batter": "PD Salt",
              "bowler": "CJ Green",
              "extras": {
                "wides": 1
              },
              "non_striker": "J Weatherald",
              "runs": {
                "batter": 0,
                "extras": 1,
                "total": 1
              }
            },
            {
              "batter": "PD Salt",
              "bowler": "CJ Green",
              "non_striker": "J Weatherald",
              "runs": {
                "batter": 1,
                "extras": 0,
                "total": 1
              }
            },
            {
              "batter": "J Weatherald",
              "bowler": "CJ Green",
              "non_striker": "PD Salt",
              "runs": {
                "batter": 1,
                "extras": 0,
                "total": 1
              }
            },
            {
              "batter": "PD Salt",
              "bowler": "CJ Green",
              "non_striker": "J Weatherald",
              "runs": {
                "batter": 0,
                "extras": 0,
                "total": 0
              }
            },
            {
              "batter": "PD Salt",
              "bowler": "CJ Green",
              "non_striker": "J Weatherald",
              "runs": {
                "batter": 0,
                "extras": 0,
                "total": 0
              },
              "wickets": [
                {
                  "player_out": "J Weatherald",
                  "kind": "run out"
                }
              ]
            },
            {
              "batter": "PD Salt",
              "bowler": "CJ Green",
              "non_striker": "TM Head",
              "runs": {
                "batter": 2,
                "extras": 0,
                "total": 2
              }
            }
          ]
        },
        {
          "over": 10,
          "deliveries": [
            {
              "batter": "TM Head",
              "bowler": "B Doggett",
              "non_striker": "PD Salt",
              "replacements": {
                "match": [
                  {
                    "in": "AI Ross",
                    "out": "T Sangha",
                    "team": "Sydney Thunder",
                    "reason": "supersub"
                  }
                ]
              },
              "runs": {
                "batter": 0,
                "extras": 0,
                "total": 0
              }
            },
            {
              "batter": "TM Head",
              "bowler": "B Doggett",
              "non_striker": "PD Salt",
              "runs": {
                "batter": 1,
                "extras": 0,
                "total": 1
              }
            },
            {
              "batter": "PD Salt",
              "bowler": "B Doggett",
              "non_striker": "TM Head",
              "runs": {
                "batter": 0,
                "extras": 0,
                "total": 0
              }
            },
            {
              "batter": "PD Salt",
              "bowler": "B Doggett",
              "non_striker": "TM Head",
              "runs": {
                "batter": 0,
                "extras": 0,
                "total": 0
              }
            },
            {
              "batter": "PD Salt",
              "bowler": "B Doggett",
              "non_striker": "TM Head",
              "runs": {
                "batter": 2,
                "extras": 0,
                "total": 2
              }
            },
            {
              "batter": "PD Salt",
              "bowler": "B Doggett",
              "non_striker": "TM Head",
              "runs": {
                "batter": 0,
                "extras": 0,
                "total": 0
              }
            }
          ]
        },
        {
          "over": 11,
          "deliveries": [
            {
              "batter": "TM Head",
              "bowler": "CJ Green",
              "non_striker": "PD Salt",
              "runs": {
                "batter": 1,
                "extras": 0,
                "total": 1
              }
            },
            {
              "batter": "PD Salt",
              "bowler": "CJ Green",
              "non_striker": "TM Head",
              "runs": {
                "batter": 1,
                "extras": 0,
                "total": 1
              }
            },
            {
              "batter": "TM Head",
              "bowler": "CJ Green",
              "non_striker": "PD Salt",
              "runs": {
                "batter": 1,
                "extras": 0,
                "total": 1
              }
            },
            {
              "batter": "PD Salt",
              "bowler": "CJ Green",
              "non_striker": "TM Head",
              "runs": {
                "batter": 4,
                "extras": 0,
                "total": 4
              }
            },
            {
              "batter": "PD Salt",
              "bowler": "CJ Green",
              "non_striker": "TM Head",
              "runs": {
                "batter": 2,
                "extras": 0,
                "total": 2
              }
            },
            {
              "batter": "PD Salt",
              "bowler": "CJ Green",
              "extras": {
                "wides": 1
              },
              "non_striker": "TM Head",
              "runs": {
                "batter": 0,
                "extras": 1,
                "total": 1
              }
            },
            {
              "batter": "PD Salt",
              "bowler": "CJ Green",
              "non_striker": "TM Head",
              "runs": {
                "batter": 2,
                "extras": 0,
                "total": 2
              }
            }
          ]
        },
        {
          "over": 12,
          "deliveries": [
            {
              "batter": "TM Head",
              "bowler": "BCJ Cutting",
              "non_striker": "PD Salt",
              "runs": {
                "batter": 0,
                "extras": 0,
                "total": 0
              }
            },
            {
              "batter": "TM Head",
              "bowler": "BCJ Cutting",
              "non_striker": "PD Salt",
              "runs": {
                "batter": 4,
                "extras": 0,
                "total": 4
              }
            },
            {
              "batter": "TM Head",
              "bowler": "BCJ Cutting",
              "non_striker": "PD Salt",
              "runs": {
                "batter": 0,
                "extras": 0,
                "total": 0
              }
            },
            {
              "batter": "TM Head",
              "bowler": "BCJ Cutting",
              "non_striker": "PD Salt",
              "runs": {
                "batter": 0,
                "extras": 0,
                "total": 0
              }
            },
            {
              "batter": "TM Head",
              "bowler": "BCJ Cutting",
              "non_striker": "PD Salt",
              "runs": {
                "batter": 2,
                "extras": 0,
                "total": 2
              }
            },
            {
              "batter": "TM Head",
              "bowler": "BCJ Cutting",
              "extras": {
                "wides": 1
              },
              "non_striker": "PD Salt",
              "runs": {
                "batter": 0,
                "extras": 1,
                "total": 1
              }
            },
            {
              "batter": "TM Head",
              "bowler": "BCJ Cutting",
              "non_striker": "PD Salt",
              "runs": {
                "batter": 0,
                "extras": 0,
                "total": 0
              }
            }
          ]
        },
        {
          "over": 13,
          "deliveries": [
            {
              "batter": "PD Salt",
              "bowler": "N McAndrew",
              "non_striker": "TM Head",
              "runs": {
                "batter": 1,
                "extras": 0,
                "total": 1
              }
            },
            {
              "batter": "TM Head",
              "bowler": "N McAndrew",
              "non_striker": "PD Salt",
              "runs": {
                "batter": 4,
                "extras": 0,
                "total": 4
              }
            },
            {
              "batter": "TM Head",
              "bowler": "N McAndrew",
              "non_striker": "PD Salt",
              "runs": {
                "batter": 2,
                "extras": 0,
                "total": 2
              }
            },
            {
              "batter": "TM Head",
              "bowler": "N McAndrew",
              "extras": {
                "noballs": 1
              },
              "non_striker": "PD Salt",
              "runs": {
                "batter": 1,
                "extras": 1,
                "total": 2
              }
            },
            {
              "batter": "PD Salt",
              "bowler": "N McAndrew",
              "non_striker": "TM Head",
              "runs": {
                "batter": 0,
                "extras": 0,
                "total": 0
              }
            },
            {
              "batter": "PD Salt",
              "bowler": "N McAndrew",
              "non_striker": "TM Head",
              "runs": {
                "batter": 1,
                "extras": 0,
                "total": 1
              }
            },
            {
              "batter": "TM Head",
              "bowler": "N McAndrew",
              "non_striker": "PD Salt",
              "runs": {
                "batter": 1,
                "extras": 0,
                "total": 1
              }
            }
          ]
        },
        {
          "over": 14,
          "deliveries": [
            {
              "batter": "TM Head",
              "bowler": "AF Milne",
              "non_striker": "PD Salt",
              "runs": {
                "batter": 1,
                "extras": 0,
                "total": 1
              }
            },
            {
              "batter": "PD Salt",
              "bowler": "AF Milne",
              "non_striker": "TM Head",
              "runs": {
                "batter": 0,
                "extras": 0,
                "total": 0
              }
            },
            {
              "batter": "PD Salt",
              "bowler": "AF Milne",
              "non_striker": "TM Head",
              "runs": {
                "batter": 0,
                "extras": 0,
                "total": 0
              },
              "wickets": [
                {
                  "player_out": "PD Salt",
                  "fielders": [
                    {
                      "name": "B Doggett"
                    }
                  ],
                  "kind": "caught"
                }
              ]
            },
            {
              "batter": "RJ Gibson",
              "bowler": "AF Milne",
              "non_striker": "TM Head",
              "runs": {
                "batter": 0,
                "extras": 0,
                "total": 0
              }
            },
            {
              "batter": "RJ Gibson",
              "bowler": "AF Milne",
              "non_striker": "TM Head",
              "runs": {
                "batter": 0,
                "extras": 0,
                "total": 0
              }
            },
            {
              "batter": "RJ Gibson",
              "bowler": "AF Milne",
              "extras": {
                "legbyes": 2
              },
              "non_striker": "TM Head",
              "runs": {
                "batter": 0,
                "extras": 2,
                "total": 2
              }
            }
          ]
        },
        {
          "over": 15,
          "deliveries": [
            {
              "batter": "TM Head",
              "bowler": "B Doggett",
              "non_striker": "RJ Gibson",
              "runs": {
                "batter": 1,
                "extras": 0,
                "total": 1
              }
            },
            {
              "batter": "RJ Gibson",
              "bowler": "B Doggett",
              "non_striker": "TM Head",
              "runs": {
                "batter": 0,
                "extras": 0,
                "total": 0
              }
            },
            {
              "batter": "RJ Gibson",
              "bowler": "B Doggett",
              "non_striker": "TM Head",
              "runs": {
                "batter": 1,
                "extras": 0,
                "total": 1
              }
            },
            {
              "batter": "TM Head",
              "bowler": "B Doggett",
              "non_striker": "RJ Gibson",
              "runs": {
                "batter": 0,
                "extras": 0,
                "total": 0
              }
            },
            {
              "batter": "TM Head",
              "bowler": "B Doggett",
              "non_striker": "RJ Gibson",
              "runs": {
                "batter": 1,
                "extras": 0,
                "total": 1
              }
            },
            {
              "batter": "RJ Gibson",
              "bowler": "B Doggett",
              "non_striker": "TM Head",
              "runs": {
                "batter": 1,
                "extras": 0,
                "total": 1
              }
            }
          ]
        },
        {
          "over": 16,
          "deliveries": [
            {
              "batter": "RJ Gibson",
              "bowler": "BCJ Cutting",
              "non_striker": "TM Head",
              "runs": {
                "batter": 2,
                "extras": 0,
                "total": 2
              }
            },
            {
              "batter": "RJ Gibson",
              "bowler": "BCJ Cutting",
              "non_striker": "TM Head",
              "runs": {
                "batter": 1,
                "extras": 0,
                "total": 1
              }
            },
            {
              "batter": "TM Head",
              "bowler": "BCJ Cutting",
              "non_striker": "RJ Gibson",
              "runs": {
                "batter": 1,
                "extras": 0,
                "total": 1
              }
            },
            {
              "batter": "RJ Gibson",
              "bowler": "BCJ Cutting",
              "non_striker": "TM Head",
              "runs": {
                "batter": 1,
                "extras": 0,
                "total": 1
              }
            },
            {
              "batter": "TM Head",
              "bowler": "BCJ Cutting",
              "non_striker": "RJ Gibson",
              "runs": {
                "batter": 2,
                "extras": 0,
                "total": 2
              }
            },
            {
              "batter": "TM Head",
              "bowler": "BCJ Cutting",
              "non_striker": "RJ Gibson",
              "runs": {
                "batter": 4,
                "extras": 0,
                "total": 4
              }
            }
          ]
        },
        {
          "over": 17,
          "deliveries": [
            {
              "batter": "RJ Gibson",
              "bowler": "N McAndrew",
              "non_striker": "TM Head",
              "runs": {
                "batter": 6,
                "extras": 0,
                "total": 6
              }
            },
            {
              "batter": "RJ Gibson",
              "bowler": "N McAndrew",
              "non_striker": "TM Head",
              "runs": {
                "batter": 4,
                "extras": 0,
                "total": 4
              }
            },
            {
              "batter": "RJ Gibson",
              "bowler": "N McAndrew",
              "non_striker": "TM Head",
              "runs": {
                "batter": 0,
                "extras": 0,
                "total": 0
              }
            },
            {
              "batter": "RJ Gibson",
              "bowler": "N McAndrew",
              "non_striker": "TM Head",
              "runs": {
                "batter": 6,
                "extras": 0,
                "total": 6
              }
            },
            {
              "batter": "RJ Gibson",
              "bowler": "N McAndrew",
              "extras": {
                "wides": 1
              },
              "non_striker": "TM Head",
              "runs": {
                "batter": 0,
                "extras": 1,
                "total": 1
              }
            },
            {
              "batter": "RJ Gibson",
              "bowler": "N McAndrew",
              "extras": {
                "legbyes": 1
              },
              "non_striker": "TM Head",
              "runs": {
                "batter": 0,
                "extras": 1,
                "total": 1
              }
            },
            {
              "batter": "TM Head",
              "bowler": "N McAndrew",
              "non_striker": "RJ Gibson",
              "runs": {
                "batter": 2,
                "extras": 0,
                "total": 2
              }
            }
          ]
        },
        {
          "over": 18,
          "deliveries": [
            {
              "batter": "RJ Gibson",
              "bowler": "B Doggett",
              "non_striker": "TM Head",
              "runs": {
                "batter": 0,
                "extras": 0,
                "total": 0
              },
              "wickets": [
                {
                  "player_out": "RJ Gibson",
                  "kind": "lbw"
                }
              ]
            },
            {
              "batter": "MT Renshaw",
              "bowler": "B Doggett",
              "non_striker": "TM Head",
              "runs": {
                "batter": 0,
                "extras": 0,
                "total": 0
              },
              "wickets": [
                {
                  "player_out": "MT Renshaw",
                  "kind": "lbw"
                }
              ]
            },
            {
              "batter": "MG Neser",
              "bowler": "B Doggett",
              "non_striker": "TM Head",
              "runs": {
                "batter": 0,
                "extras": 0,
                "total": 0
              }
            },
            {
              "batter": "MG Neser",
              "bowler": "B Doggett",
              "non_striker": "TM Head",
              "runs": {
                "batter": 1,
                "extras": 0,
                "total": 1
              }
            },
            {
              "batter": "TM Head",
              "bowler": "B Doggett",
              "non_striker": "MG Neser",
              "runs": {
                "batter": 2,
                "extras": 0,
                "total": 2
              }
            },
            {
              "batter": "TM Head",
              "bowler": "B Doggett",
              "non_striker": "MG Neser",
              "runs": {
                "batter": 0,
                "extras": 0,
                "total": 0
              }
            }
          ]
        },
        {
          "over": 19,
          "deliveries": [
            {
              "batter": "MG Neser",
              "bowler": "AF Milne",
              "non_striker": "TM Head",
              "runs": {
                "batter": 0,
                "extras": 0,
                "total": 0
              },
              "wickets": [
                {
                  "player_out": "TM Head",
                  "kind": "run out"
                }
              ]
            },
            {
              "batter": "MG Neser",
              "bowler": "AF Milne",
              "non_striker": "DR Briggs",
              "runs": {
                "batter": 0,
                "extras": 0,
                "total": 0
              }
            },
            {
              "batter": "MG Neser",
              "bowler": "AF Milne",
              "non_striker": "DR Briggs",
              "runs": {
                "batter": 0,
                "extras": 0,
                "total": 0
              }
            },
            {
              "batter": "MG Neser",
              "bowler": "AF Milne",
              "non_striker": "DR Briggs",
              "runs": {
                "batter": 0,
                "extras": 0,
                "total": 0
              }
            },
            {
              "batter": "MG Neser",
              "bowler": "AF Milne",
              "non_striker": "DR Briggs",
              "runs": {
                "batter": 1,
                "extras": 0,
                "total": 1
              }
            },
            {
              "batter": "DR Briggs",
              "bowler": "AF Milne",
              "non_striker": "MG Neser",
              "runs": {
                "batter": 2,
                "extras": 0,
                "total": 2
              }
            }
          ]
        }
      ],
      "powerplays": [
        {
          "from": 0.1,
          "to": 3.6,
          "type": "mandatory"
        },
        {
          "from": 14.1,
          "to": 15.6,
          "type": "batting"
        }
      ]
    },
    {
      "team": "Sydney Thunder",
      "overs": [
        {
          "over": 0,
          "deliveries": [
            {
              "batter": "UT Khawaja",
              "bowler": "MG Neser",
              "non_striker": "AD Hales",
              "runs": {
                "batter": 0,
                "extras": 0,
                "total": 0
              }
            },
            {
              "batter": "UT Khawaja",
              "bowler": "MG Neser",
              "non_striker": "AD Hales",
              "runs": {
                "batter": 1,
                "extras": 0,
                "total": 1
              }
            },
            {
              "batter": "AD Hales",
              "bowler": "MG Neser",
              "non_striker": "UT Khawaja",
              "runs": {
                "batter": 1,
                "extras": 0,
                "total": 1
              }
            },
            {
              "batter": "UT Khawaja",
              "bowler": "MG Neser",
              "non_striker": "AD Hales",
              "runs": {
                "batter": 4,
                "extras": 0,
                "total": 4
              }
            },
            {
              "batter": "UT Khawaja",
              "bowler": "MG Neser",
              "non_striker": "AD Hales",
              "runs": {
                "batter": 0,
                "extras": 0,
                "total": 0
              }
            },
            {
              "batter": "UT Khawaja",
              "bowler": "MG Neser",
              "non_striker": "AD Hales",
              "runs": {
                "batter": 0,
                "extras": 0,
                "total": 0
              }
            }
          ]
        },
        {
          "over": 1,
          "deliveries": [
            {
              "batter": "AD Hales",
              "bowler": "WA Agar",
              "extras": {
                "wides": 1
              },
              "non_striker": "UT Khawaja",
              "runs": {
                "batter": 0,
                "extras": 1,
                "total": 1
              }
            },
            {
              "batter": "AD Hales",
              "bowler": "WA Agar",
              "non_striker": "UT Khawaja",
              "runs": {
                "batter": 0,
                "extras": 0,
                "total": 0
              }
            },
            {
              "batter": "AD Hales",
              "bowler": "WA Agar",
              "non_striker": "UT Khawaja",
              "runs": {
                "batter": 4,
                "extras": 0,
                "total": 4
              }
            },
            {
              "batter": "AD Hales",
              "bowler": "WA Agar",
              "non_striker": "UT Khawaja",
              "runs": {
                "batter": 0,
                "extras": 0,
                "total": 0
              }
            },
            {
              "batter": "AD Hales",
              "bowler": "WA Agar",
              "extras": {
                "wides": 1
              },
              "non_striker": "UT Khawaja",
              "runs": {
                "batter": 0,
                "extras": 1,
                "total": 1
              }
            },
            {
              "batter": "AD Hales",
              "bowler": "WA Agar",
              "non_striker": "UT Khawaja",
              "runs": {
                "batter": 4,
                "extras": 0,
                "total": 4
              }
            },
            {
              "batter": "AD Hales",
              "bowler": "WA Agar",
              "non_striker": "UT Khawaja",
              "runs": {
                "batter": 0,
                "extras": 0,
                "total": 0
              }
            },
            {
              "batter": "AD Hales",
              "bowler": "WA Agar",
              "non_striker": "UT Khawaja",
              "runs": {
                "batter": 1,
                "extras": 0,
                "total": 1
              }
            }
          ]
        },
        {
          "over": 2,
          "deliveries": [
            {
              "batter": "AD Hales",
              "bowler": "PM Siddle",
              "non_striker": "UT Khawaja",
              "runs": {
                "batter": 0,
                "extras": 0,
                "total": 0
              }
            },
            {
              "batter": "AD Hales",
              "bowler": "PM Siddle",
              "non_striker": "UT Khawaja",
              "runs": {
                "batter": 0,
                "extras": 0,
                "total": 0
              },
              "wickets": [
                {
                  "player_out": "AD Hales",
                  "fielders": [
                    {
                      "name": "AT Carey"
                    }
                  ],
                  "kind": "caught"
                }
              ]
            },
            {
              "batter": "CJ Ferguson",
              "bowler": "PM Siddle",
              "extras": {
                "wides": 1
              },
              "non_striker": "UT Khawaja",
              "runs": {
                "batter": 0,
                "extras": 1,
                "total": 1
              }
            },
            {
              "batter": "CJ Ferguson",
              "bowler": "PM Siddle",
              "non_striker": "UT Khawaja",
              "runs": {
                "batter": 0,
                "extras": 0,
                "total": 0
              }
            },
            {
              "batter": "CJ Ferguson",
              "bowler": "PM Siddle",
              "non_striker": "UT Khawaja",
              "runs": {
                "batter": 0,
                "extras": 0,
                "total": 0
              }
            },
            {
              "batter": "CJ Ferguson",
              "bowler": "PM Siddle",
              "non_striker": "UT Khawaja",
              "runs": {
                "batter": 4,
                "extras": 0,
                "total": 4
              }
            },
            {
              "batter": "CJ Ferguson",
              "bowler": "PM Siddle",
              "non_striker": "UT Khawaja",
              "runs": {
                "batter": 0,
                "extras": 0,
                "total": 0
              }
            }
          ]
        },
        {
          "over": 3,
          "deliveries": [
            {
              "batter": "UT Khawaja",
              "bowler": "MG Neser",
              "non_striker": "CJ Ferguson",
              "runs": {
                "batter": 0,
                "extras": 0,
                "total": 0
              }
            },
            {
              "batter": "UT Khawaja",
              "bowler": "MG Neser",
              "non_striker": "CJ Ferguson",
              "runs": {
                "batter": 4,
                "extras": 0,
                "total": 4
              }
            },
            {
              "batter": "UT Khawaja",
              "bowler": "MG Neser",
              "non_striker": "CJ Ferguson",
              "runs": {
                "batter": 2,
                "extras": 0,
                "total": 2
              }
            },
            {
              "batter": "UT Khawaja",
              "bowler": "MG Neser",
              "non_striker": "CJ Ferguson",
              "runs": {
                "batter": 0,
                "extras": 0,
                "total": 0
              }
            },
            {
              "batter": "UT Khawaja",
              "bowler": "MG Neser",
              "non_striker": "CJ Ferguson",
              "runs": {
                "batter": 0,
                "extras": 0,
                "total": 0
              }
            },
            {
              "batter": "UT Khawaja",
              "bowler": "MG Neser",
              "non_striker": "CJ Ferguson",
              "runs": {
                "batter": 1,
                "extras": 0,
                "total": 1
              }
            }
          ]
        },
        {
          "over": 4,
          "deliveries": [
            {
              "batter": "UT Khawaja",
              "bowler": "DR Briggs",
              "non_striker": "CJ Ferguson",
              "runs": {
                "batter": 1,
                "extras": 0,
                "total": 1
              }
            },
            {
              "batter": "CJ Ferguson",
              "bowler": "DR Briggs",
              "non_striker": "UT Khawaja",
              "runs": {
                "batter": 1,
                "extras": 0,
                "total": 1
              }
            },
            {
              "batter": "UT Khawaja",
              "bowler": "DR Briggs",
              "non_striker": "CJ Ferguson",
              "runs": {
                "batter": 0,
                "extras": 0,
                "total": 0
              }
            },
            {
              "batter": "UT Khawaja",
              "bowler": "DR Briggs",
              "non_striker": "CJ Ferguson",
              "runs": {
                "batter": 1,
                "extras": 0,
                "total": 1
              }
            },
            {
              "batter": "CJ Ferguson",
              "bowler": "DR Briggs",
              "non_striker": "UT Khawaja",
              "runs": {
                "batter": 1,
                "extras": 0,
                "total": 1
              }
            },
            {
              "batter": "UT Khawaja",
              "bowler": "DR Briggs",
              "non_striker": "CJ Ferguson",
              "runs": {
                "batter": 2,
                "extras": 0,
                "total": 2
              }
            }
          ]
        },
        {
          "over": 5,
          "deliveries": [
            {
              "batter": "CJ Ferguson",
              "bowler": "TM Head",
              "non_striker": "UT Khawaja",
              "runs": {
                "batter": 1,
                "extras": 0,
                "total": 1
              }
            },
            {
              "batter": "UT Khawaja",
              "bowler": "TM Head",
              "non_striker": "CJ Ferguson",
              "runs": {
                "batter": 4,
                "extras": 0,
                "total": 4
              }
            },
            {
              "batter": "UT Khawaja",
              "bowler": "TM Head",
              "non_striker": "CJ Ferguson",
              "runs": {
                "batter": 0,
                "extras": 0,
                "total": 0
              }
            },
            {
              "batter": "UT Khawaja",
              "bowler": "TM Head",
              "non_striker": "CJ Ferguson",
              "runs": {
                "batter": 1,
                "extras": 0,
                "total": 1
              }
            },
            {
              "batter": "CJ Ferguson",
              "bowler": "TM Head",
              "non_striker": "UT Khawaja",
              "runs": {
                "batter": 2,
                "extras": 0,
                "total": 2
              }
            },
            {
              "batter": "CJ Ferguson",
              "bowler": "TM Head",
              "non_striker": "UT Khawaja",
              "runs": {
                "batter": 1,
                "extras": 0,
                "total": 1
              }
            }
          ]
        },
        {
          "over": 6,
          "deliveries": [
            {
              "batter": "CJ Ferguson",
              "bowler": "DR Briggs",
              "non_striker": "UT Khawaja",
              "runs": {
                "batter": 1,
                "extras": 0,
                "total": 1
              }
            },
            {
              "batter": "UT Khawaja",
              "bowler": "DR Briggs",
              "non_striker": "CJ Ferguson",
              "runs": {
                "batter": 4,
                "extras": 0,
                "total": 4
              }
            },
            {
              "batter": "UT Khawaja",
              "bowler": "DR Briggs",
              "non_striker": "CJ Ferguson",
              "runs": {
                "batter": 2,
                "extras": 0,
                "total": 2
              }
            },
            {
              "batter": "UT Khawaja",
              "bowler": "DR Briggs",
              "non_striker": "CJ Ferguson",
              "runs": {
                "batter": 1,
                "extras": 0,
                "total": 1
              }
            },
            {
              "batter": "CJ Ferguson",
              "bowler": "DR Briggs",
              "non_striker": "UT Khawaja",
              "runs": {
                "batter": 1,
                "extras": 0,
                "total": 1
              }
            },
            {
              "batter": "UT Khawaja",
              "bowler": "DR Briggs",
              "non_striker": "CJ Ferguson",
              "runs": {
                "batter": 1,
                "extras": 0,
                "total": 1
              }
            }
          ]
        },
        {
          "over": 7,
          "deliveries": [
            {
              "batter": "UT Khawaja",
              "bowler": "WA Agar",
              "non_striker": "CJ Ferguson",
              "runs": {
                "batter": 0,
                "extras": 0,
                "total": 0
              }
            },
            {
              "batter": "UT Khawaja",
              "bowler": "WA Agar",
              "non_striker": "CJ Ferguson",
              "runs": {
                "batter": 6,
                "extras": 0,
                "total": 6
              }
            },
            {
              "batter": "UT Khawaja",
              "bowler": "WA Agar",
              "non_striker": "CJ Ferguson",
              "runs": {
                "batter": 0,
                "extras": 0,
                "total": 0
              }
            },
            {
              "batter": "UT Khawaja",
              "bowler": "WA Agar",
              "non_striker": "CJ Ferguson",
              "runs": {
                "batter": 1,
                "extras": 0,
                "total": 1
              }
            },
            {
              "batter": "CJ Ferguson",
              "bowler": "WA Agar",
              "non_striker": "UT Khawaja",
              "runs": {
                "batter": 1,
                "extras": 0,
                "total": 1
              }
            },
            {
              "batter": "UT Khawaja",
              "bowler": "WA Agar",
              "non_striker": "CJ Ferguson",
              "runs": {
                "batter": 0,
                "extras": 0,
                "total": 0
              }
            }
          ]
        },
        {
          "over": 8,
          "deliveries": [
            {
              "batter": "CJ Ferguson",
              "bowler": "PM Siddle",
              "non_striker": "UT Khawaja",
              "runs": {
                "batter": 2,
                "extras": 0,
                "total": 2
              }
            },
            {
              "batter": "CJ Ferguson",
              "bowler": "PM Siddle",
              "non_striker": "UT Khawaja",
              "runs": {
                "batter": 0,
                "extras": 0,
                "total": 0
              }
            },
            {
              "batter": "CJ Ferguson",
              "bowler": "PM Siddle",
              "non_striker": "UT Khawaja",
              "runs": {
                "batter": 4,
                "extras": 0,
                "total": 4
              }
            },
            {
              "batter": "CJ Ferguson",
              "bowler": "PM Siddle",
              "non_striker": "UT Khawaja",
              "runs": {
                "batter": 1,
                "extras": 0,
                "total": 1
              }
            },
            {
              "batter": "UT Khawaja",
              "bowler": "PM Siddle",
              "non_striker": "CJ Ferguson",
              "runs": {
                "batter": 0,
                "extras": 0,
                "total": 0
              }
            },
            {
              "batter": "UT Khawaja",
              "bowler": "PM Siddle",
              "extras": {
                "wides": 1
              },
              "non_striker": "CJ Ferguson",
              "runs": {
                "batter": 0,
                "extras": 1,
                "total": 1
              }
            },
            {
              "batter": "UT Khawaja",
              "bowler": "PM Siddle",
              "extras": {
                "wides": 1
              },
              "non_striker": "CJ Ferguson",
              "runs": {
                "batter": 0,
                "extras": 1,
                "total": 1
              }
            },
            {
              "batter": "UT Khawaja",
              "bowler": "PM Siddle",
              "non_striker": "CJ Ferguson",
              "runs": {
                "batter": 0,
                "extras": 0,
                "total": 0
              }
            }
          ]
        },
        {
          "over": 9,
          "deliveries": [
            {
              "batter": "CJ Ferguson",
              "bowler": "MG Neser",
              "non_striker": "UT Khawaja",
              "runs": {
                "batter": 2,
                "extras": 0,
                "total": 2
              }
            },
            {
              "batter": "CJ Ferguson",
              "bowler": "MG Neser",
              "non_striker": "UT Khawaja",
              "runs": {
                "batter": 0,
                "extras": 0,
                "total": 0
              },
              "wickets": [
                {
                  "player_out": "CJ Ferguson",
                  "fielders": [
                    {
                      "name": "LN O'Connor"
                    }
                  ],
                  "kind": "caught"
                }
              ]
            },
            {
              "batter": "UT Khawaja",
              "bowler": "MG Neser",
              "non_striker": "O Davies",
              "runs": {
                "batter": 0,
                "extras": 0,
                "total": 0
              },
              "wickets": [
                {
                  "player_out": "UT Khawaja",
                  "fielders": [
                    {
                      "name": "PM Siddle"
                    }
                  ],
                  "kind": "caught"
                }
              ]
            },
            {
              "batter": "O Davies",
              "bowler": "MG Neser",
              "non_striker": "SW Billings",
              "runs": {
                "batter": 0,
                "extras": 0,
                "total": 0
              }
            },
            {
              "batter": "O Davies",
              "bowler": "MG Neser",
              "extras": {
                "wides": 1
              },
              "non_striker": "SW Billings",
              "runs": {
                "batter": 0,
                "extras": 1,
                "total": 1
              }
            },
            {
              "batter": "O Davies",
              "bowler": "MG Neser",
              "non_striker": "SW Billings",
              "runs": {
                "batter": 0,
                "extras": 0,
                "total": 0
              }
            },
            {
              "batter": "O Davies",
              "bowler": "MG Neser",
              "non_striker": "SW Billings",
              "runs": {
                "batter": 1,
                "extras": 0,
                "total": 1
              }
            }
          ]
        },
        {
          "over": 10,
          "deliveries": [
            {
              "batter": "O Davies",
              "bowler": "LN O'Connor",
              "non_striker": "SW Billings",
              "runs": {
                "batter": 1,
                "extras": 0,
                "total": 1
              }
            },
            {
              "batter": "SW Billings",
              "bowler": "LN O'Connor",
              "non_striker": "O Davies",
              "runs": {
                "batter": 1,
                "extras": 0,
                "total": 1
              }
            },
            {
              "batter": "O Davies",
              "bowler": "LN O'Connor",
              "extras": {
                "wides": 1
              },
              "non_striker": "SW Billings",
              "runs": {
                "batter": 0,
                "extras": 1,
                "total": 1
              }
            },
            {
              "batter": "O Davies",
              "bowler": "LN O'Connor",
              "non_striker": "SW Billings",
              "runs": {
                "batter": 1,
                "extras": 0,
                "total": 1
              }
            },
            {
              "batter": "SW Billings",
              "bowler": "LN O'Connor",
              "non_striker": "O Davies",
              "runs": {
                "batter": 4,
                "extras": 0,
                "total": 4
              }
            },
            {
              "batter": "SW Billings",
              "bowler": "LN O'Connor",
              "non_striker": "O Davies",
              "runs": {
                "batter": 1,
                "extras": 0,
                "total": 1
              }
            },
            {
              "batter": "O Davies",
              "bowler": "LN O'Connor",
              "non_striker": "SW Billings",
              "runs": {
                "batter": 0,
                "extras": 0,
                "total": 0
              },
              "wickets": [
                {
                  "player_out": "SW Billings",
                  "kind": "run out"
                }
              ]
            }
          ]
        },
        {
          "over": 11,
          "deliveries": [
            {
              "batter": "O Davies",
              "bowler": "TM Head",
              "non_striker": "AI Ross",
              "runs": {
                "batter": 1,
                "extras": 0,
                "total": 1
              }
            },
            {
              "batter": "AI Ross",
              "bowler": "TM Head",
              "non_striker": "O Davies",
              "runs": {
                "batter": 2,
                "extras": 0,
                "total": 2
              }
            },
            {
              "batter": "AI Ross",
              "bowler": "TM Head",
              "non_striker": "O Davies",
              "runs": {
                "batter": 1,
                "extras": 0,
                "total": 1
              }
            },
            {
              "batter": "O Davies",
              "bowler": "TM Head",
              "non_striker": "AI Ross",
              "runs": {
                "batter": 0,
                "extras": 0,
                "total": 0
              },
              "wickets": [
                {
                  "player_out": "O Davies",
                  "fielders": [
                    {
                      "name": "AT Carey"
                    }
                  ],
                  "kind": "caught"
                }
              ]
            },
            {
              "batter": "CJ Green",
              "bowler": "TM Head",
              "non_striker": "AI Ross",
              "runs": {
                "batter": 1,
                "extras": 0,
                "total": 1
              }
            },
            {
              "batter": "AI Ross",
              "bowler": "TM Head",
              "non_striker": "CJ Green",
              "runs": {
                "batter": 1,
                "extras": 0,
                "total": 1
              }
            }
          ]
        },
        {
          "over": 12,
          "deliveries": [
            {
              "batter": "AI Ross",
              "bowler": "DR Briggs",
              "non_striker": "CJ Green",
              "runs": {
                "batter": 1,
                "extras": 0,
                "total": 1
              }
            },
            {
              "batter": "CJ Green",
              "bowler": "DR Briggs",
              "non_striker": "AI Ross",
              "runs": {
                "batter": 0,
                "extras": 0,
                "total": 0
              }
            },
            {
              "batter": "CJ Green",
              "bowler": "DR Briggs",
              "non_striker": "AI Ross",
              "runs": {
                "batter": 1,
                "extras": 0,
                "total": 1
              }
            },
            {
              "batter": "AI Ross",
              "bowler": "DR Briggs",
              "non_striker": "CJ Green",
              "runs": {
                "batter": 1,
                "extras": 0,
                "total": 1
              }
            },
            {
              "batter": "CJ Green",
              "bowler": "DR Briggs",
              "non_striker": "AI Ross",
              "runs": {
                "batter": 1,
                "extras": 0,
                "total": 1
              }
            },
            {
              "batter": "AI Ross",
              "bowler": "DR Briggs",
              "non_striker": "CJ Green",
              "runs": {
                "batter": 4,
                "extras": 0,
                "total": 4
              }
            }
          ]
        },
        {
          "over": 13,
          "deliveries": [
            {
              "batter": "CJ Green",
              "bowler": "LN O'Connor",
              "non_striker": "AI Ross",
              "runs": {
                "batter": 1,
                "extras": 0,
                "total": 1
              }
            },
            {
              "batter": "AI Ross",
              "bowler": "LN O'Connor",
              "non_striker": "CJ Green",
              "runs": {
                "batter": 1,
                "extras": 0,
                "total": 1
              }
            },
            {
              "batter": "CJ Green",
              "bowler": "LN O'Connor",
              "non_striker": "AI Ross",
              "runs": {
                "batter": 0,
                "extras": 0,
                "total": 0
              }
            },
            {
              "batter": "CJ Green",
              "bowler": "LN O'Connor",
              "non_striker": "AI Ross",
              "runs": {
                "batter": 0,
                "extras": 0,
                "total": 0
              },
              "wickets": [
                {
                  "player_out": "CJ Green",
                  "kind": "bowled"
                }
              ]
            },
            {
              "batter": "BCJ Cutting",
              "bowler": "LN O'Connor",
              "non_striker": "AI Ross",
              "runs": {
                "batter": 1,
                "extras": 0,
                "total": 1
              }
            },
            {
              "batter": "AI Ross",
              "bowler": "LN O'Connor",
              "non_striker": "BCJ Cutting",
              "runs": {
                "batter": 1,
                "extras": 0,
                "total": 1
              }
            }
          ]
        },
        {
          "over": 14,
          "deliveries": [
            {
              "batter": "AI Ross",
              "bowler": "DR Briggs",
              "non_striker": "BCJ Cutting",
              "runs": {
                "batter": 0,
                "extras": 0,
                "total": 0
              }
            },
            {
              "batter": "AI Ross",
              "bowler": "DR Briggs",
              "non_striker": "BCJ Cutting",
              "runs": {
                "batter": 1,
                "extras": 0,
                "total": 1
              }
            },
            {
              "batter": "BCJ Cutting",
              "bowler": "DR Briggs",
              "non_striker": "AI Ross",
              "runs": {
                "batter": 1,
                "extras": 0,
                "total": 1
              }
            },
            {
              "batter": "AI Ross",
              "bowler": "DR Briggs",
              "non_striker": "BCJ Cutting",
              "runs": {
                "batter": 1,
                "extras": 0,
                "total": 1
              }
            },
            {
              "batter": "BCJ Cutting",
              "bowler": "DR Briggs",
              "non_striker": "AI Ross",
              "runs": {
                "batter": 0,
                "extras": 0,
                "total": 0
              }
            },
            {
              "batter": "BCJ Cutting",
              "bowler": "DR Briggs",
              "non_striker": "AI Ross",
              "runs": {
                "batter": 0,
                "extras": 0,
                "total": 0
              }
            }
          ]
        },
        {
          "over": 15,
          "deliveries": [
            {
              "batter": "AI Ross",
              "bowler": "LN O'Connor",
              "non_striker": "BCJ Cutting",
              "runs": {
                "batter": 1,
                "extras": 0,
                "total": 1
              }
            },
            {
              "batter": "BCJ Cutting",
              "bowler": "LN O'Connor",
              "non_striker": "AI Ross",
              "runs": {
                "batter": 0,
                "extras": 0,
                "total": 0
              }
            },
            {
              "batter": "BCJ Cutting",
              "bowler": "LN O'Connor",
              "non_striker": "AI Ross",
              "runs": {
                "batter": 1,
                "extras": 0,
                "total": 1
              }
            },
            {
              "batter": "AI Ross",
              "bowler": "LN O'Connor",
              "non_striker": "BCJ Cutting",
              "runs": {
                "batter": 2,
                "extras": 0,
                "total": 2
              }
            },
            {
              "batter": "AI Ross",
              "bowler": "LN O'Connor",
              "non_striker": "BCJ Cutting",
              "runs": {
                "batter": 1,
                "extras": 0,
                "total": 1
              }
            },
            {
              "batter": "BCJ Cutting",
              "bowler": "LN O'Connor",
              "non_striker": "AI Ross",
              "runs": {
                "batter": 4,
                "extras": 0,
                "total": 4
              }
            }
          ]
        },
        {
          "over": 16,
          "deliveries": [
            {
              "batter": "AI Ross",
              "bowler": "PM Siddle",
              "non_striker": "BCJ Cutting",
              "runs": {
                "batter": 0,
                "extras": 0,
                "total": 0
              }
            },
            {
              "batter": "AI Ross",
              "bowler": "PM Siddle",
              "non_striker": "BCJ Cutting",
              "runs": {
                "batter": 0,
                "extras": 0,
                "total": 0
              }
            },
            {
              "batter": "AI Ross",
              "bowler": "PM Siddle",
              "non_striker": "BCJ Cutting",
              "runs": {
                "batter": 0,
                "extras": 0,
                "total": 0
              }
            },
            {
              "batter": "AI Ross",
              "bowler": "PM Siddle",
              "non_striker": "BCJ Cutting",
              "runs": {
                "batter": 0,
                "extras": 0,
                "total": 0
              },
              "wickets": [
                {
                  "player_out": "AI Ross",
                  "fielders": [
                    {
                      "name": "J Weatherald"
                    }
                  ],
                  "kind": "caught"
                }
              ]
            },
            {
              "batter": "N McAndrew",
              "bowler": "PM Siddle",
              "non_striker": "BCJ Cutting",
              "runs": {
                "batter": 0,
                "extras": 0,
                "total": 0
              }
            },
            {
              "batter": "N McAndrew",
              "bowler": "PM Siddle",
              "non_striker": "BCJ Cutting",
              "runs": {
                "batter": 1,
                "extras": 0,
                "total": 1
              }
            }
          ]
        },
        {
          "over": 17,
          "deliveries": [
            {
              "batter": "N McAndrew",
              "bowler": "WA Agar",
              "non_striker": "BCJ Cutting",
              "runs": {
                "batter": 0,
                "extras": 0,
                "total": 0
              }
            },
            {
              "batter": "N McAndrew",
              "bowler": "WA Agar",
              "non_striker": "BCJ Cutting",
              "runs": {
                "batter": 2,
                "extras": 0,
                "total": 2
              }
            },
            {
              "batter": "N McAndrew",
              "bowler": "WA Agar",
              "non_striker": "BCJ Cutting",
              "runs": {
                "batter": 4,
                "extras": 0,
                "total": 4
              }
            },
            {
              "batter": "N McAndrew",
              "bowler": "WA Agar",
              "extras": {
                "wides": 1
              },
              "non_striker": "BCJ Cutting",
              "runs": {
                "batter": 0,
                "extras": 1,
                "total": 1
              }
            },
            {
              "batter": "N McAndrew",
              "bowler": "WA Agar",
              "non_striker": "BCJ Cutting",
              "runs": {
                "batter": 4,
                "extras": 0,
                "total": 4
              }
            },
            {
              "batter": "N McAndrew",
              "bowler": "WA Agar",
              "non_striker": "BCJ Cutting",
              "runs": {
                "batter": 0,
                "extras": 0,
                "total": 0
              }
            },
            {
              "batter": "N McAndrew",
              "bowler": "WA Agar",
              "non_striker": "BCJ Cutting",
              "runs": {
                "batter": 4,
                "extras": 0,
                "total": 4
              }
            }
          ]
        },
        {
          "over": 18,
          "deliveries": [
            {
              "batter": "BCJ Cutting",
              "bowler": "PM Siddle",
              "non_striker": "N McAndrew",
              "runs": {
                "batter": 0,
                "extras": 0,
                "total": 0
              }
            },
            {
              "batter": "BCJ Cutting",
              "bowler": "PM Siddle",
              "non_striker": "N McAndrew",
              "runs": {
                "batter": 0,
                "extras": 0,
                "total": 0
              }
            },
            {
              "batter": "BCJ Cutting",
              "bowler": "PM Siddle",
              "non_striker": "N McAndrew",
              "runs": {
                "batter": 4,
                "extras": 0,
                "total": 4
              }
            },
            {
              "batter": "BCJ Cutting",
              "bowler": "PM Siddle",
              "non_striker": "N McAndrew",
              "runs": {
                "batter": 1,
                "extras": 0,
                "total": 1
              }
            },
            {
              "batter": "N McAndrew",
              "bowler": "PM Siddle",
              "non_striker": "BCJ Cutting",
              "runs": {
                "batter": 0,
                "extras": 0,
                "total": 0
              }
            },
            {
              "batter": "N McAndrew",
              "bowler": "PM Siddle",
              "non_striker": "BCJ Cutting",
              "runs": {
                "batter": 2,
                "extras": 0,
                "total": 2
              }
            }
          ]
        },
        {
          "over": 19,
          "deliveries": [
            {
              "batter": "BCJ Cutting",
              "bowler": "WA Agar",
              "non_striker": "N McAndrew",
              "runs": {
                "batter": 6,
                "extras": 0,
                "total": 6
              }
            },
            {
              "batter": "BCJ Cutting",
              "bowler": "WA Agar",
              "non_striker": "N McAndrew",
              "runs": {
                "batter": 0,
                "extras": 0,
                "total": 0
              }
            },
            {
              "batter": "BCJ Cutting",
              "bowler": "WA Agar",
              "non_striker": "N McAndrew",
              "runs": {
                "batter": 2,
                "extras": 0,
                "total": 2
              }
            },
            {
              "batter": "BCJ Cutting",
              "bowler": "WA Agar",
              "non_striker": "N McAndrew",
              "runs": {
                "batter": 0,
                "extras": 0,
                "total": 0
              }
            },
            {
              "batter": "BCJ Cutting",
              "bowler": "WA Agar",
              "non_striker": "N McAndrew",
              "runs": {
                "batter": 4,
                "extras": 0,
                "total": 4
              }
            },
            {
              "batter": "BCJ Cutting",
              "bowler": "WA Agar",
              "extras": {
                "legbyes": 4
              },
              "non_striker": "N McAndrew",
              "runs": {
                "batter": 0,
                "extras": 4,
                "total": 4
              }
            }
          ]
        }
      ],
      "powerplays": [
        {
          "from": 0.1,
          "to": 3.6,
          "type": "mandatory"
        },
        {
          "from": 17.1,
          "to": 18.6,
          "type": "batting"
        }
      ],
      "target": {
        "overs": 20,
        "runs": 160
      }
    }
  ]
}