{
  "meta": {
    "data_version": "1.1.0",
    "created": "2021-12-05",
    "revision": 1
  },
  "info": {
    "balls_per_over": 6,
    "city": "Sydney",
    "dates": [
      "2021-12-05"
    ],
    "event": {
      "name": "Big Bash League",
      "match_number": 1
    },
    "gender": "male",
    "match_type": "T20",
    "officials": {
      "match_referees": [
        "Dave Gilbert"
      ],
      "reserve_umpires": [
        "Roberto Howard"
      ],
      "tv_umpires": [
        "GA Abood"
      ],
      "umpires": [
        "MW Graham-Smith",
        "PJ Gillespie"
      ]
    },
    "outcome": {
      "winner": "Sydney Sixers",
      "by": {
        "runs": 152
      }
    },
    "overs": 20,
    "player_of_match": [
      "JR Philippe"
    ],
    "players": {
      "Sydney Sixers": [
        "JR Philippe",
        "JM Vince",
        "MC Henriques",
        "DT Christian",
        "TK Curran",
        "JC Silk",
        "DP Hughes",
        "SA Abbott",
        "H Kerr",
        "CJ Jordan",
        "SNJ O'Keefe"
      ],
      "Melbourne Stars": [
        "JM Clarke",
        "PM Nevill",
        "NCR Larkin",
        "GJ Maxwell",
        "HWR Cartwright",
        "BJ Webster",
        "SM Elliott",
        "SL Rainbird",
        "A Zampa",
        "BL Couch",
        "Syed Faridoun"
      ]
    },
    "registry": {
      "people": {
        "A Zampa": "14f96089",
        "BJ Webster": "56b93d46",
        "BL Couch": "be69e09d",
        "CJ Jordan": "ffe699c0",
        "DP Hughes": "f3982af9",
        "DT Christian": "2a2e6343",
        "Dave Gilbert": "aa782370",
        "GA Abood": "a4af5528",
        "GJ Maxwell": "b681e71e",
        "H Kerr": "f422728b",
        "HWR Cartwright": "ab965cad",
        "JC Silk": "7a6dc294",
        "JM Clarke": "2eca67f5",
        "JM Vince": "a15618fe",
        "JR Philippe": "39086549",
        "MC Henriques": "32198ae0",
        "MW Graham-Smith": "18aca3ce",
        "NCR Larkin": "02bce9a8",
        "PJ Gillespie": "3e253a50",
        "PM Nevill": "a22fb7b5",
        "Roberto Howard": "eec90c4b",
        "SA Abbott": "1a2676c5",
        "SL Rainbird": "e7dd5eca",
        "SM Elliott": "00cda8e4",
        "SNJ O'Keefe": "3540beff",
        "Syed Faridoun": "43d9353a",
        "TK Curran": "e86754b2"
      }
    },
    "season": "2021/22",
    "team_type": "club",
    "teams": [
      "Sydney Sixers",
      "Melbourne Stars"
    ],
    "toss": {
      "decision": "field",
      "winner": "Melbourne Stars"
    },
    "venue": "Sydney Cricket Ground"
  },
  "innings": [
    {
      "team": "Sydney Sixers",
      "overs": [
        {
          "over": 0,
          "deliveries": [
            {
              "batter": "JR Philippe",
              "bowler": "SM Elliott",
              "non_striker": "JM Vince",
              "runs": {
                "batter": 0,
                "extras": 0,
                "total": 0
              }
            },
            {
              "batter": "JR Philippe",
              "bowler": "SM Elliott",
              "non_striker": "JM Vince",
              "runs": {
                "batter": 1,
                "extras": 0,
                "total": 1
              }
            },
            {
              "batter": "JM Vince",
              "bowler": "SM Elliott",
              "non_striker": "JR Philippe",
              "runs": {
                "batter": 1,
                "extras": 0,
                "total": 1
              }
            },
            {
              "batter": "JR Philippe",
              "bowler": "SM Elliott",
              "non_striker": "JM Vince",
              "runs": {
                "batter": 1,
                "extras": 0,
                "total": 1
              }
            },
            {
              "batter": "JM Vince",
              "bowler": "SM Elliott",
              "non_striker": "JR Philippe",
              "runs": {
                "batter": 0,
                "extras": 0,
                "total": 0
              }
            },
            {
              "batter": "JM Vince",
              "bowler": "SM Elliott",
              "non_striker": "JR Philippe",
              "runs": {
                "batter": 1,
                "extras": 0,
                "total": 1
              }
            }
          ]
        },
        {
          "over": 1,
          "deliveries": [
            {
              "batter": "JM Vince",
              "bowler": "SL Rainbird",
              "non_striker": "JR Philippe",
              "runs": {
                "batter": 0,
                "extras": 0,
                "total": 0
              }
            },
            {
              "batter": "JM Vince",
              "bowler": "SL Rainbird",
              "non_striker": "JR Philippe",
              "runs": {
                "batter": 1,
                "extras": 0,
                "total": 1
              }
            },
            {
              "batter": "JR Philippe",
              "bowler": "SL Rainbird",
              "non_striker": "JM Vince",
              "runs": {
                "batter": 1,
                "extras": 0,
                "total": 1
              }
            },
            {
              "batter": "JM Vince",
              "bowler": "SL Rainbird",
              "non_striker": "JR Philippe",
              "runs": {
                "batter": 2,
                "extras": 0,
                "total": 2
              }
            },
            {
              "batter": "JM Vince",
              "bowler": "SL Rainbird",
              "non_striker": "JR Philippe",
              "runs": {
                "batter": 1,
                "extras": 0,
                "total": 1
              }
            },
            {
              "batter": "JR Philippe",
              "bowler": "SL Rainbird",
              "non_striker": "JM Vince",
              "runs": {
                "batter": 0,
                "extras": 0,
                "total": 0
              }
            }
          ]
        },
        {
          "over": 2,
          "deliveries": [
            {
              "batter": "JM Vince",
              "bowler": "SM Elliott",
              "non_striker": "JR Philippe",
              "runs": {
                "batter": 0,
                "extras": 0,
                "total": 0
              }
            },
            {
              "batter": "JM Vince",
              "bowler": "SM Elliott",
              "non_striker": "JR Philippe",
              "runs": {
                "batter": 1,
                "extras": 0,
                "total": 1
              }
            },
            {
              "batter": "JR Philippe",
              "bowler": "SM Elliott",
              "non_striker": "JM Vince",
              "runs": {
                "batter": 4,
                "extras": 0,
                "total": 4
              }
            },
            {
              "batter": "JR Philippe",
              "bowler": "SM Elliott",
              "non_striker": "JM Vince",
              "runs": {
                "batter": 3,
                "extras": 0,
                "total": 3
              }
            },
            {
              "batter": "JM Vince",
              "bowler": "SM Elliott",
              "non_striker": "JR Philippe",
              "runs": {
                "batter": 0,
                "extras": 0,
                "total": 0
              }
            },
            {
              "batter": "JM Vince",
              "bowler": "SM Elliott",
              "non_striker": "JR Philippe",
              "runs": {
                "batter": 4,
                "extras": 0,
                "total": 4
              }
            }
          ]
        },
        {
          "over": 3,
          "deliveries": [
            {
              "batter": "JR Philippe",
              "bowler": "SL Rainbird",
              "non_striker": "JM Vince",
              "runs": {
                "batter": 4,
                "extras": 0,
                "total": 4
              }
            },
            {
              "batter": "JR Philippe",
              "bowler": "SL Rainbird",
              "non_striker": "JM Vince",
              "runs": {
                "batter": 1,
                "extras": 0,
                "total": 1
              }
            },
            {
              "batter": "JM Vince",
              "bowler": "SL Rainbird",
              "non_striker": "JR Philippe",
              "runs": {
                "batter": 4,
                "extras": 0,
                "total": 4
              }
            },
            {
              "batter": "JM Vince",
              "bowler": "SL Rainbird",
              "non_striker": "JR Philippe",
              "runs": {
                "batter": 2,
                "extras": 0,
                "total": 2
              }
            },
            {
              "batter": "JM Vince",
              "bowler": "SL Rainbird",
              "non_striker": "JR Philippe",
              "runs": {
                "batter": 4,
                "extras": 0,
                "total": 4
              }
            },
            {
              "batter": "JM Vince",
              "bowler": "SL Rainbird",
              "non_striker": "JR Philippe",
              "runs": {
                "batter": 4,
                "extras": 0,
                "total": 4
              }
            }
          ]
        },
        {
          "over": 4,
          "deliveries": [
            {
              "batter": "JR Philippe",
              "bowler": "Syed Faridoun",
              "non_striker": "JM Vince",
              "runs": {
                "batter": 4,
                "extras": 0,
                "total": 4
              }
            },
            {
              "batter": "JR Philippe",
              "bowler": "Syed Faridoun",
              "non_striker": "JM Vince",
              "runs": {
                "batter": 0,
                "extras": 0,
                "total": 0
              }
            },
            {
              "batter": "JR Philippe",
              "bowler": "Syed Faridoun",
              "non_striker": "JM Vince",
              "runs": {
                "batter": 0,
                "extras": 0,
                "total": 0
              }
            },
            {
              "batter": "JR Philippe",
              "bowler": "Syed Faridoun",
              "non_striker": "JM Vince",
              "runs": {
                "batter": 1,
                "extras": 0,
                "total": 1
              }
            },
            {
              "batter": "JM Vince",
              "bowler": "Syed Faridoun",
              "non_striker": "JR Philippe",
              "runs": {
                "batter": 0,
                "extras": 0,
                "total": 0
              }
            },
            {
              "batter": "JM Vince",
              "bowler": "Syed Faridoun",
              "non_striker": "JR Philippe",
              "runs": {
                "batter": 0,
                "extras": 0,
                "total": 0
              }
            }
          ]
        },
        {
          "over": 5,
          "deliveries": [
            {
              "batter": "JR Philippe",
              "bowler": "A Zampa",
              "non_striker": "JM Vince",
              "runs": {
                "batter": 0,
                "extras": 0,
                "total": 0
              }
            },
            {
              "batter": "JR Philippe",
              "bowler": "A Zampa",
              "non_striker": "JM Vince",
              "runs": {
                "batter": 1,
                "extras": 0,
                "total": 1
              }
            },
            {
              "batter": "JM Vince",
              "bowler": "A Zampa",
              "non_striker": "JR Philippe",
              "runs": {
                "batter": 0,
                "extras": 0,
                "total": 0
              }
            },
            {
              "batter": "JM Vince",
              "bowler": "A Zampa",
              "non_striker": "JR Philippe",
              "runs": {
                "batter": 3,
                "extras": 0,
                "total": 3
              }
            },
            {
              "batter": "JR Philippe",
              "bowler": "A Zampa",
              "non_striker": "JM Vince",
              "runs": {
                "batter": 1,
                "extras": 0,
                "total": 1
              }
            },
            {
              "batter": "JM Vince",
              "bowler": "A Zampa",
              "non_striker": "JR Philippe",
              "runs": {
                "batter": 4,
                "extras": 0,
                "total": 4
              }
            }
          ]
        },
        {
          "over": 6,
          "deliveries": [
            {
              "batter": "JR Philippe",
              "bowler": "Syed Faridoun",
              "non_striker": "JM Vince",
              "runs": {
                "batter": 4,
                "extras": 0,
                "total": 4
              }
            },
            {
              "batter": "JR Philippe",
              "bowler": "Syed Faridoun",
              "non_striker": "JM Vince",
              "runs": {
                "batter": 2,
                "extras": 0,
                "total": 2
              }
            },
            {
              "batter": "JR Philippe",
              "bowler": "Syed Faridoun",
              "non_striker": "JM Vince",
              "runs": {
                "batter": 1,
                "extras": 0,
                "total": 1
              }
            },
            {
              "batter": "JM Vince",
              "bowler": "Syed Faridoun",
              "non_striker": "JR Philippe",
              "runs": {
                "batter": 2,
                "extras": 0,
                "total": 2
              }
            },
            {
              "batter": "JM Vince",
              "bowler": "Syed Faridoun",
              "non_striker": "JR Philippe",
              "runs": {
                "batter": 1,
                "extras": 0,
                "total": 1
              }
            },
            {
              "batter": "JR Philippe",
              "bowler": "Syed Faridoun",
              "non_striker": "JM Vince",
              "runs": {
                "batter": 1,
                "extras": 0,
                "total": 1
              }
            }
          ]
        },
        {
          "over": 7,
          "deliveries": [
            {
              "batter": "JR Philippe",
              "bowler": "A Zampa",
              "non_striker": "JM Vince",
              "runs": {
                "batter": 1,
                "extras": 0,
                "total": 1
              }
            },
            {
              "batter": "JM Vince",
              "bowler": "A Zampa",
              "non_striker": "JR Philippe",
              "runs": {
                "batter": 1,
                "extras": 0,
                "total": 1
              }
            },
            {
              "batter": "JR Philippe",
              "bowler": "A Zampa",
              "non_striker": "JM Vince",
              "runs": {
                "batter": 0,
                "extras": 0,
                "total": 0
              }
            },
            {
              "batter": "JR Philippe",
              "bowler": "A Zampa",
              "non_striker": "JM Vince",
              "runs": {
                "batter": 1,
                "extras": 0,
                "total": 1
              }
            },
            {
              "batter": "JM Vince",
              "bowler": "A Zampa",
              "non_striker": "JR Philippe",
              "runs": {
                "batter": 1,
                "extras": 0,
                "total": 1
              }
            },
            {
              "batter": "JR Philippe",
              "bowler": "A Zampa",
              "non_striker": "JM Vince",
              "runs": {
                "batter": 0,
                "extras": 0,
                "total": 0
              }
            }
          ]
        },
        {
          "over": 8,
          "deliveries": [
            {
              "batter": "JM Vince",
              "bowler": "BL Couch",
              "non_striker": "JR Philippe",
              "runs": {
                "batter": 1,
                "extras": 0,
                "total": 1
              }
            },
            {
              "batter": "JR Philippe",
              "bowler": "BL Couch",
              "non_striker": "JM Vince",
              "runs": {
                "batter": 1,
                "extras": 0,
                "total": 1
              }
            },
            {
              "batter": "JM Vince",
              "bowler": "BL Couch",
              "non_striker": "JR Philippe",
              "runs": {
                "batter": 1,
                "extras": 0,
                "total": 1
              }
            },
            {
              "batter": "JR Philippe",
              "bowler": "BL Couch",
              "non_striker": "JM Vince",
              "runs": {
                "batter": 2,
                "extras": 0,
                "total": 2
              }
            },
            {
              "batter": "JR Philippe",
              "bowler": "BL Couch",
              "non_striker": "JM Vince",
              "runs": {
                "batter": 4,
                "extras": 0,
                "total": 4
              }
            },
            {
              "batter": "JR Philippe",
              "bowler": "BL Couch",
              "non_striker": "JM Vince",
              "runs": {
                "batter": 6,
                "extras": 0,
                "total": 6
              }
            }
          ]
        },
        {
          "over": 9,
          "deliveries": [
            {
              "batter": "JM Vince",
              "bowler": "GJ Maxwell",
              "non_striker": "JR Philippe",
              "runs": {
                "batter": 1,
                "extras": 0,
                "total": 1
              }
            },
            {
              "batter": "JR Philippe",
              "bowler": "GJ Maxwell",
              "non_striker": "JM Vince",
              "runs": {
                "batter": 1,
                "extras": 0,
                "total": 1
              }
            },
            {
              "batter": "JM Vince",
              "bowler": "GJ Maxwell",
              "non_striker": "JR Philippe",
              "runs": {
                "batter": 4,
                "extras": 0,
                "total": 4
              }
            },
            {
              "batter": "JM Vince",
              "bowler": "GJ Maxwell",
              "non_striker": "JR Philippe",
              "runs": {
                "batter": 0,
                "extras": 0,
                "total": 0
              },
              "wickets": [
                {
                  "player_out": "JM Vince",
                  "fielders": [
                    {
                      "name": "A Zampa"
                    }
                  ],
                  "kind": "caught"
                }
              ]
            },
            {
              "batter": "MC Henriques",
              "bowler": "GJ Maxwell",
              "non_striker": "JR Philippe",
              "runs": {
                "batter": 1,
                "extras": 0,
                "total": 1
              }
            },
            {
              "batter": "JR Philippe",
              "bowler": "GJ Maxwell",
              "non_striker": "MC Henriques",
              "runs": {
                "batter": 1,
                "extras": 0,
                "total": 1
              }
            }
          ]
        },
        {
          "over": 10,
          "deliveries": [
            {
              "batter": "JR Philippe",
              "bowler": "Syed Faridoun",
              "non_striker": "MC Henriques",
              "runs": {
                "batter": 1,
                "extras": 0,
                "total": 1
              }
            },
            {
              "batter": "MC Henriques",
              "bowler": "Syed Faridoun",
              "non_striker": "JR Philippe",
              "runs": {
                "batter": 0,
                "extras": 0,
                "total": 0
              }
            },
            {
              "batter": "MC Henriques",
              "bowler": "Syed Faridoun",
              "non_striker": "JR Philippe",
              "runs": {
                "batter": 2,
                "extras": 0,
                "total": 2
              }
            },
            {
              "batter": "MC Henriques",
              "bowler": "Syed Faridoun",
              "extras": {
                "wides": 1
              },
              "non_striker": "JR Philippe",
              "runs": {
                "batter": 0,
                "extras": 1,
                "total": 1
              }
            },
            {
              "batter": "MC Henriques",
              "bowler": "Syed Faridoun",
              "non_striker": "JR Philippe",
              "runs": {
                "batter": 6,
                "extras": 0,
                "total": 6
              }
            },
            {
              "batter": "MC Henriques",
              "bowler": "Syed Faridoun",
              "non_striker": "JR Philippe",
              "runs": {
                "batter": 1,
                "extras": 0,
                "total": 1
              }
            },
            {
              "batter": "JR Philippe",
              "bowler": "Syed Faridoun",
              "non_striker": "MC Henriques",
              "runs": {
                "batter": 1,
                "extras": 0,
                "total": 1
              }
            }
          ]
        },
        {
          "over": 11,
          "deliveries": [
            {
              "batter": "JR Philippe",
              "bowler": "GJ Maxwell",
              "non_striker": "MC Henriques",
              "runs": {
                "batter": 1,
                "extras": 0,
                "total": 1
              }
            },
            {
              "batter": "MC Henriques",
              "bowler": "GJ Maxwell",
              "non_striker": "JR Philippe",
              "runs": {
                "batter": 1,
                "extras": 0,
                "total": 1
              }
            },
            {
              "batter": "JR Philippe",
              "bowler": "GJ Maxwell",
              "non_striker": "MC Henriques",
              "runs": {
                "batter": 1,
                "extras": 0,
                "total": 1
              }
            },
            {
              "batter": "MC Henriques",
              "bowler": "GJ Maxwell",
              "non_striker": "JR Philippe",
              "runs": {
                "batter": 1,
                "extras": 0,
                "total": 1
              }
            },
            {
              "batter": "JR Philippe",
              "bowler": "GJ Maxwell",
              "non_striker": "MC Henriques",
              "runs": {
                "batter": 1,
                "extras": 0,
                "total": 1
              }
            },
            {
              "batter": "MC Henriques",
              "bowler": "GJ Maxwell",
              "non_striker": "JR Philippe",
              "runs": {
                "batter": 4,
                "extras": 0,
                "total": 4
              }
            }
          ]
        },
        {
          "over": 12,
          "deliveries": [
            {
              "batter": "JR Philippe",
              "bowler": "A Zampa",
              "non_striker": "MC Henriques",
              "runs": {
                "batter": 1,
                "extras": 0,
                "total": 1
              }
            },
            {
              "batter": "MC Henriques",
              "bowler": "A Zampa",
              "non_striker": "JR Philippe",
              "runs": {
                "batter": 4,
                "extras": 0,
                "total": 4
              }
            },
            {
              "batter": "MC Henriques",
              "bowler": "A Zampa",
              "non_striker": "JR Philippe",
              "runs": {
                "batter": 2,
                "extras": 0,
                "total": 2
              }
            },
            {
              "batter": "MC Henriques",
              "bowler": "A Zampa",
              "non_striker": "JR Philippe",
              "runs": {
                "batter": 0,
                "extras": 0,
                "total": 0
              }
            },
            {
              "batter": "MC Henriques",
              "bowler": "A Zampa",
              "non_striker": "JR Philippe",
              "runs": {
                "batter": 1,
                "extras": 0,
                "total": 1
              }
            },
            {
              "batter": "JR Philippe",
              "bowler": "A Zampa",
              "non_striker": "MC Henriques",
              "runs": {
                "batter": 2,
                "extras": 0,
                "total": 2
              }
            }
          ]
        },
        {
          "over": 13,
          "deliveries": [
            {
              "batter": "MC Henriques",
              "bowler": "SL Rainbird",
              "non_striker": "JR Philippe",
              "runs": {
                "batter": 2,
                "extras": 0,
                "total": 2
              }
            },
            {
              "batter": "MC Henriques",
              "bowler": "SL Rainbird",
              "non_striker": "JR Philippe",
              "runs": {
                "batter": 1,
                "extras": 0,
                "total": 1
              }
            },
            {
              "batter": "JR Philippe",
              "bowler": "SL Rainbird",
              "non_striker": "MC Henriques",
              "runs": {
                "batter": 4,
                "extras": 0,
                "total": 4
              }
            },
            {
              "batter": "JR Philippe",
              "bowler": "SL Rainbird",
              "non_striker": "MC Henriques",
              "runs": {
                "batter": 6,
                "extras": 0,
                "total": 6
              }
            },
            {
              "batter": "JR Philippe",
              "bowler": "SL Rainbird",
              "non_striker": "MC Henriques",
              "runs": {
                "batter": 2,
                "extras": 0,
                "total": 2
              }
            },
            {
              "batter": "JR Philippe",
              "bowler": "SL Rainbird",
              "extras": {
                "wides": 1
              },
              "non_striker": "MC Henriques",
              "runs": {
                "batter": 0,
                "extras": 1,
                "total": 1
              }
            },
            {
              "batter": "JR Philippe",
              "bowler": "SL Rainbird",
              "non_striker": "MC Henriques",
              "runs": {
                "batter": 6,
                "extras": 0,
                "total": 6
              }
            }
          ]
        },
        {
          "over": 14,
          "deliveries": [
            {
              "batter": "MC Henriques",
              "bowler": "A Zampa",
              "non_striker": "JR Philippe",
              "runs": {
                "batter": 1,
                "extras": 0,
                "total": 1
              }
            },
            {
              "batter": "JR Philippe",
              "bowler": "A Zampa",
              "non_striker": "MC Henriques",
              "runs": {
                "batter": 1,
                "extras": 0,
                "total": 1
              }
            },
            {
              "batter": "MC Henriques",
              "bowler": "A Zampa",
              "non_striker": "JR Philippe",
              "runs": {
                "batter": 4,
                "extras": 0,
                "total": 4
              }
            },
            {
              "batter": "MC Henriques",
              "bowler": "A Zampa",
              "non_striker": "JR Philippe",
              "runs": {
                "batter": 0,
                "extras": 0,
                "total": 0
              }
            },
            {
              "batter": "MC Henriques",
              "bowler": "A Zampa",
              "non_striker": "JR Philippe",
              "runs": {
                "batter": 1,
                "extras": 0,
                "total": 1
              }
            },
            {
              "batter": "JR Philippe",
              "bowler": "A Zampa",
              "non_striker": "MC Henriques",
              "runs": {
                "batter": 4,
                "extras": 0,
                "total": 4
              }
            }
          ]
        },
        {
          "over": 15,
          "deliveries": [
            {
              "batter": "MC Henriques",
              "bowler": "BL Couch",
              "non_striker": "JR Philippe",
              "runs": {
                "batter": 1,
                "extras": 0,
                "total": 1
              }
            },
            {
              "batter": "JR Philippe",
              "bowler": "BL Couch",
              "non_striker": "MC Henriques",
              "runs": {
                "batter": 4,
                "extras": 0,
                "total": 4
              }
            },
            {
              "batter": "JR Philippe",
              "bowler": "BL Couch",
              "non_striker": "MC Henriques",
              "runs": {
                "batter": 1,
                "extras": 0,
                "total": 1
              }
            },
            {
              "batter": "MC Henriques",
              "bowler": "BL Couch",
              "non_striker": "JR Philippe",
              "runs": {
                "batter": 2,
                "extras": 0,
                "total": 2
              }
            },
            {
              "batter": "MC Henriques",
              "bowler": "BL Couch",
              "non_striker": "JR Philippe",
              "runs": {
                "batter": 4,
                "extras": 0,
                "total": 4
              }
            },
            {
              "batter": "MC Henriques",
              "bowler": "BL Couch",
              "non_striker": "JR Philippe",
              "runs": {
                "batter": 1,
                "extras": 0,
                "total": 1
              }
            }
          ]
        },
        {
          "over": 16,
          "deliveries": [
            {
              "batter": "MC Henriques",
              "bowler": "Syed Faridoun",
              "non_striker": "JR Philippe",
              "runs": {
                "batter": 4,
                "extras": 0,
                "total": 4
              }
            },
            {
              "batter": "MC Henriques",
              "bowler": "Syed Faridoun",
              "non_striker": "JR Philippe",
              "runs": {
                "batter": 0,
                "extras": 0,
                "total": 0
              }
            },
            {
              "batter": "MC Henriques",
              "bowler": "Syed Faridoun",
              "non_striker": "JR Philippe",
              "runs": {
                "batter": 0,
                "extras": 0,
                "total": 0
              }
            },
            {
              "batter": "MC Henriques",
              "bowler": "Syed Faridoun",
              "non_striker": "JR Philippe",
              "runs": {
                "batter": 4,
                "extras": 0,
                "total": 4
              }
            },
            {
              "batter": "MC Henriques",
              "bowler": "Syed Faridoun",
              "non_striker": "JR Philippe",
              "runs": {
                "batter": 0,
                "extras": 0,
                "total": 0
              }
            },
            {
              "batter": "MC Henriques",
              "bowler": "Syed Faridoun",
              "non_striker": "JR Philippe",
              "runs": {
                "batter": 1,
                "extras": 0,
                "total": 1
              }
            }
          ]
        },
        {
          "over": 17,
          "deliveries": [
            {
              "batter": "MC Henriques",
              "bowler": "SM Elliott",
              "non_striker": "JR Philippe",
              "runs": {
                "batter": 6,
                "extras": 0,
                "total": 6
              }
            },
            {
              "batter": "MC Henriques",
              "bowler": "SM Elliott",
              "non_striker": "JR Philippe",
              "runs": {
                "batter": 1,
                "extras": 0,
                "total": 1
              }
            },
            {
              "batter": "JR Philippe",
              "bowler": "SM Elliott",
              "extras": {
                "legbyes": 1
              },
              "non_striker": "MC Henriques",
              "runs": {
                "batter": 0,
                "extras": 1,
                "total": 1
              }
            },
            {
              "batter": "MC Henriques",
              "bowler": "SM Elliott",
              "non_striker": "JR Philippe",
              "runs": {
                "batter": 4,
                "extras": 0,
                "total": 4
              }
            },
            {
              "batter": "MC Henriques",
              "bowler": "SM Elliott",
              "non_striker": "JR Philippe",
              "runs": {
                "batter": 2,
                "extras": 0,
                "total": 2
              }
            },
            {
              "batter": "MC Henriques",
              "bowler": "SM Elliott",
              "non_striker": "JR Philippe",
              "runs": {
                "batter": 0,
                "extras": 0,
                "total": 0
              }
            }
          ]
        },
        {
          "over": 18,
          "deliveries": [
            {
              "batter": "JR Philippe",
              "bowler": "SL Rainbird",
              "non_striker": "MC Henriques",
              "runs": {
                "batter": 0,
                "extras": 0,
                "total": 0
              },
              "wickets": [
                {
                  "player_out": "JR Philippe",
                  "fielders": [
                    {
                      "name": "HWR Cartwright"
                    }
                  ],
                  "kind": "caught"
                }
              ]
            },
            {
              "batter": "MC Henriques",
              "bowler": "SL Rainbird",
              "non_striker": "DT Christian",
              "runs": {
                "batter": 1,
                "extras": 0,
                "total": 1
              }
            },
            {
              "batter": "DT Christian",
              "bowler": "SL Rainbird",
              "non_striker": "MC Henriques",
              "runs": {
                "batter": 4,
                "extras": 0,
                "total": 4
              }
            },
            {
              "batter": "DT Christian",
              "bowler": "SL Rainbird",
              "extras": {
                "wides": 1
              },
              "non_striker": "MC Henriques",
              "runs": {
                "batter": 0,
                "extras": 1,
                "total": 1
              }
            },
            {
              "batter": "DT Christian",
              "bowler": "SL Rainbird",
              "non_striker": "MC Henriques",
              "runs": {
                "batter": 0,
                "extras": 0,
                "total": 0
              }
            },
            {
              "batter": "DT Christian",
              "bowler": "SL Rainbird",
              "non_striker": "MC Henriques",
              "runs": {
                "batter": 1,
                "extras": 0,
                "total": 1
              }
            },
            {
              "batter": "MC Henriques",
              "bowler": "SL Rainbird",
              "non_striker": "DT Christian",
              "runs": {
                "batter": 6,
                "extras": 0,
                "total": 6
              }
            }
          ]
        },
        {
          "over": 19,
          "deliveries": [
            {
              "batter": "DT Christian",
              "bowler": "BL Couch",
              "non_striker": "MC Henriques",
              "runs": {
                "batter": 0,
                "extras": 0,
                "total": 0
              }
            },
            {
              "batter": "DT Christian",
              "bowler": "BL Couch",
              "extras": {
                "wides": 1
              },
              "non_striker": "MC Henriques",
              "runs": {
                "batter": 0,
                "extras": 1,
                "total": 1
              }
            },
            {
              "batter": "DT Christian",
              "bowler": "BL Couch",
              "non_striker": "MC Henriques",
              "runs": {
                "batter": 0,
                "extras": 0,
                "total": 0
              },
              "wickets": [
                {
                  "player_out": "DT Christian",
                  "fielders": [
                    {
                      "name": "HWR Cartwright"
                    }
                  ],
                  "kind": "caught"
                }
              ]
            },
            {
              "batter": "MC Henriques",
              "bowler": "BL Couch",
              "non_striker": "TK Curran",
              "runs": {
                "batter": 1,
                "extras": 0,
                "total": 1
              }
            },
            {
              "batter": "TK Curran",
              "bowler": "BL Couch",
              "non_striker": "MC Henriques",
              "runs": {
                "batter": 0,
                "extras": 0,
                "total": 0
              },
              "wickets": [
                {
                  "player_out": "TK Curran",
                  "fielders": [
                    {
                      "name": "NCR Larkin"
                    }
                  ],
                  "kind": "caught"
                }
              ]
            },
            {
              "batter": "MC Henriques",
              "bowler": "BL Couch",
              "non_striker": "JC Silk",
              "runs": {
                "batter": 2,
                "extras": 0,
                "total": 2
              }
            },
            {
              "batter": "MC Henriques",
              "bowler": "BL Couch",
              "non_striker": "JC Silk",
              "runs": {
                "batter": 4,
                "extras": 0,
                "total": 4
              }
            }
          ]
        }
      ],
      "powerplays": [
        {
          "from": 0.1,
          "to": 3.6,
          "type": "mandatory"
        },
        {
          "from": 13.1,
          "to": 14.6,
          "type": "batting"
        }
      ]
    },
    {
      "team": "Melbourne Stars",
      "overs": [
        {
          "over": 0,
          "deliveries": [
            {
              "batter": "JM Clarke",
              "bowler": "SNJ O'Keefe",
              "non_striker": "PM Nevill",
              "runs": {
                "batter": 1,
                "extras": 0,
                "total": 1
              }
            },
            {
              "batter": "PM Nevill",
              "bowler": "SNJ O'Keefe",
              "non_striker": "JM Clarke",
              "runs": {
                "batter": 1,
                "extras": 0,
                "total": 1
              }
            },
            {
              "batter": "JM Clarke",
              "bowler": "SNJ O'Keefe",
              "non_striker": "PM Nevill",
              "runs": {
                "batter": 0,
                "extras": 0,
                "total": 0
              },
              "wickets": [
                {
                  "player_out": "JM Clarke",
                  "fielders": [
                    {
                      "name": "H Kerr"
                    }
                  ],
                  "kind": "caught"
                }
              ]
            },
            {
              "batter": "NCR Larkin",
              "bowler": "SNJ O'Keefe",
              "extras": {
                "byes": 2
              },
              "non_striker": "PM Nevill",
              "runs": {
                "batter": 0,
                "extras": 2,
                "total": 2
              }
            },
            {
              "batter": "NCR Larkin",
              "bowler": "SNJ O'Keefe",
              "non_striker": "PM Nevill",
              "runs": {
                "batter": 0,
                "extras": 0,
                "total": 0
              },
              "wickets": [
                {
                  "player_out": "NCR Larkin",
                  "kind": "lbw"
                }
              ]
            },
            {
              "batter": "GJ Maxwell",
              "bowler": "SNJ O'Keefe",
              "non_striker": "PM Nevill",
              "runs": {
                "batter": 0,
                "extras": 0,
                "total": 0
              }
            }
          ]
        },
        {
          "over": 1,
          "deliveries": [
            {
              "batter": "PM Nevill",
              "bowler": "SA Abbott",
              "non_striker": "GJ Maxwell",
              "runs": {
                "batter": 1,
                "extras": 0,
                "total": 1
              }
            },
            {
              "batter": "GJ Maxwell",
              "bowler": "SA Abbott",
              "non_striker": "PM Nevill",
              "runs": {
                "batter": 0,
                "extras": 0,
                "total": 0
              }
            },
            {
              "batter": "GJ Maxwell",
              "bowler": "SA Abbott",
              "non_striker": "PM Nevill",
              "runs": {
                "batter": 0,
                "extras": 0,
                "total": 0
              }
            },
            {
              "batter": "GJ Maxwell",
              "bowler": "SA Abbott",
              "non_striker": "PM Nevill",
              "runs": {
                "batter": 2,
                "extras": 0,
                "total": 2
              }
            },
            {
              "batter": "GJ Maxwell",
              "bowler": "SA Abbott",
              "non_striker": "PM Nevill",
              "runs": {
                "batter": 1,
                "extras": 0,
                "total": 1
              }
            },
            {
              "batter": "PM Nevill",
              "bowler": "SA Abbott",
              "non_striker": "GJ Maxwell",
              "runs": {
                "batter": 0,
                "extras": 0,
                "total": 0
              }
            }
          ]
        },
        {
          "over": 2,
          "deliveries": [
            {
              "batter": "GJ Maxwell",
              "bowler": "CJ Jordan",
              "non_striker": "PM Nevill",
              "runs": {
                "batter": 0,
                "extras": 0,
                "total": 0
              }
            },
            {
              "batter": "GJ Maxwell",
              "bowler": "CJ Jordan",
              "non_striker": "PM Nevill",
              "runs": {
                "batter": 1,
                "extras": 0,
                "total": 1
              }
            },
            {
              "batter": "PM Nevill",
              "bowler": "CJ Jordan",
              "non_striker": "GJ Maxwell",
              "runs": {
                "batter": 0,
                "extras": 0,
                "total": 0
              }
            },
            {
              "batter": "PM Nevill",
              "bowler": "CJ Jordan",
              "non_striker": "GJ Maxwell",
              "runs": {
                "batter": 0,
                "extras": 0,
                "total": 0
              }
            },
            {
              "batter": "PM Nevill",
              "bowler": "CJ Jordan",
              "non_striker": "GJ Maxwell",
              "runs": {
                "batter": 3,
                "extras": 0,
                "total": 3
              }
            },
            {
              "batter": "GJ Maxwell",
              "bowler": "CJ Jordan",
              "extras": {
                "wides": 5
              },
              "non_striker": "PM Nevill",
              "runs": {
                "batter": 0,
                "extras": 5,
                "total": 5
              }
            },
            {
              "batter": "GJ Maxwell",
              "bowler": "CJ Jordan",
              "extras": {
                "legbyes": 1
              },
              "non_striker": "PM Nevill",
              "runs": {
                "batter": 0,
                "extras": 1,
                "total": 1
              }
            }
          ]
        },
        {
          "over": 3,
          "deliveries": [
            {
              "batter": "GJ Maxwell",
              "bowler": "SA Abbott",
              "non_striker": "PM Nevill",
              "runs": {
                "batter": 0,
                "extras": 0,
                "total": 0
              },
              "wickets": [
                {
                  "player_out": "GJ Maxwell",
                  "kind": "bowled"
                }
              ]
            },
            {
              "batter": "HWR Cartwright",
              "bowler": "SA Abbott",
              "non_striker": "PM Nevill",
              "runs": {
                "batter": 0,
                "extras": 0,
                "total": 0
              }
            },
            {
              "batter": "HWR Cartwright",
              "bowler": "SA Abbott",
              "non_striker": "PM Nevill",
              "runs": {
                "batter": 0,
                "extras": 0,
                "total": 0
              }
            },
            {
              "batter": "HWR Cartwright",
              "bowler": "SA Abbott",
              "non_striker": "PM Nevill",
              "runs": {
                "batter": 6,
                "extras": 0,
                "total": 6
              }
            },
            {
              "batter": "HWR Cartwright",
              "bowler": "SA Abbott",
              "non_striker": "PM Nevill",
              "runs": {
                "batter": 2,
                "extras": 0,
                "total": 2
              }
            },
            {
              "batter": "HWR Cartwright",
              "bowler": "SA Abbott",
              "non_striker": "PM Nevill",
              "runs": {
                "batter": 0,
                "extras": 0,
                "total": 0
              }
            }
          ]
        },
        {
          "over": 4,
          "deliveries": [
            {
              "batter": "PM Nevill",
              "bowler": "TK Curran",
              "non_striker": "HWR Cartwright",
              "runs": {
                "batter": 0,
                "extras": 0,
                "total": 0
              }
            },
            {
              "batter": "PM Nevill",
              "bowler": "TK Curran",
              "non_striker": "HWR Cartwright",
              "runs": {
                "batter": 2,
                "extras": 0,
                "total": 2
              }
            },
            {
              "batter": "PM Nevill",
              "bowler": "TK Curran",
              "non_striker": "HWR Cartwright",
              "runs": {
                "batter": 1,
                "extras": 0,
                "total": 1
              }
            },
            {
              "batter": "HWR Cartwright",
              "bowler": "TK Curran",
              "non_striker": "PM Nevill",
              "runs": {
                "batter": 1,
                "extras": 0,
                "total": 1
              }
            },
            {
              "batter": "PM Nevill",
              "bowler": "TK Curran",
              "non_striker": "HWR Cartwright",
              "runs": {
                "batter": 4,
                "extras": 0,
                "total": 4
              }
            },
            {
              "batter": "PM Nevill",
              "bowler": "TK Curran",
              "non_striker": "HWR Cartwright",
              "runs": {
                "batter": 1,
                "extras": 0,
                "total": 1
              }
            }
          ]
        },
        {
          "over": 5,
          "deliveries": [
            {
              "batter": "PM Nevill",
              "bowler": "H Kerr",
              "non_striker": "HWR Cartwright",
              "runs": {
                "batter": 4,
                "extras": 0,
                "total": 4
              }
            },
            {
              "batter": "PM Nevill",
              "bowler": "H Kerr",
              "non_striker": "HWR Cartwright",
              "runs": {
                "batter": 1,
                "extras": 0,
                "total": 1
              }
            },
            {
              "batter": "HWR Cartwright",
              "bowler": "H Kerr",
              "non_striker": "PM Nevill",
              "runs": {
                "batter": 0,
                "extras": 0,
                "total": 0
              }
            },
            {
              "batter": "HWR Cartwright",
              "bowler": "H Kerr",
              "non_striker": "PM Nevill",
              "runs": {
                "batter": 1,
                "extras": 0,
                "total": 1
              }
            },
            {
              "batter": "PM Nevill",
              "bowler": "H Kerr",
              "non_striker": "HWR Cartwright",
              "runs": {
                "batter": 0,
                "extras": 0,
                "total": 0
              },
              "wickets": [
                {
                  "player_out": "PM Nevill",
                  "fielders": [
                    {
                      "name": "SNJ O'Keefe"
                    }
                  ],
                  "kind": "caught"
                }
              ]
            },
            {
              "batter": "HWR Cartwright",
              "bowler": "H Kerr",
              "non_striker": "BJ Webster",
              "runs": {
                "batter": 0,
                "extras": 0,
                "total": 0
              },
              "wickets": [
                {
                  "player_out": "HWR Cartwright",
                  "fielders": [
                    {
                      "name": "JM Vince"
                    }
                  ],
                  "kind": "caught"
                }
              ]
            }
          ]
        },
        {
          "over": 6,
          "deliveries": [
            {
              "batter": "BJ Webster",
              "bowler": "SNJ O'Keefe",
              "non_striker": "SM Elliott",
              "runs": {
                "batter": 0,
                "extras": 0,
                "total": 0
              }
            },
            {
              "batter": "BJ Webster",
              "bowler": "SNJ O'Keefe",
              "extras": {
                "wides": 1
              },
              "non_striker": "SM Elliott",
              "runs": {
                "batter": 0,
                "extras": 1,
                "total": 1
              }
            },
            {
              "batter": "BJ Webster",
              "bowler": "SNJ O'Keefe",
              "non_striker": "SM Elliott",
              "runs": {
                "batter": 1,
                "extras": 0,
                "total": 1
              }
            },
            {
              "batter": "SM Elliott",
              "bowler": "SNJ O'Keefe",
              "non_striker": "BJ Webster",
              "runs": {
                "batter": 0,
                "extras": 0,
                "total": 0
              }
            },
            {
              "batter": "SM Elliott",
              "bowler": "SNJ O'Keefe",
              "non_striker": "BJ Webster",
              "runs": {
                "batter": 0,
                "extras": 0,
                "total": 0
              }
            },
            {
              "batter": "SM Elliott",
              "bowler": "SNJ O'Keefe",
              "non_striker": "BJ Webster",
              "runs": {
                "batter": 1,
                "extras": 0,
                "total": 1
              }
            },
            {
              "batter": "BJ Webster",
              "bowler": "SNJ O'Keefe",
              "non_striker": "SM Elliott",
              "runs": {
                "batter": 1,
                "extras": 0,
                "total": 1
              }
            }
          ]
        },
        {
          "over": 7,
          "deliveries": [
            {
              "batter": "BJ Webster",
              "bowler": "SA Abbott",
              "non_striker": "SM Elliott",
              "runs": {
                "batter": 0,
                "extras": 0,
                "total": 0
              },
              "wickets": [
                {
                  "player_out": "BJ Webster",
                  "fielders": [
                    {
                      "name": "JR Philippe"
                    }
                  ],
                  "kind": "caught"
                }
              ]
            },
            {
              "batter": "SL Rainbird",
              "bowler": "SA Abbott",
              "non_striker": "SM Elliott",
              "runs": {
                "batter": 0,
                "extras": 0,
                "total": 0
              }
            },
            {
              "batter": "SL Rainbird",
              "bowler": "SA Abbott",
              "non_striker": "SM Elliott",
              "runs": {
                "batter": 0,
                "extras": 0,
                "total": 0
              },
              "wickets": [
                {
                  "player_out": "SL Rainbird",
                  "fielders": [
                    {
                      "name": "JR Philippe"
                    }
                  ],
                  "kind": "caught"
                }
              ]
            },
            {
              "batter": "A Zampa",
              "bowler": "SA Abbott",
              "non_striker": "SM Elliott",
              "runs": {
                "batter": 1,
                "extras": 0,
                "total": 1
              }
            },
            {
              "batter": "SM Elliott",
              "bowler": "SA Abbott",
              "non_striker": "A Zampa",
              "runs": {
                "batter": 1,
                "extras": 0,
                "total": 1
              }
            },
            {
              "batter": "A Zampa",
              "bowler": "SA Abbott",
              "non_striker": "SM Elliott",
              "runs": {
                "batter": 0,
                "extras": 0,
                "total": 0
              }
            }
          ]
        },
        {
          "over": 8,
          "deliveries": [
            {
              "batter": "SM Elliott",
              "bowler": "SNJ O'Keefe",
              "non_striker": "A Zampa",
              "runs": {
                "batter": 0,
                "extras": 0,
                "total": 0
              }
            },
            {
              "batter": "SM Elliott",
              "bowler": "SNJ O'Keefe",
              "non_striker": "A Zampa",
              "runs": {
                "batter": 0,
                "extras": 0,
                "total": 0
              }
            },
            {
              "batter": "SM Elliott",
              "bowler": "SNJ O'Keefe",
              "non_striker": "A Zampa",
              "runs": {
                "batter": 0,
                "extras": 0,
                "total": 0
              },
              "wickets": [
                {
                  "player_out": "SM Elliott",
                  "fielders": [
                    {
                      "name": "SA Abbott"
                    }
                  ],
                  "kind": "caught"
                }
              ]
            },
            {
              "batter": "A Zampa",
              "bowler": "SNJ O'Keefe",
              "non_striker": "BL Couch",
              "runs": {
                "batter": 0,
                "extras": 0,
                "total": 0
              },
              "wickets": [
                {
                  "player_out": "A Zampa",
                  "fielders": [
                    {
                      "name": "JR Philippe"
                    }
                  ],
                  "kind": "stumped"
                }
              ]
            },
            {
              "batter": "Syed Faridoun",
              "bowler": "SNJ O'Keefe",
              "non_striker": "BL Couch",
              "runs": {
                "batter": 1,
                "extras": 0,
                "total": 1
              }
            },
            {
              "batter": "BL Couch",
              "bowler": "SNJ O'Keefe",
              "non_striker": "Syed Faridoun",
              "runs": {
                "batter": 1,
                "extras": 0,
                "total": 1
              }
            }
          ]
        },
        {
          "over": 9,
          "deliveries": [
            {
              "batter": "BL Couch",
              "bowler": "CJ Jordan",
              "non_striker": "Syed Faridoun",
              "runs": {
                "batter": 4,
                "extras": 0,
                "total": 4
              }
            },
            {
              "batter": "BL Couch",
              "bowler": "CJ Jordan",
              "non_striker": "Syed Faridoun",
              "runs": {
                "batter": 0,
                "extras": 0,
                "total": 0
              }
            },
            {
              "batter": "BL Couch",
              "bowler": "CJ Jordan",
              "non_striker": "Syed Faridoun",
              "runs": {
                "batter": 0,
                "extras": 0,
                "total": 0
              }
            },
            {
              "batter": "BL Couch",
              "bowler": "CJ Jordan",
              "non_striker": "Syed Faridoun",
              "runs": {
                "batter": 2,
                "extras": 0,
                "total": 2
              }
            },
            {
              "batter": "BL Couch",
              "bowler": "CJ Jordan",
              "non_striker": "Syed Faridoun",
              "runs": {
                "batter": 0,
                "extras": 0,
                "total": 0
              }
            },
            {
              "batter": "BL Couch",
              "bowler": "CJ Jordan",
              "non_striker": "Syed Faridoun",
              "runs": {
                "batter": 0,
                "extras": 0,
                "total": 0
              }
            }
          ]
        },
        {
          "over": 10,
          "deliveries": [
            {
              "batter": "Syed Faridoun",
              "bowler": "SNJ O'Keefe",
              "non_striker": "BL Couch",
              "runs": {
                "batter": 4,
                "extras": 0,
                "total": 4
              }
            },
            {
              "batter": "Syed Faridoun",
              "bowler": "SNJ O'Keefe",
              "non_striker": "BL Couch",
              "runs": {
                "batter": 0,
                "extras": 0,
                "total": 0
              }
            },
            {
              "batter": "Syed Faridoun",
              "bowler": "SNJ O'Keefe",
              "non_striker": "BL Couch",
              "runs": {
                "batter": 0,
                "extras": 0,
                "total": 0
              }
            },
            {
              "batter": "Syed Faridoun",
              "bowler": "SNJ O'Keefe",
              "non_striker": "BL Couch",
              "runs": {
                "batter": 1,
                "extras": 0,
                "total": 1
              }
            },
            {
              "batter": "BL Couch",
              "bowler": "SNJ O'Keefe",
              "non_striker": "Syed Faridoun",
              "runs": {
                "batter": 0,
                "extras": 0,
                "total": 0
              }
            },
            {
              "batter": "BL Couch",
              "bowler": "SNJ O'Keefe",
              "non_striker": "Syed Faridoun",
              "runs": {
                "batter": 1,
                "extras": 0,
                "total": 1
              }
            }
          ]
        },
        {
          "over": 11,
          "deliveries": [
            {
              "batter": "BL Couch",
              "bowler": "TK Curran",
              "non_striker": "Syed Faridoun",
              "runs": {
                "batter": 0,
                "extras": 0,
                "total": 0
              },
              "wickets": [
                {
                  "player_out": "BL Couch",
                  "fielders": [
                    {
                      "name": "DT Christian"
                    }
                  ],
                  "kind": "caught"
                }
              ]
            }
          ]
        }
      ],
      "powerplays": [
        {
          "from": 0.1,
          "to": 3.6,
          "type": "mandatory"
        }
      ],
      "target": {
        "overs": 20,
        "runs": 214
      }
    }
  ]
}