{
  "meta": {
    "data_version": "1.1.0",
    "created": "2021-12-29",
    "revision": 1
  },
  "info": {
    "balls_per_over": 6,
    "city": "Hobart",
    "dates": [
      "2021-12-24"
    ],
    "event": {
      "name": "Big Bash League",
      "match_number": 19
    },
    "gender": "male",
    "match_type": "T20",
    "officials": {
      "match_referees": [
        "SJ Davis"
      ],
      "reserve_umpires": [
        "TJ Matibiri"
      ],
      "tv_umpires": [
        "GA Abood"
      ],
      "umpires": [
        "DR Close",
        "MW Graham-Smith"
      ]
    },
    "outcome": {
      "winner": "Hobart Hurricanes",
      "by": {
        "runs": 24
      }
    },
    "overs": 20,
    "player_of_match": [
      "NT Ellis"
    ],
    "players": {
      "Hobart Hurricanes": [
        "BR McDermott",
        "MS Wade",
        "DJM Short",
        "PSP Handscomb",
        "TH David",
        "HC Brook",
        "JA Thompson",
        "NT Ellis",
        "TS Rogers",
        "RP Meredith",
        "S Lamichhane"
      ],
      "Melbourne Stars": [
        "MP Stoinis",
        "JM Clarke",
        "GJ Maxwell",
        "JA Burns",
        "AD Russell",
        "HWR Cartwright",
        "BJ Webster",
        "NM Coulter-Nile",
        "CD Hinchliffe",
        "Qais Ahmad",
        "BL Couch"
      ]
    },
    "registry": {
      "people": {
        "AD Russell": "bbd41817",
        "BJ Webster": "56b93d46",
        "BL Couch": "be69e09d",
        "BR McDermott": "c41043e6",
        "CD Hinchliffe": "8891669e",
        "DJM Short": "1a156c88",
        "DR Close": "4cae2b0c",
        "GA Abood": "a4af5528",
        "GJ Maxwell": "b681e71e",
        "HC Brook": "4ae1755b",
        "HWR Cartwright": "ab965cad",
        "JA Burns": "7a5f232a",
        "JA Thompson": "1d2f290a",
        "JM Clarke": "2eca67f5",
        "MP Stoinis": "d9273ee7",
        "MS Wade": "afa7e784",
        "MW Graham-Smith": "18aca3ce",
        "NM Coulter-Nile": "56ab442f",
        "NT Ellis": "9eb1455b",
        "PSP Handscomb": "ada15e88",
        "Qais Ahmad": "8d5d991e",
        "RP Meredith": "64775749",
        "S Lamichhane": "b410bd3d",
        "SJ Davis": "bc71b0b2",
        "TH David": "f1f99156",
        "TJ Matibiri": "4a3132b1",
        "TS Rogers": "1b04e02b"
      }
    },
    "season": "2021/22",
    "team_type": "club",
    "teams": [
      "Hobart Hurricanes",
      "Melbourne Stars"
    ],
    "toss": {
      "decision": "bat",
      "winner": "Hobart Hurricanes"
    },
    "venue": "Bellerive Oval, Hobart"
  },
  "innings": [
    {
      "team": "Hobart Hurricanes",
      "overs": [
        {
          "over": 0,
          "deliveries": [
            {
              "batter": "BR McDermott",
              "bowler": "GJ Maxwell",
              "non_striker": "MS Wade",
              "runs": {
                "batter": 4,
                "extras": 0,
                "total": 4
              }
            },
            {
              "batter": "BR McDermott",
              "bowler": "GJ Maxwell",
              "non_striker": "MS Wade",
              "runs": {
                "batter": 1,
                "extras": 0,
                "total": 1
              }
            },
            {
              "batter": "MS Wade",
              "bowler": "GJ Maxwell",
              "non_striker": "BR McDermott",
              "runs": {
                "batter": 0,
                "extras": 0,
                "total": 0
              }
            },
            {
              "batter": "MS Wade",
              "bowler": "GJ Maxwell",
              "non_striker": "BR McDermott",
              "runs": {
                "batter": 1,
                "extras": 0,
                "total": 1
              }
            },
            {
              "batter": "BR McDermott",
              "bowler": "GJ Maxwell",
              "non_striker": "MS Wade",
              "runs": {
                "batter": 6,
                "extras": 0,
                "total": 6
              }
            },
            {
              "batter": "BR McDermott",
              "bowler": "GJ Maxwell",
              "extras": {
                "wides": 1
              },
              "non_striker": "MS Wade",
              "runs": {
                "batter": 0,
                "extras": 1,
                "total": 1
              }
            },
            {
              "batter": "BR McDermott",
              "bowler": "GJ Maxwell",
              "non_striker": "MS Wade",
              "runs": {
                "batter": 1,
                "extras": 0,
                "total": 1
              }
            }
          ]
        },
        {
          "over": 1,
          "deliveries": [
            {
              "batter": "BR McDermott",
              "bowler": "BL Couch",
              "non_striker": "MS Wade",
              "runs": {
                "batter": 0,
                "extras": 0,
                "total": 0
              }
            },
            {
              "batter": "BR McDermott",
              "bowler": "BL Couch",
              "non_striker": "MS Wade",
              "runs": {
                "batter": 1,
                "extras": 0,
                "total": 1
              }
            },
            {
              "batter": "MS Wade",
              "bowler": "BL Couch",
              "non_striker": "BR McDermott",
              "runs": {
                "batter": 0,
                "extras": 0,
                "total": 0
              }
            },
            {
              "batter": "MS Wade",
              "bowler": "BL Couch",
              "non_striker": "BR McDermott",
              "runs": {
                "batter": 0,
                "extras": 0,
                "total": 0
              }
            },
            {
              "batter": "MS Wade",
              "bowler": "BL Couch",
              "non_striker": "BR McDermott",
              "runs": {
                "batter": 4,
                "extras": 0,
                "total": 4
              }
            },
            {
              "batter": "MS Wade",
              "bowler": "BL Couch",
              "non_striker": "BR McDermott",
              "runs": {
                "batter": 6,
                "extras": 0,
                "total": 6
              }
            }
          ]
        },
        {
          "over": 2,
          "deliveries": [
            {
              "batter": "BR McDermott",
              "bowler": "NM Coulter-Nile",
              "non_striker": "MS Wade",
              "runs": {
                "batter": 0,
                "extras": 0,
                "total": 0
              }
            },
            {
              "batter": "BR McDermott",
              "bowler": "NM Coulter-Nile",
              "non_striker": "MS Wade",
              "runs": {
                "batter": 1,
                "extras": 0,
                "total": 1
              }
            },
            {
              "batter": "MS Wade",
              "bowler": "NM Coulter-Nile",
              "non_striker": "BR McDermott",
              "runs": {
                "batter": 0,
                "extras": 0,
                "total": 0
              }
            },
            {
              "batter": "MS Wade",
              "bowler": "NM Coulter-Nile",
              "non_striker": "BR McDermott",
              "runs": {
                "batter": 0,
                "extras": 0,
                "total": 0
              }
            },
            {
              "batter": "MS Wade",
              "bowler": "NM Coulter-Nile",
              "non_striker": "BR McDermott",
              "runs": {
                "batter": 1,
                "extras": 0,
                "total": 1
              }
            },
            {
              "batter": "BR McDermott",
              "bowler": "NM Coulter-Nile",
              "non_striker": "MS Wade",
              "runs": {
                "batter": 2,
                "extras": 0,
                "total": 2
              }
            }
          ]
        },
        {
          "over": 3,
          "deliveries": [
            {
              "batter": "MS Wade",
              "bowler": "GJ Maxwell",
              "non_striker": "BR McDermott",
              "runs": {
                "batter": 1,
                "extras": 0,
                "total": 1
              }
            },
            {
              "batter": "BR McDermott",
              "bowler": "GJ Maxwell",
              "non_striker": "MS Wade",
              "runs": {
                "batter": 1,
                "extras": 0,
                "total": 1
              }
            },
            {
              "batter": "MS Wade",
              "bowler": "GJ Maxwell",
              "non_striker": "BR McDermott",
              "runs": {
                "batter": 1,
                "extras": 0,
                "total": 1
              }
            },
            {
              "batter": "BR McDermott",
              "bowler": "GJ Maxwell",
              "non_striker": "MS Wade",
              "runs": {
                "batter": 1,
                "extras": 0,
                "total": 1
              }
            },
            {
              "batter": "MS Wade",
              "bowler": "GJ Maxwell",
              "non_striker": "BR McDermott",
              "runs": {
                "batter": 0,
                "extras": 0,
                "total": 0
              }
            },
            {
              "batter": "MS Wade",
              "bowler": "GJ Maxwell",
              "non_striker": "BR McDermott",
              "runs": {
                "batter": 2,
                "extras": 0,
                "total": 2
              }
            }
          ]
        },
        {
          "over": 4,
          "deliveries": [
            {
              "batter": "BR McDermott",
              "bowler": "Qais Ahmad",
              "non_striker": "MS Wade",
              "runs": {
                "batter": 0,
                "extras": 0,
                "total": 0
              }
            },
            {
              "batter": "BR McDermott",
              "bowler": "Qais Ahmad",
              "non_striker": "MS Wade",
              "runs": {
                "batter": 1,
                "extras": 0,
                "total": 1
              }
            },
            {
              "batter": "MS Wade",
              "bowler": "Qais Ahmad",
              "non_striker": "BR McDermott",
              "runs": {
                "batter": 2,
                "extras": 0,
                "total": 2
              }
            },
            {
              "batter": "MS Wade",
              "bowler": "Qais Ahmad",
              "non_striker": "BR McDermott",
              "runs": {
                "batter": 4,
                "extras": 0,
                "total": 4
              }
            },
            {
              "batter": "MS Wade",
              "bowler": "Qais Ahmad",
              "non_striker": "BR McDermott",
              "runs": {
                "batter": 0,
                "extras": 0,
                "total": 0
              }
            },
            {
              "batter": "MS Wade",
              "bowler": "Qais Ahmad",
              "non_striker": "BR McDermott",
              "runs": {
                "batter": 2,
                "extras": 0,
                "total": 2
              }
            }
          ]
        },
        {
          "over": 5,
          "deliveries": [
            {
              "batter": "BR McDermott",
              "bowler": "CD Hinchliffe",
              "non_striker": "MS Wade",
              "runs": {
                "batter": 4,
                "extras": 0,
                "total": 4
              }
            },
            {
              "batter": "BR McDermott",
              "bowler": "CD Hinchliffe",
              "non_striker": "MS Wade",
              "runs": {
                "batter": 1,
                "extras": 0,
                "total": 1
              }
            },
            {
              "batter": "MS Wade",
              "bowler": "CD Hinchliffe",
              "non_striker": "BR McDermott",
              "runs": {
                "batter": 1,
                "extras": 0,
                "total": 1
              }
            },
            {
              "batter": "BR McDermott",
              "bowler": "CD Hinchliffe",
              "non_striker": "MS Wade",
              "runs": {
                "batter": 1,
                "extras": 0,
                "total": 1
              }
            },
            {
              "batter": "MS Wade",
              "bowler": "CD Hinchliffe",
              "non_striker": "BR McDermott",
              "runs": {
                "batter": 1,
                "extras": 0,
                "total": 1
              }
            },
            {
              "batter": "BR McDermott",
              "bowler": "CD Hinchliffe",
              "non_striker": "MS Wade",
              "runs": {
                "batter": 0,
                "extras": 0,
                "total": 0
              }
            }
          ]
        },
        {
          "over": 6,
          "deliveries": [
            {
              "batter": "MS Wade",
              "bowler": "Qais Ahmad",
              "non_striker": "BR McDermott",
              "runs": {
                "batter": 2,
                "extras": 0,
                "total": 2
              }
            },
            {
              "batter": "MS Wade",
              "bowler": "Qais Ahmad",
              "non_striker": "BR McDermott",
              "runs": {
                "batter": 1,
                "extras": 0,
                "total": 1
              }
            },
            {
              "batter": "BR McDermott",
              "bowler": "Qais Ahmad",
              "non_striker": "MS Wade",
              "runs": {
                "batter": 6,
                "extras": 0,
                "total": 6
              }
            },
            {
              "batter": "BR McDermott",
              "bowler": "Qais Ahmad",
              "non_striker": "MS Wade",
              "runs": {
                "batter": 1,
                "extras": 0,
                "total": 1
              }
            },
            {
              "batter": "MS Wade",
              "bowler": "Qais Ahmad",
              "non_striker": "BR McDermott",
              "runs": {
                "batter": 1,
                "extras": 0,
                "total": 1
              }
            },
            {
              "batter": "BR McDermott",
              "bowler": "Qais Ahmad",
              "non_striker": "MS Wade",
              "runs": {
                "batter": 1,
                "extras": 0,
                "total": 1
              }
            }
          ]
        },
        {
          "over": 7,
          "deliveries": [
            {
              "batter": "BR McDermott",
              "bowler": "CD Hinchliffe",
              "non_striker": "MS Wade",
              "runs": {
                "batter": 1,
                "extras": 0,
                "total": 1
              }
            },
            {
              "batter": "MS Wade",
              "bowler": "CD Hinchliffe",
              "non_striker": "BR McDermott",
              "runs": {
                "batter": 1,
                "extras": 0,
                "total": 1
              }
            },
            {
              "batter": "BR McDermott",
              "bowler": "CD Hinchliffe",
              "non_striker": "MS Wade",
              "runs": {
                "batter": 0,
                "extras": 0,
                "total": 0
              }
            },
            {
              "batter": "BR McDermott",
              "bowler": "CD Hinchliffe",
              "non_striker": "MS Wade",
              "runs": {
                "batter": 4,
                "extras": 0,
                "total": 4
              }
            },
            {
              "batter": "BR McDermott",
              "bowler": "CD Hinchliffe",
              "non_striker": "MS Wade",
              "runs": {
                "batter": 1,
                "extras": 0,
                "total": 1
              }
            },
            {
              "batter": "MS Wade",
              "bowler": "CD Hinchliffe",
              "non_striker": "BR McDermott",
              "runs": {
                "batter": 6,
                "extras": 0,
                "total": 6
              }
            }
          ]
        },
        {
          "over": 8,
          "deliveries": [
            {
              "batter": "BR McDermott",
              "bowler": "AD Russell",
              "non_striker": "MS Wade",
              "runs": {
                "batter": 6,
                "extras": 0,
                "total": 6
              }
            },
            {
              "batter": "BR McDermott",
              "bowler": "AD Russell",
              "non_striker": "MS Wade",
              "runs": {
                "batter": 1,
                "extras": 0,
                "total": 1
              }
            },
            {
              "batter": "MS Wade",
              "bowler": "AD Russell",
              "non_striker": "BR McDermott",
              "runs": {
                "batter": 1,
                "extras": 0,
                "total": 1
              }
            },
            {
              "batter": "BR McDermott",
              "bowler": "AD Russell",
              "non_striker": "MS Wade",
              "runs": {
                "batter": 2,
                "extras": 0,
                "total": 2
              }
            },
            {
              "batter": "BR McDermott",
              "bowler": "AD Russell",
              "non_striker": "MS Wade",
              "runs": {
                "batter": 4,
                "extras": 0,
                "total": 4
              }
            },
            {
              "batter": "BR McDermott",
              "bowler": "AD Russell",
              "non_striker": "MS Wade",
              "runs": {
                "batter": 0,
                "extras": 0,
                "total": 0
              }
            }
          ]
        },
        {
          "over": 9,
          "deliveries": [
            {
              "batter": "MS Wade",
              "bowler": "NM Coulter-Nile",
              "non_striker": "BR McDermott",
              "runs": {
                "batter": 1,
                "extras": 0,
                "total": 1
              }
            },
            {
              "batter": "BR McDermott",
              "bowler": "NM Coulter-Nile",
              "non_striker": "MS Wade",
              "runs": {
                "batter": 1,
                "extras": 0,
                "total": 1
              }
            },
            {
              "batter": "MS Wade",
              "bowler": "NM Coulter-Nile",
              "non_striker": "BR McDermott",
              "runs": {
                "batter": 0,
                "extras": 0,
                "total": 0
              },
              "wickets": [
                {
                  "player_out": "MS Wade",
                  "fielders": [
                    {
                      "name": "HWR Cartwright"
                    }
                  ],
                  "kind": "caught"
                }
              ]
            },
            {
              "batter": "BR McDermott",
              "bowler": "NM Coulter-Nile",
              "non_striker": "DJM Short",
              "runs": {
                "batter": 1,
                "extras": 0,
                "total": 1
              }
            },
            {
              "batter": "DJM Short",
              "bowler": "NM Coulter-Nile",
              "extras": {
                "noballs": 1
              },
              "non_striker": "BR McDermott",
              "runs": {
                "batter": 0,
                "extras": 1,
                "total": 1
              }
            },
            {
              "batter": "DJM Short",
              "bowler": "NM Coulter-Nile",
              "non_striker": "BR McDermott",
              "runs": {
                "batter": 0,
                "extras": 0,
                "total": 0
              }
            },
            {
              "batter": "DJM Short",
              "bowler": "NM Coulter-Nile",
              "non_striker": "BR McDermott",
              "runs": {
                "batter": 0,
                "extras": 0,
                "total": 0
              }
            }
          ]
        },
        {
          "over": 10,
          "deliveries": [
            {
              "batter": "BR McDermott",
              "bowler": "Qais Ahmad",
              "non_striker": "DJM Short",
              "runs": {
                "batter": 1,
                "extras": 0,
                "total": 1
              }
            },
            {
              "batter": "DJM Short",
              "bowler": "Qais Ahmad",
              "non_striker": "BR McDermott",
              "runs": {
                "batter": 1,
                "extras": 0,
                "total": 1
              }
            },
            {
              "batter": "BR McDermott",
              "bowler": "Qais Ahmad",
              "non_striker": "DJM Short",
              "runs": {
                "batter": 1,
                "extras": 0,
                "total": 1
              }
            },
            {
              "batter": "DJM Short",
              "bowler": "Qais Ahmad",
              "non_striker": "BR McDermott",
              "runs": {
                "batter": 1,
                "extras": 0,
                "total": 1
              }
            },
            {
              "batter": "BR McDermott",
              "bowler": "Qais Ahmad",
              "non_striker": "DJM Short",
              "runs": {
                "batter": 1,
                "extras": 0,
                "total": 1
              }
            },
            {
              "batter": "DJM Short",
              "bowler": "Qais Ahmad",
              "non_striker": "BR McDermott",
              "runs": {
                "batter": 0,
                "extras": 0,
                "total": 0
              }
            }
          ]
        },
        {
          "over": 11,
          "deliveries": [
            {
              "batter": "BR McDermott",
              "bowler": "BL Couch",
              "non_striker": "DJM Short",
              "runs": {
                "batter": 0,
                "extras": 0,
                "total": 0
              }
            },
            {
              "batter": "BR McDermott",
              "bowler": "BL Couch",
              "extras": {
                "wides": 1
              },
              "non_striker": "DJM Short",
              "runs": {
                "batter": 0,
                "extras": 1,
                "total": 1
              }
            },
            {
              "batter": "BR McDermott",
              "bowler": "BL Couch",
              "non_striker": "DJM Short",
              "runs": {
                "batter": 1,
                "extras": 0,
                "total": 1
              }
            },
            {
              "batter": "DJM Short",
              "bowler": "BL Couch",
              "non_striker": "BR McDermott",
              "runs": {
                "batter": 2,
                "extras": 0,
                "total": 2
              }
            },
            {
              "batter": "DJM Short",
              "bowler": "BL Couch",
              "non_striker": "BR McDermott",
              "runs": {
                "batter": 1,
                "extras": 0,
                "total": 1
              }
            },
            {
              "batter": "BR McDermott",
              "bowler": "BL Couch",
              "non_striker": "DJM Short",
              "runs": {
                "batter": 1,
                "extras": 0,
                "total": 1
              }
            },
            {
              "batter": "DJM Short",
              "bowler": "BL Couch",
              "non_striker": "BR McDermott",
              "runs": {
                "batter": 0,
                "extras": 0,
                "total": 0
              }
            }
          ]
        },
        {
          "over": 12,
          "deliveries": [
            {
              "batter": "BR McDermott",
              "bowler": "NM Coulter-Nile",
              "non_striker": "DJM Short",
              "runs": {
                "batter": 0,
                "extras": 0,
                "total": 0
              }
            },
            {
              "batter": "BR McDermott",
              "bowler": "NM Coulter-Nile",
              "non_striker": "DJM Short",
              "runs": {
                "batter": 1,
                "extras": 0,
                "total": 1
              }
            },
            {
              "batter": "DJM Short",
              "bowler": "NM Coulter-Nile",
              "non_striker": "BR McDermott",
              "runs": {
                "batter": 1,
                "extras": 0,
                "total": 1
              }
            },
            {
              "batter": "BR McDermott",
              "bowler": "NM Coulter-Nile",
              "non_striker": "DJM Short",
              "runs": {
                "batter": 6,
                "extras": 0,
                "total": 6
              }
            },
            {
              "batter": "BR McDermott",
              "bowler": "NM Coulter-Nile",
              "non_striker": "DJM Short",
              "runs": {
                "batter": 0,
                "extras": 0,
                "total": 0
              }
            },
            {
              "batter": "BR McDermott",
              "bowler": "NM Coulter-Nile",
              "non_striker": "DJM Short",
              "runs": {
                "batter": 1,
                "extras": 0,
                "total": 1
              }
            }
          ]
        },
        {
          "over": 13,
          "deliveries": [
            {
              "batter": "BR McDermott",
              "bowler": "AD Russell",
              "non_striker": "DJM Short",
              "runs": {
                "batter": 0,
                "extras": 0,
                "total": 0
              },
              "wickets": [
                {
                  "player_out": "BR McDermott",
                  "fielders": [
                    {
                      "name": "HWR Cartwright"
                    }
                  ],
                  "kind": "caught"
                }
              ]
            },
            {
              "batter": "DJM Short",
              "bowler": "AD Russell",
              "non_striker": "PSP Handscomb",
              "runs": {
                "batter": 4,
                "extras": 0,
                "total": 4
              }
            },
            {
              "batter": "DJM Short",
              "bowler": "AD Russell",
              "non_striker": "PSP Handscomb",
              "runs": {
                "batter": 4,
                "extras": 0,
                "total": 4
              }
            },
            {
              "batter": "DJM Short",
              "bowler": "AD Russell",
              "extras": {
                "wides": 1
              },
              "non_striker": "PSP Handscomb",
              "runs": {
                "batter": 0,
                "extras": 1,
                "total": 1
              }
            },
            {
              "batter": "DJM Short",
              "bowler": "AD Russell",
              "non_striker": "PSP Handscomb",
              "runs": {
                "batter": 6,
                "extras": 0,
                "total": 6
              }
            },
            {
              "batter": "DJM Short",
              "bowler": "AD Russell",
              "non_striker": "PSP Handscomb",
              "runs": {
                "batter": 0,
                "extras": 0,
                "total": 0
              }
            },
            {
              "batter": "DJM Short",
              "bowler": "AD Russell",
              "non_striker": "PSP Handscomb",
              "runs": {
                "batter": 0,
                "extras": 0,
                "total": 0
              }
            }
          ]
        },
        {
          "over": 14,
          "deliveries": [
            {
              "batter": "PSP Handscomb",
              "bowler": "Qais Ahmad",
              "non_striker": "DJM Short",
              "runs": {
                "batter": 1,
                "extras": 0,
                "total": 1
              }
            },
            {
              "batter": "DJM Short",
              "bowler": "Qais Ahmad",
              "non_striker": "PSP Handscomb",
              "runs": {
                "batter": 1,
                "extras": 0,
                "total": 1
              }
            },
            {
              "batter": "PSP Handscomb",
              "bowler": "Qais Ahmad",
              "extras": {
                "wides": 3
              },
              "non_striker": "DJM Short",
              "runs": {
                "batter": 0,
                "extras": 3,
                "total": 3
              }
            },
            {
              "batter": "PSP Handscomb",
              "bowler": "Qais Ahmad",
              "non_striker": "DJM Short",
              "runs": {
                "batter": 1,
                "extras": 0,
                "total": 1
              }
            },
            {
              "batter": "DJM Short",
              "bowler": "Qais Ahmad",
              "non_striker": "PSP Handscomb",
              "runs": {
                "batter": 1,
                "extras": 0,
                "total": 1
              }
            },
            {
              "batter": "PSP Handscomb",
              "bowler": "Qais Ahmad",
              "non_striker": "DJM Short",
              "runs": {
                "batter": 1,
                "extras": 0,
                "total": 1
              }
            },
            {
              "batter": "DJM Short",
              "bowler": "Qais Ahmad",
              "non_striker": "PSP Handscomb",
              "runs": {
                "batter": 1,
                "extras": 0,
                "total": 1
              }
            }
          ]
        },
        {
          "over": 15,
          "deliveries": [
            {
              "batter": "DJM Short",
              "bowler": "BL Couch",
              "extras": {
                "wides": 1
              },
              "non_striker": "PSP Handscomb",
              "runs": {
                "batter": 0,
                "extras": 1,
                "total": 1
              }
            },
            {
              "batter": "DJM Short",
              "bowler": "BL Couch",
              "non_striker": "PSP Handscomb",
              "runs": {
                "batter": 1,
                "extras": 0,
                "total": 1
              }
            },
            {
              "batter": "PSP Handscomb",
              "bowler": "BL Couch",
              "non_striker": "DJM Short",
              "runs": {
                "batter": 1,
                "extras": 0,
                "total": 1
              }
            },
            {
              "batter": "DJM Short",
              "bowler": "BL Couch",
              "extras": {
                "legbyes": 1,
                "noballs": 1
              },
              "non_striker": "PSP Handscomb",
              "runs": {
                "batter": 0,
                "extras": 2,
                "total": 2
              }
            },
            {
              "batter": "PSP Handscomb",
              "bowler": "BL Couch",
              "non_striker": "DJM Short",
              "runs": {
                "batter": 1,
                "extras": 0,
                "total": 1
              }
            },
            {
              "batter": "DJM Short",
              "bowler": "BL Couch",
              "non_striker": "PSP Handscomb",
              "runs": {
                "batter": 0,
                "extras": 0,
                "total": 0
              }
            },
            {
              "batter": "DJM Short",
              "bowler": "BL Couch",
              "non_striker": "PSP Handscomb",
              "runs": {
                "batter": 1,
                "extras": 0,
                "total": 1
              }
            },
            {
              "batter": "PSP Handscomb",
              "bowler": "BL Couch",
              "non_striker": "DJM Short",
              "runs": {
                "batter": 1,
                "extras": 0,
                "total": 1
              }
            }
          ]
        },
        {
          "over": 16,
          "deliveries": [
            {
              "batter": "PSP Handscomb",
              "bowler": "AD Russell",
              "non_striker": "DJM Short",
              "runs": {
                "batter": 1,
                "extras": 0,
                "total": 1
              }
            },
            {
              "batter": "DJM Short",
              "bowler": "AD Russell",
              "non_striker": "PSP Handscomb",
              "runs": {
                "batter": 1,
                "extras": 0,
                "total": 1
              }
            },
            {
              "batter": "PSP Handscomb",
              "bowler": "AD Russell",
              "non_striker": "DJM Short",
              "runs": {
                "batter": 1,
                "extras": 0,
                "total": 1
              }
            },
            {
              "batter": "DJM Short",
              "bowler": "AD Russell",
              "non_striker": "PSP Handscomb",
              "runs": {
                "batter": 0,
                "extras": 0,
                "total": 0
              },
              "wickets": [
                {
                  "player_out": "DJM Short",
                  "fielders": [
                    {
                      "name": "JA Burns"
                    }
                  ],
                  "kind": "caught"
                }
              ]
            },
            {
              "batter": "PSP Handscomb",
              "bowler": "AD Russell",
              "non_striker": "TH David",
              "runs": {
                "batter": 1,
                "extras": 0,
                "total": 1
              }
            },
            {
              "batter": "TH David",
              "bowler": "AD Russell",
              "non_striker": "PSP Handscomb",
              "runs": {
                "batter": 1,
                "extras": 0,
                "total": 1
              }
            }
          ]
        },
        {
          "over": 17,
          "deliveries": [
            {
              "batter": "TH David",
              "bowler": "NM Coulter-Nile",
              "non_striker": "PSP Handscomb",
              "runs": {
                "batter": 1,
                "extras": 0,
                "total": 1
              }
            },
            {
              "batter": "PSP Handscomb",
              "bowler": "NM Coulter-Nile",
              "non_striker": "TH David",
              "runs": {
                "batter": 1,
                "extras": 0,
                "total": 1
              }
            },
            {
              "batter": "TH David",
              "bowler": "NM Coulter-Nile",
              "non_striker": "PSP Handscomb",
              "runs": {
                "batter": 1,
                "extras": 0,
                "total": 1
              }
            },
            {
              "batter": "PSP Handscomb",
              "bowler": "NM Coulter-Nile",
              "non_striker": "TH David",
              "runs": {
                "batter": 2,
                "extras": 0,
                "total": 2
              }
            },
            {
              "batter": "PSP Handscomb",
              "bowler": "NM Coulter-Nile",
              "non_striker": "TH David",
              "runs": {
                "batter": 0,
                "extras": 0,
                "total": 0
              },
              "wickets": [
                {
                  "player_out": "PSP Handscomb",
                  "fielders": [
                    {
                      "name": "BJ Webster"
                    }
                  ],
                  "kind": "caught"
                }
              ]
            },
            {
              "batter": "HC Brook",
              "bowler": "NM Coulter-Nile",
              "non_striker": "TH David",
              "runs": {
                "batter": 0,
                "extras": 0,
                "total": 0
              }
            }
          ]
        },
        {
          "over": 18,
          "deliveries": [
            {
              "batter": "TH David",
              "bowler": "AD Russell",
              "non_striker": "HC Brook",
              "runs": {
                "batter": 4,
                "extras": 0,
                "total": 4
              }
            },
            {
              "batter": "TH David",
              "bowler": "AD Russell",
              "non_striker": "HC Brook",
              "runs": {
                "batter": 2,
                "extras": 0,
                "total": 2
              }
            },
            {
              "batter": "TH David",
              "bowler": "AD Russell",
              "non_striker": "HC Brook",
              "runs": {
                "batter": 6,
                "extras": 0,
                "total": 6
              }
            },
            {
              "batter": "TH David",
              "bowler": "AD Russell",
              "non_striker": "HC Brook",
              "runs": {
                "batter": 1,
                "extras": 0,
                "total": 1
              }
            },
            {
              "batter": "HC Brook",
              "bowler": "AD Russell",
              "non_striker": "TH David",
              "runs": {
                "batter": 0,
                "extras": 0,
                "total": 0
              },
              "wickets": [
                {
                  "player_out": "HC Brook",
                  "kind": "bowled"
                }
              ]
            },
            {
              "batter": "JA Thompson",
              "bowler": "AD Russell",
              "non_striker": "TH David",
              "runs": {
                "batter": 1,
                "extras": 0,
                "total": 1
              }
            }
          ]
        },
        {
          "over": 19,
          "deliveries": [
            {
              "batter": "JA Thompson",
              "bowler": "BL Couch",
              "non_striker": "TH David",
              "runs": {
                "batter": 2,
                "extras": 0,
                "total": 2
              }
            },
            {
              "batter": "JA Thompson",
              "bowler": "BL Couch",
              "non_striker": "TH David",
              "runs": {
                "batter": 0,
                "extras": 0,
                "total": 0
              },
              "wickets": [
                {
                  "player_out": "JA Thompson",
                  "fielders": [
                    {
                      "name": "CD Hinchliffe"
                    }
                  ],
                  "kind": "caught"
                }
              ]
            },
            {
              "batter": "TH David",
              "bowler": "BL Couch",
              "non_striker": "NT Ellis",
              "runs": {
                "batter": 0,
                "extras": 0,
                "total": 0
              }
            },
            {
              "batter": "TH David",
              "bowler": "BL Couch",
              "non_striker": "NT Ellis",
              "runs": {
                "batter": 2,
                "extras": 0,
                "total": 2
              }
            },
            {
              "batter": "TH David",
              "bowler": "BL Couch",
              "non_striker": "NT Ellis",
              "runs": {
                "batter": 0,
                "extras": 0,
                "total": 0
              }
            },
            {
              "batter": "TH David",
              "bowler": "BL Couch",
              "extras": {
                "noballs": 1
              },
              "non_striker": "NT Ellis",
              "runs": {
                "batter": 2,
                "extras": 1,
                "total": 3
              }
            },
            {
              "batter": "TH David",
              "bowler": "BL Couch",
              "non_striker": "NT Ellis",
              "runs": {
                "batter": 2,
                "extras": 0,
                "total": 2
              }
            }
          ]
        }
      ],
      "powerplays": [
        {
          "from": 0.1,
          "to": 3.6,
          "type": "mandatory"
        },
        {
          "from": 12.1,
          "to": 13.7,
          "type": "batting"
        }
      ]
    },
    {
      "team": "Melbourne Stars",
      "penalty_runs": {
        "pre": 5
      },
      "overs": [
        {
          "over": 0,
          "deliveries": [
            {
              "batter": "MP Stoinis",
              "bowler": "RP Meredith",
              "non_striker": "JM Clarke",
              "runs": {
                "batter": 0,
                "extras": 0,
                "total": 0
              }
            },
            {
              "batter": "MP Stoinis",
              "bowler": "RP Meredith",
              "non_striker": "JM Clarke",
              "runs": {
                "batter": 1,
                "extras": 0,
                "total": 1
              }
            },
            {
              "batter": "JM Clarke",
              "bowler": "RP Meredith",
              "non_striker": "MP Stoinis",
              "runs": {
                "batter": 0,
                "extras": 0,
                "total": 0
              }
            },
            {
              "batter": "JM Clarke",
              "bowler": "RP Meredith",
              "non_striker": "MP Stoinis",
              "runs": {
                "batter": 0,
                "extras": 0,
                "total": 0
              }
            },
            {
              "batter": "JM Clarke",
              "bowler": "RP Meredith",
              "non_striker": "MP Stoinis",
              "runs": {
                "batter": 0,
                "extras": 0,
                "total": 0
              }
            },
            {
              "batter": "JM Clarke",
              "bowler": "RP Meredith",
              "extras": {
                "wides": 1
              },
              "non_striker": "MP Stoinis",
              "runs": {
                "batter": 0,
                "extras": 1,
                "total": 1
              }
            },
            {
              "batter": "JM Clarke",
              "bowler": "RP Meredith",
              "non_striker": "MP Stoinis",
              "runs": {
                "batter": 0,
                "extras": 0,
                "total": 0
              }
            }
          ]
        },
        {
          "over": 1,
          "deliveries": [
            {
              "batter": "MP Stoinis",
              "bowler": "TS Rogers",
              "non_striker": "JM Clarke",
              "runs": {
                "batter": 0,
                "extras": 0,
                "total": 0
              }
            },
            {
              "batter": "MP Stoinis",
              "bowler": "TS Rogers",
              "non_striker": "JM Clarke",
              "runs": {
                "batter": 6,
                "extras": 0,
                "total": 6
              }
            },
            {
              "batter": "MP Stoinis",
              "bowler": "TS Rogers",
              "non_striker": "JM Clarke",
              "runs": {
                "batter": 0,
                "extras": 0,
                "total": 0
              }
            },
            {
              "batter": "MP Stoinis",
              "bowler": "TS Rogers",
              "non_striker": "JM Clarke",
              "runs": {
                "batter": 1,
                "extras": 0,
                "total": 1
              }
            },
            {
              "batter": "JM Clarke",
              "bowler": "TS Rogers",
              "non_striker": "MP Stoinis",
              "runs": {
                "batter": 2,
                "extras": 0,
                "total": 2
              }
            },
            {
              "batter": "JM Clarke",
              "bowler": "TS Rogers",
              "non_striker": "MP Stoinis",
              "runs": {
                "batter": 1,
                "extras": 0,
                "total": 1
              }
            }
          ]
        },
        {
          "over": 2,
          "deliveries": [
            {
              "batter": "JM Clarke",
              "bowler": "TH David",
              "non_striker": "MP Stoinis",
              "runs": {
                "batter": 0,
                "extras": 0,
                "total": 0
              }
            },
            {
              "batter": "JM Clarke",
              "bowler": "TH David",
              "non_striker": "MP Stoinis",
              "runs": {
                "batter": 0,
                "extras": 0,
                "total": 0
              }
            },
            {
              "batter": "JM Clarke",
              "bowler": "TH David",
              "non_striker": "MP Stoinis",
              "runs": {
                "batter": 0,
                "extras": 0,
                "total": 0
              }
            },
            {
              "batter": "JM Clarke",
              "bowler": "TH David",
              "non_striker": "MP Stoinis",
              "runs": {
                "batter": 0,
                "extras": 0,
                "total": 0
              }
            },
            {
              "batter": "JM Clarke",
              "bowler": "TH David",
              "non_striker": "MP Stoinis",
              "runs": {
                "batter": 2,
                "extras": 0,
                "total": 2
              }
            },
            {
              "batter": "JM Clarke",
              "bowler": "TH David",
              "non_striker": "MP Stoinis",
              "runs": {
                "batter": 6,
                "extras": 0,
                "total": 6
              }
            }
          ]
        },
        {
          "over": 3,
          "deliveries": [
            {
              "batter": "MP Stoinis",
              "bowler": "NT Ellis",
              "non_striker": "JM Clarke",
              "runs": {
                "batter": 4,
                "extras": 0,
                "total": 4
              }
            },
            {
              "batter": "MP Stoinis",
              "bowler": "NT Ellis",
              "non_striker": "JM Clarke",
              "runs": {
                "batter": 0,
                "extras": 0,
                "total": 0
              }
            },
            {
              "batter": "MP Stoinis",
              "bowler": "NT Ellis",
              "non_striker": "JM Clarke",
              "runs": {
                "batter": 1,
                "extras": 0,
                "total": 1
              }
            },
            {
              "batter": "JM Clarke",
              "bowler": "NT Ellis",
              "non_striker": "MP Stoinis",
              "runs": {
                "batter": 1,
                "extras": 0,
                "total": 1
              }
            },
            {
              "batter": "MP Stoinis",
              "bowler": "NT Ellis",
              "non_striker": "JM Clarke",
              "runs": {
                "batter": 2,
                "extras": 0,
                "total": 2
              }
            },
            {
              "batter": "MP Stoinis",
              "bowler": "NT Ellis",
              "non_striker": "JM Clarke",
              "runs": {
                "batter": 1,
                "extras": 0,
                "total": 1
              }
            }
          ]
        },
        {
          "over": 4,
          "deliveries": [
            {
              "batter": "MP Stoinis",
              "bowler": "S Lamichhane",
              "non_striker": "JM Clarke",
              "runs": {
                "batter": 1,
                "extras": 0,
                "total": 1
              }
            },
            {
              "batter": "JM Clarke",
              "bowler": "S Lamichhane",
              "non_striker": "MP Stoinis",
              "runs": {
                "batter": 0,
                "extras": 0,
                "total": 0
              }
            },
            {
              "batter": "JM Clarke",
              "bowler": "S Lamichhane",
              "non_striker": "MP Stoinis",
              "runs": {
                "batter": 0,
                "extras": 0,
                "total": 0
              }
            },
            {
              "batter": "JM Clarke",
              "bowler": "S Lamichhane",
              "non_striker": "MP Stoinis",
              "runs": {
                "batter": 1,
                "extras": 0,
                "total": 1
              }
            },
            {
              "batter": "MP Stoinis",
              "bowler": "S Lamichhane",
              "non_striker": "JM Clarke",
              "runs": {
                "batter": 0,
                "extras": 0,
                "total": 0
              }
            },
            {
              "batter": "MP Stoinis",
              "bowler": "S Lamichhane",
              "non_striker": "JM Clarke",
              "runs": {
                "batter": 1,
                "extras": 0,
                "total": 1
              }
            }
          ]
        },
        {
          "over": 5,
          "deliveries": [
            {
              "batter": "MP Stoinis",
              "bowler": "TS Rogers",
              "non_striker": "JM Clarke",
              "runs": {
                "batter": 0,
                "extras": 0,
                "total": 0
              }
            },
            {
              "batter": "MP Stoinis",
              "bowler": "TS Rogers",
              "non_striker": "JM Clarke",
              "runs": {
                "batter": 0,
                "extras": 0,
                "total": 0
              },
              "wickets": [
                {
                  "player_out": "MP Stoinis",
                  "fielders": [
                    {
                      "name": "TH David"
                    }
                  ],
                  "kind": "caught"
                }
              ]
            },
            {
              "batter": "GJ Maxwell",
              "bowler": "TS Rogers",
              "non_striker": "JM Clarke",
              "runs": {
                "batter": 2,
                "extras": 0,
                "total": 2
              }
            },
            {
              "batter": "GJ Maxwell",
              "bowler": "TS Rogers",
              "non_striker": "JM Clarke",
              "runs": {
                "batter": 1,
                "extras": 0,
                "total": 1
              }
            },
            {
              "batter": "JM Clarke",
              "bowler": "TS Rogers",
              "non_striker": "GJ Maxwell",
              "runs": {
                "batter": 1,
                "extras": 0,
                "total": 1
              }
            },
            {
              "batter": "GJ Maxwell",
              "bowler": "TS Rogers",
              "non_striker": "JM Clarke",
              "runs": {
                "batter": 3,
                "extras": 0,
                "total": 3
              }
            }
          ]
        },
        {
          "over": 6,
          "deliveries": [
            {
              "batter": "GJ Maxwell",
              "bowler": "S Lamichhane",
              "non_striker": "JM Clarke",
              "runs": {
                "batter": 1,
                "extras": 0,
                "total": 1
              }
            },
            {
              "batter": "JM Clarke",
              "bowler": "S Lamichhane",
              "non_striker": "GJ Maxwell",
              "runs": {
                "batter": 1,
                "extras": 0,
                "total": 1
              }
            },
            {
              "batter": "GJ Maxwell",
              "bowler": "S Lamichhane",
              "non_striker": "JM Clarke",
              "runs": {
                "batter": 1,
                "extras": 0,
                "total": 1
              }
            },
            {
              "batter": "JM Clarke",
              "bowler": "S Lamichhane",
              "non_striker": "GJ Maxwell",
              "runs": {
                "batter": 2,
                "extras": 0,
                "total": 2
              }
            },
            {
              "batter": "JM Clarke",
              "bowler": "S Lamichhane",
              "extras": {
                "legbyes": 1
              },
              "non_striker": "GJ Maxwell",
              "runs": {
                "batter": 0,
                "extras": 1,
                "total": 1
              }
            },
            {
              "batter": "GJ Maxwell",
              "bowler": "S Lamichhane",
              "non_striker": "JM Clarke",
              "runs": {
                "batter": 1,
                "extras": 0,
                "total": 1
              }
            }
          ]
        },
        {
          "over": 7,
          "deliveries": [
            {
              "batter": "GJ Maxwell",
              "bowler": "RP Meredith",
              "non_striker": "JM Clarke",
              "runs": {
                "batter": 1,
                "extras": 0,
                "total": 1
              }
            },
            {
              "batter": "JM Clarke",
              "bowler": "RP Meredith",
              "non_striker": "GJ Maxwell",
              "runs": {
                "batter": 1,
                "extras": 0,
                "total": 1
              }
            },
            {
              "batter": "GJ Maxwell",
              "bowler": "RP Meredith",
              "non_striker": "JM Clarke",
              "runs": {
                "batter": 2,
                "extras": 0,
                "total": 2
              }
            },
            {
              "batter": "GJ Maxwell",
              "bowler": "RP Meredith",
              "non_striker": "JM Clarke",
              "runs": {
                "batter": 0,
                "extras": 0,
                "total": 0
              },
              "wickets": [
                {
                  "player_out": "GJ Maxwell",
                  "fielders": [
                    {
                      "name": "HC Brook"
                    }
                  ],
                  "kind": "caught"
                }
              ]
            },
            {
              "batter": "JA Burns",
              "bowler": "RP Meredith",
              "non_striker": "JM Clarke",
              "runs": {
                "batter": 2,
                "extras": 0,
                "total": 2
              }
            },
            {
              "batter": "JA Burns",
              "bowler": "RP Meredith",
              "non_striker": "JM Clarke",
              "runs": {
                "batter": 0,
                "extras": 0,
                "total": 0
              }
            }
          ]
        },
        {
          "over": 8,
          "deliveries": [
            {
              "batter": "JM Clarke",
              "bowler": "JA Thompson",
              "non_striker": "JA Burns",
              "runs": {
                "batter": 2,
                "extras": 0,
                "total": 2
              }
            },
            {
              "batter": "JM Clarke",
              "bowler": "JA Thompson",
              "non_striker": "JA Burns",
              "runs": {
                "batter": 0,
                "extras": 0,
                "total": 0
              }
            },
            {
              "batter": "JM Clarke",
              "bowler": "JA Thompson",
              "non_striker": "JA Burns",
              "runs": {
                "batter": 0,
                "extras": 0,
                "total": 0
              }
            },
            {
              "batter": "JM Clarke",
              "bowler": "JA Thompson",
              "non_striker": "JA Burns",
              "runs": {
                "batter": 2,
                "extras": 0,
                "total": 2
              }
            },
            {
              "batter": "JM Clarke",
              "bowler": "JA Thompson",
              "extras": {
                "noballs": 1
              },
              "non_striker": "JA Burns",
              "runs": {
                "batter": 1,
                "extras": 1,
                "total": 2
              }
            },
            {
              "batter": "JA Burns",
              "bowler": "JA Thompson",
              "non_striker": "JM Clarke",
              "runs": {
                "batter": 2,
                "extras": 0,
                "total": 2
              }
            },
            {
              "batter": "JA Burns",
              "bowler": "JA Thompson",
              "non_striker": "JM Clarke",
              "runs": {
                "batter": 0,
                "extras": 0,
                "total": 0
              }
            }
          ]
        },
        {
          "over": 9,
          "deliveries": [
            {
              "batter": "JM Clarke",
              "bowler": "S Lamichhane",
              "non_striker": "JA Burns",
              "runs": {
                "batter": 6,
                "extras": 0,
                "total": 6
              }
            },
            {
              "batter": "JM Clarke",
              "bowler": "S Lamichhane",
              "non_striker": "JA Burns",
              "runs": {
                "batter": 1,
                "extras": 0,
                "total": 1
              }
            },
            {
              "batter": "JA Burns",
              "bowler": "S Lamichhane",
              "non_striker": "JM Clarke",
              "runs": {
                "batter": 1,
                "extras": 0,
                "total": 1
              }
            },
            {
              "batter": "JM Clarke",
              "bowler": "S Lamichhane",
              "non_striker": "JA Burns",
              "runs": {
                "batter": 4,
                "extras": 0,
                "total": 4
              }
            },
            {
              "batter": "JM Clarke",
              "bowler": "S Lamichhane",
              "non_striker": "JA Burns",
              "runs": {
                "batter": 6,
                "extras": 0,
                "total": 6
              }
            },
            {
              "batter": "JM Clarke",
              "bowler": "S Lamichhane",
              "non_striker": "JA Burns",
              "runs": {
                "batter": 1,
                "extras": 0,
                "total": 1
              }
            }
          ]
        },
        {
          "over": 10,
          "deliveries": [
            {
              "batter": "JM Clarke",
              "bowler": "DJM Short",
              "non_striker": "JA Burns",
              "runs": {
                "batter": 1,
                "extras": 0,
                "total": 1
              }
            },
            {
              "batter": "JA Burns",
              "bowler": "DJM Short",
              "non_striker": "JM Clarke",
              "runs": {
                "batter": 1,
                "extras": 0,
                "total": 1
              }
            },
            {
              "batter": "JM Clarke",
              "bowler": "DJM Short",
              "non_striker": "JA Burns",
              "runs": {
                "batter": 1,
                "extras": 0,
                "total": 1
              }
            },
            {
              "batter": "JA Burns",
              "bowler": "DJM Short",
              "non_striker": "JM Clarke",
              "runs": {
                "batter": 1,
                "extras": 0,
                "total": 1
              }
            },
            {
              "batter": "JM Clarke",
              "bowler": "DJM Short",
              "non_striker": "JA Burns",
              "runs": {
                "batter": 1,
                "extras": 0,
                "total": 1
              }
            },
            {
              "batter": "JA Burns",
              "bowler": "DJM Short",
              "non_striker": "JM Clarke",
              "runs": {
                "batter": 1,
                "extras": 0,
                "total": 1
              }
            }
          ]
        },
        {
          "over": 11,
          "deliveries": [
            {
              "batter": "JA Burns",
              "bowler": "RP Meredith",
              "non_striker": "JM Clarke",
              "runs": {
                "batter": 1,
                "extras": 0,
                "total": 1
              }
            },
            {
              "batter": "JM Clarke",
              "bowler": "RP Meredith",
              "non_striker": "JA Burns",
              "runs": {
                "batter": 4,
                "extras": 0,
                "total": 4
              }
            },
            {
              "batter": "JM Clarke",
              "bowler": "RP Meredith",
              "non_striker": "JA Burns",
              "runs": {
                "batter": 1,
                "extras": 0,
                "total": 1
              }
            },
            {
              "batter": "JA Burns",
              "bowler": "RP Meredith",
              "non_striker": "JM Clarke",
              "runs": {
                "batter": 1,
                "extras": 0,
                "total": 1
              }
            },
            {
              "batter": "JM Clarke",
              "bowler": "RP Meredith",
              "non_striker": "JA Burns",
              "runs": {
                "batter": 1,
                "extras": 0,
                "total": 1
              }
            },
            {
              "batter": "JA Burns",
              "bowler": "RP Meredith",
              "non_striker": "JM Clarke",
              "runs": {
                "batter": 4,
                "extras": 0,
                "total": 4
              }
            }
          ]
        },
        {
          "over": 12,
          "deliveries": [
            {
              "batter": "JM Clarke",
              "bowler": "DJM Short",
              "non_striker": "JA Burns",
              "runs": {
                "batter": 1,
                "extras": 0,
                "total": 1
              }
            },
            {
              "batter": "JA Burns",
              "bowler": "DJM Short",
              "non_striker": "JM Clarke",
              "runs": {
                "batter": 4,
                "extras": 0,
                "total": 4
              }
            },
            {
              "batter": "JA Burns",
              "bowler": "DJM Short",
              "non_striker": "JM Clarke",
              "runs": {
                "batter": 1,
                "extras": 0,
                "total": 1
              }
            },
            {
              "batter": "JM Clarke",
              "bowler": "DJM Short",
              "non_striker": "JA Burns",
              "runs": {
                "batter": 1,
                "extras": 0,
                "total": 1
              }
            },
            {
              "batter": "JA Burns",
              "bowler": "DJM Short",
              "non_striker": "JM Clarke",
              "runs": {
                "batter": 1,
                "extras": 0,
                "total": 1
              }
            },
            {
              "batter": "JM Clarke",
              "bowler": "DJM Short",
              "non_striker": "JA Burns",
              "runs": {
                "batter": 0,
                "extras": 0,
                "total": 0
              },
              "wickets": [
                {
                  "player_out": "JM Clarke",
                  "fielders": [
                    {
                      "name": "MS Wade"
                    }
                  ],
                  "kind": "stumped"
                }
              ]
            }
          ]
        },
        {
          "over": 13,
          "deliveries": [
            {
              "batter": "JA Burns",
              "bowler": "NT Ellis",
              "non_striker": "AD Russell",
              "runs": {
                "batter": 2,
                "extras": 0,
                "total": 2
              }
            },
            {
              "batter": "JA Burns",
              "bowler": "NT Ellis",
              "non_striker": "AD Russell",
              "runs": {
                "batter": 0,
                "extras": 0,
                "total": 0
              }
            },
            {
              "batter": "JA Burns",
              "bowler": "NT Ellis",
              "non_striker": "AD Russell",
              "runs": {
                "batter": 0,
                "extras": 0,
                "total": 0
              },
              "wickets": [
                {
                  "player_out": "JA Burns",
                  "kind": "bowled"
                }
              ]
            },
            {
              "batter": "HWR Cartwright",
              "bowler": "NT Ellis",
              "non_striker": "AD Russell",
              "runs": {
                "batter": 0,
                "extras": 0,
                "total": 0
              }
            },
            {
              "batter": "HWR Cartwright",
              "bowler": "NT Ellis",
              "non_striker": "AD Russell",
              "runs": {
                "batter": 0,
                "extras": 0,
                "total": 0
              }
            },
            {
              "batter": "HWR Cartwright",
              "bowler": "NT Ellis",
              "non_striker": "AD Russell",
              "runs": {
                "batter": 0,
                "extras": 0,
                "total": 0
              }
            }
          ]
        },
        {
          "over": 14,
          "deliveries": [
            {
              "batter": "AD Russell",
              "bowler": "S Lamichhane",
              "non_striker": "HWR Cartwright",
              "runs": {
                "batter": 1,
                "extras": 0,
                "total": 1
              }
            },
            {
              "batter": "HWR Cartwright",
              "bowler": "S Lamichhane",
              "non_striker": "AD Russell",
              "runs": {
                "batter": 0,
                "extras": 0,
                "total": 0
              }
            },
            {
              "batter": "HWR Cartwright",
              "bowler": "S Lamichhane",
              "non_striker": "AD Russell",
              "runs": {
                "batter": 1,
                "extras": 0,
                "total": 1
              }
            },
            {
              "batter": "AD Russell",
              "bowler": "S Lamichhane",
              "non_striker": "HWR Cartwright",
              "runs": {
                "batter": 0,
                "extras": 0,
                "total": 0
              }
            },
            {
              "batter": "AD Russell",
              "bowler": "S Lamichhane",
              "non_striker": "HWR Cartwright",
              "runs": {
                "batter": 2,
                "extras": 0,
                "total": 2
              }
            },
            {
              "batter": "AD Russell",
              "bowler": "S Lamichhane",
              "non_striker": "HWR Cartwright",
              "runs": {
                "batter": 0,
                "extras": 0,
                "total": 0
              }
            }
          ]
        },
        {
          "over": 15,
          "deliveries": [
            {
              "batter": "HWR Cartwright",
              "bowler": "NT Ellis",
              "non_striker": "AD Russell",
              "runs": {
                "batter": 1,
                "extras": 0,
                "total": 1
              }
            },
            {
              "batter": "AD Russell",
              "bowler": "NT Ellis",
              "non_striker": "HWR Cartwright",
              "runs": {
                "batter": 0,
                "extras": 0,
                "total": 0
              }
            },
            {
              "batter": "AD Russell",
              "bowler": "NT Ellis",
              "non_striker": "HWR Cartwright",
              "runs": {
                "batter": 1,
                "extras": 0,
                "total": 1
              }
            },
            {
              "batter": "HWR Cartwright",
              "bowler": "NT Ellis",
              "extras": {
                "wides": 1
              },
              "non_striker": "AD Russell",
              "runs": {
                "batter": 0,
                "extras": 1,
                "total": 1
              }
            },
            {
              "batter": "HWR Cartwright",
              "bowler": "NT Ellis",
              "non_striker": "AD Russell",
              "runs": {
                "batter": 2,
                "extras": 0,
                "total": 2
              }
            },
            {
              "batter": "HWR Cartwright",
              "bowler": "NT Ellis",
              "non_striker": "AD Russell",
              "runs": {
                "batter": 4,
                "extras": 0,
                "total": 4
              }
            },
            {
              "batter": "HWR Cartwright",
              "bowler": "NT Ellis",
              "extras": {
                "wides": 1
              },
              "non_striker": "AD Russell",
              "runs": {
                "batter": 0,
                "extras": 1,
                "total": 1
              }
            },
            {
              "batter": "HWR Cartwright",
              "bowler": "NT Ellis",
              "non_striker": "AD Russell",
              "runs": {
                "batter": 1,
                "extras": 0,
                "total": 1
              }
            }
          ]
        },
        {
          "over": 16,
          "deliveries": [
            {
              "batter": "HWR Cartwright",
              "bowler": "TS Rogers",
              "non_striker": "AD Russell",
              "runs": {
                "batter": 1,
                "extras": 0,
                "total": 1
              }
            },
            {
              "batter": "AD Russell",
              "bowler": "TS Rogers",
              "non_striker": "HWR Cartwright",
              "runs": {
                "batter": 4,
                "extras": 0,
                "total": 4
              }
            },
            {
              "batter": "AD Russell",
              "bowler": "TS Rogers",
              "non_striker": "HWR Cartwright",
              "runs": {
                "batter": 0,
                "extras": 0,
                "total": 0
              }
            },
            {
              "batter": "AD Russell",
              "bowler": "TS Rogers",
              "non_striker": "HWR Cartwright",
              "runs": {
                "batter": 0,
                "extras": 0,
                "total": 0
              }
            },
            {
              "batter": "AD Russell",
              "bowler": "TS Rogers",
              "non_striker": "HWR Cartwright",
              "runs": {
                "batter": 0,
                "extras": 0,
                "total": 0
              }
            },
            {
              "batter": "AD Russell",
              "bowler": "TS Rogers",
              "non_striker": "HWR Cartwright",
              "runs": {
                "batter": 4,
                "extras": 0,
                "total": 4
              }
            }
          ]
        },
        {
          "over": 17,
          "deliveries": [
            {
              "batter": "HWR Cartwright",
              "bowler": "NT Ellis",
              "non_striker": "AD Russell",
              "runs": {
                "batter": 2,
                "extras": 0,
                "total": 2
              }
            },
            {
              "batter": "HWR Cartwright",
              "bowler": "NT Ellis",
              "non_striker": "AD Russell",
              "runs": {
                "batter": 1,
                "extras": 0,
                "total": 1
              }
            },
            {
              "batter": "AD Russell",
              "bowler": "NT Ellis",
              "non_striker": "HWR Cartwright",
              "runs": {
                "batter": 0,
                "extras": 0,
                "total": 0
              }
            },
            {
              "batter": "AD Russell",
              "bowler": "NT Ellis",
              "non_striker": "HWR Cartwright",
              "runs": {
                "batter": 0,
                "extras": 0,
                "total": 0
              },
              "wickets": [
                {
                  "player_out": "AD Russell",
                  "fielders": [
                    {
                      "name": "BR McDermott"
                    }
                  ],
                  "kind": "caught"
                }
              ]
            },
            {
              "batter": "BJ Webster",
              "bowler": "NT Ellis",
              "non_striker": "HWR Cartwright",
              "runs": {
                "batter": 1,
                "extras": 0,
                "total": 1
              }
            },
            {
              "batter": "HWR Cartwright",
              "bowler": "NT Ellis",
              "non_striker": "BJ Webster",
              "runs": {
                "batter": 1,
                "extras": 0,
                "total": 1
              }
            }
          ]
        },
        {
          "over": 18,
          "deliveries": [
            {
              "batter": "HWR Cartwright",
              "bowler": "RP Meredith",
              "non_striker": "BJ Webster",
              "runs": {
                "batter": 6,
                "extras": 0,
                "total": 6
              }
            },
            {
              "batter": "HWR Cartwright",
              "bowler": "RP Meredith",
              "non_striker": "BJ Webster",
              "runs": {
                "batter": 1,
                "extras": 0,
                "total": 1
              }
            },
            {
              "batter": "BJ Webster",
              "bowler": "RP Meredith",
              "non_striker": "HWR Cartwright",
              "runs": {
                "batter": 0,
                "extras": 0,
                "total": 0
              },
              "wickets": [
                {
                  "player_out": "BJ Webster",
                  "fielders": [
                    {
                      "name": "NT Ellis"
                    }
                  ],
                  "kind": "caught"
                }
              ]
            },
            {
              "batter": "NM Coulter-Nile",
              "bowler": "RP Meredith",
              "non_striker": "HWR Cartwright",
              "runs": {
                "batter": 0,
                "extras": 0,
                "total": 0
              },
              "wickets": [
                {
                  "player_out": "NM Coulter-Nile",
                  "fielders": [
                    {
                      "name": "DJM Short"
                    }
                  ],
                  "kind": "caught"
                }
              ]
            },
            {
              "batter": "HWR Cartwright",
              "bowler": "RP Meredith",
              "non_striker": "CD Hinchliffe",
              "runs": {
                "batter": 4,
                "extras": 0,
                "total": 4
              }
            },
            {
              "batter": "HWR Cartwright",
              "bowler": "RP Meredith",
              "non_striker": "CD Hinchliffe",
              "runs": {
                "batter": 1,
                "extras": 0,
                "total": 1
              }
            }
          ]
        },
        {
          "over": 19,
          "deliveries": [
            {
              "batter": "HWR Cartwright",
              "bowler": "TS Rogers",
              "non_striker": "CD Hinchliffe",
              "runs": {
                "batter": 0,
                "extras": 0,
                "total": 0
              },
              "wickets": [
                {
                  "player_out": "HWR Cartwright",
                  "fielders": [
                    {
                      "name": "HC Brook"
                    }
                  ],
                  "kind": "caught"
                }
              ]
            },
            {
              "batter": "CD Hinchliffe",
              "bowler": "TS Rogers",
              "non_striker": "Qais Ahmad",
              "runs": {
                "batter": 1,
                "extras": 0,
                "total": 1
              }
            },
            {
              "batter": "Qais Ahmad",
              "bowler": "TS Rogers",
              "non_striker": "CD Hinchliffe",
              "runs": {
                "batter": 1,
                "extras": 0,
                "total": 1
              }
            },
            {
              "batter": "CD Hinchliffe",
              "bowler": "TS Rogers",
              "non_striker": "Qais Ahmad",
              "runs": {
                "batter": 0,
                "extras": 0,
                "total": 0
              },
              "wickets": [
                {
                  "player_out": "CD Hinchliffe",
                  "kind": "caught and bowled"
                }
              ]
            },
            {
              "batter": "Qais Ahmad",
              "bowler": "TS Rogers",
              "non_striker": "BL Couch",
              "runs": {
                "batter": 1,
                "extras": 0,
                "total": 1
              }
            },
            {
              "batter": "BL Couch",
              "bowler": "TS Rogers",
              "non_striker": "Qais Ahmad",
              "runs": {
                "batter": 0,
                "extras": 0,
                "total": 0
              }
            }
          ]
        }
      ],
      "powerplays": [
        {
          "from": 0.1,
          "to": 3.6,
          "type": "mandatory"
        },
        {
          "from": 15.1,
          "to": 16.6,
          "type": "batting"
        }
      ],
      "target": {
        "overs": 20,
        "runs": 181
      }
    }
  ]
}