{
  "meta": {
    "data_version": "1.1.0",
    "created": "2021-12-29",
    "revision": 1
  },
  "info": {
    "balls_per_over": 6,
    "city": "Sydney",
    "dates": [
      "2021-12-26"
    ],
    "event": {
      "name": "Big Bash League",
      "match_number": 20
    },
    "gender": "male",
    "match_type": "T20",
    "officials": {
      "match_referees": [
        "SR Bernard"
      ],
      "reserve_umpires": [
        "BC Treloar"
      ],
      "tv_umpires": [
        "D Taylor"
      ],
      "umpires": [
        "BNJ Oxenford",
        "GJ Davidson"
      ]
    },
    "outcome": {
      "winner": "Sydney Sixers",
      "by": {
        "runs": 30
      },
      "method": "D/L"
    },
    "overs": 20,
    "player_of_match": [
      "DT Christian"
    ],
    "players": {
      "Sydney Sixers": [
        "T Murphy",
        "JR Philippe",
        "JM Vince",
        "DP Hughes",
        "MC Henriques",
        "JC Silk",
        "DT Christian",
        "SA Abbott",
        "H Kerr",
        "BJ Dwarshuis",
        "L Pope",
        "MW Edwards"
      ],
      "Sydney Thunder": [
        "M Gilkes",
        "AD Hales",
        "JJS Sangha",
        "SW Billings",
        "AI Ross",
        "DR Sams",
        "BCJ Cutting",
        "N McAndrew",
        "CJ Green",
        "S Mahmood",
        "T Sangha"
      ]
    },
    "registry": {
      "people": {
        "AD Hales": "92aeac25",
        "AI Ross": "fb0d68b4",
        "BC Treloar": "f7e8ee52",
        "BCJ Cutting": "2e11c706",
        "BJ Dwarshuis": "e1b9f3a9",
        "BNJ Oxenford": "c1add349",
        "CJ Green": "19b9f399",
        "D Taylor": "b940a2b2",
        "DP Hughes": "f3982af9",
        "DR Sams": "caf69bf7",
        "DT Christian": "2a2e6343",
        "GJ Davidson": "31ad5973",
        "H Kerr": "f422728b",
        "JC Silk": "7a6dc294",
        "JJS Sangha": "8e3cb0e9",
        "JM Vince": "a15618fe",
        "JR Philippe": "39086549",
        "L Pope": "616a8149",
        "M Gilkes": "d85b0f8b",
        "MC Henriques": "32198ae0",
        "MW Edwards": "5f222a64",
        "N McAndrew": "38c276e1",
        "S Mahmood": "0f6db197",
        "SA Abbott": "1a2676c5",
        "SR Bernard": "800187dc",
        "SW Billings": "c16d4035",
        "T Murphy": "ac2e7ec0",
        "T Sangha": "52c952d9"
      }
    },
    "season": "2021/22",
    "supersubs": {
      "Sydney Sixers": "MW Edwards"
    },
    "team_type": "club",
    "teams": [
      "Sydney Sixers",
      "Sydney Thunder"
    ],
    "toss": {
      "decision": "field",
      "winner": "Sydney Thunder"
    },
    "venue": "Sydney Showground Stadium"
  },
  "innings": [
    {
      "team": "Sydney Sixers",
      "overs": [
        {
          "over": 0,
          "deliveries": [
            {
              "batter": "JR Philippe",
              "bowler": "S Mahmood",
              "non_striker": "JM Vince",
              "runs": {
                "batter": 0,
                "extras": 0,
                "total": 0
              }
            },
            {
              "batter": "JR Philippe",
              "bowler": "S Mahmood",
              "non_striker": "JM Vince",
              "runs": {
                "batter": 1,
                "extras": 0,
                "total": 1
              }
            },
            {
              "batter": "JM Vince",
              "bowler": "S Mahmood",
              "non_striker": "JR Philippe",
              "runs": {
                "batter": 0,
                "extras": 0,
                "total": 0
              }
            },
            {
              "batter": "JM Vince",
              "bowler": "S Mahmood",
              "non_striker": "JR Philippe",
              "runs": {
                "batter": 0,
                "extras": 0,
                "total": 0
              }
            },
            {
              "batter": "JM Vince",
              "bowler": "S Mahmood",
              "non_striker": "JR Philippe",
              "runs": {
                "batter": 0,
                "extras": 0,
                "total": 0
              }
            },
            {
              "batter": "JM Vince",
              "bowler": "S Mahmood",
              "non_striker": "JR Philippe",
              "runs": {
                "batter": 0,
                "extras": 0,
                "total": 0
              }
            }
          ]
        },
        {
          "over": 1,
          "deliveries": [
            {
              "batter": "JR Philippe",
              "bowler": "N McAndrew",
              "extras": {
                "wides": 1
              },
              "non_striker": "JM Vince",
              "runs": {
                "batter": 0,
                "extras": 1,
                "total": 1
              }
            },
            {
              "batter": "JR Philippe",
              "bowler": "N McAndrew",
              "non_striker": "JM Vince",
              "runs": {
                "batter": 0,
                "extras": 0,
                "total": 0
              }
            },
            {
              "batter": "JR Philippe",
              "bowler": "N McAndrew",
              "non_striker": "JM Vince",
              "runs": {
                "batter": 3,
                "extras": 0,
                "total": 3
              }
            },
            {
              "batter": "JM Vince",
              "bowler": "N McAndrew",
              "non_striker": "JR Philippe",
              "runs": {
                "batter": 0,
                "extras": 0,
                "total": 0
              }
            },
            {
              "batter": "JM Vince",
              "bowler": "N McAndrew",
              "non_striker": "JR Philippe",
              "runs": {
                "batter": 4,
                "extras": 0,
                "total": 4
              }
            },
            {
              "batter": "JM Vince",
              "bowler": "N McAndrew",
              "non_striker": "JR Philippe",
              "runs": {
                "batter": 1,
                "extras": 0,
                "total": 1
              }
            },
            {
              "batter": "JR Philippe",
              "bowler": "N McAndrew",
              "non_striker": "JM Vince",
              "runs": {
                "batter": 0,
                "extras": 0,
                "total": 0
              }
            }
          ]
        },
        {
          "over": 2,
          "deliveries": [
            {
              "batter": "JM Vince",
              "bowler": "S Mahmood",
              "non_striker": "JR Philippe",
              "runs": {
                "batter": 0,
                "extras": 0,
                "total": 0
              }
            },
            {
              "batter": "JM Vince",
              "bowler": "S Mahmood",
              "non_striker": "JR Philippe",
              "runs": {
                "batter": 1,
                "extras": 0,
                "total": 1
              }
            },
            {
              "batter": "JR Philippe",
              "bowler": "S Mahmood",
              "non_striker": "JM Vince",
              "runs": {
                "batter": 0,
                "extras": 0,
                "total": 0
              }
            },
            {
              "batter": "JR Philippe",
              "bowler": "S Mahmood",
              "non_striker": "JM Vince",
              "runs": {
                "batter": 6,
                "extras": 0,
                "total": 6
              }
            },
            {
              "batter": "JR Philippe",
              "bowler": "S Mahmood",
              "non_striker": "JM Vince",
              "runs": {
                "batter": 3,
                "extras": 0,
                "total": 3
              }
            },
            {
              "batter": "JM Vince",
              "bowler": "S Mahmood",
              "non_striker": "JR Philippe",
              "runs": {
                "batter": 4,
                "extras": 0,
                "total": 4
              }
            }
          ]
        },
        {
          "over": 3,
          "deliveries": [
            {
              "batter": "JR Philippe",
              "bowler": "DR Sams",
              "non_striker": "JM Vince",
              "runs": {
                "batter": 0,
                "extras": 0,
                "total": 0
              }
            },
            {
              "batter": "JR Philippe",
              "bowler": "DR Sams",
              "non_striker": "JM Vince",
              "runs": {
                "batter": 0,
                "extras": 0,
                "total": 0
              },
              "wickets": [
                {
                  "player_out": "JR Philippe",
                  "fielders": [
                    {
                      "name": "CJ Green"
                    }
                  ],
                  "kind": "caught"
                }
              ]
            },
            {
              "batter": "DP Hughes",
              "bowler": "DR Sams",
              "non_striker": "JM Vince",
              "runs": {
                "batter": 0,
                "extras": 0,
                "total": 0
              }
            },
            {
              "batter": "DP Hughes",
              "bowler": "DR Sams",
              "non_striker": "JM Vince",
              "runs": {
                "batter": 1,
                "extras": 0,
                "total": 1
              }
            },
            {
              "batter": "JM Vince",
              "bowler": "DR Sams",
              "non_striker": "DP Hughes",
              "runs": {
                "batter": 4,
                "extras": 0,
                "total": 4
              }
            },
            {
              "batter": "JM Vince",
              "bowler": "DR Sams",
              "non_striker": "DP Hughes",
              "runs": {
                "batter": 0,
                "extras": 0,
                "total": 0
              }
            }
          ]
        },
        {
          "over": 4,
          "deliveries": [
            {
              "batter": "DP Hughes",
              "bowler": "CJ Green",
              "non_striker": "JM Vince",
              "runs": {
                "batter": 0,
                "extras": 0,
                "total": 0
              }
            },
            {
              "batter": "DP Hughes",
              "bowler": "CJ Green",
              "non_striker": "JM Vince",
              "runs": {
                "batter": 1,
                "extras": 0,
                "total": 1
              }
            },
            {
              "batter": "JM Vince",
              "bowler": "CJ Green",
              "non_striker": "DP Hughes",
              "runs": {
                "batter": 1,
                "extras": 0,
                "total": 1
              }
            },
            {
              "batter": "DP Hughes",
              "bowler": "CJ Green",
              "non_striker": "JM Vince",
              "runs": {
                "batter": 1,
                "extras": 0,
                "total": 1
              }
            },
            {
              "batter": "JM Vince",
              "bowler": "CJ Green",
              "non_striker": "DP Hughes",
              "runs": {
                "batter": 1,
                "extras": 0,
                "total": 1
              }
            },
            {
              "batter": "DP Hughes",
              "bowler": "CJ Green",
              "non_striker": "JM Vince",
              "runs": {
                "batter": 0,
                "extras": 0,
                "total": 0
              }
            }
          ]
        },
        {
          "over": 5,
          "deliveries": [
            {
              "batter": "JM Vince",
              "bowler": "T Sangha",
              "non_striker": "DP Hughes",
              "runs": {
                "batter": 4,
                "extras": 0,
                "total": 4
              }
            },
            {
              "batter": "JM Vince",
              "bowler": "T Sangha",
              "non_striker": "DP Hughes",
              "runs": {
                "batter": 0,
                "extras": 0,
                "total": 0
              }
            },
            {
              "batter": "JM Vince",
              "bowler": "T Sangha",
              "non_striker": "DP Hughes",
              "runs": {
                "batter": 0,
                "extras": 0,
                "total": 0
              }
            },
            {
              "batter": "JM Vince",
              "bowler": "T Sangha",
              "non_striker": "DP Hughes",
              "runs": {
                "batter": 0,
                "extras": 0,
                "total": 0
              }
            },
            {
              "batter": "JM Vince",
              "bowler": "T Sangha",
              "non_striker": "DP Hughes",
              "runs": {
                "batter": 1,
                "extras": 0,
                "total": 1
              }
            },
            {
              "batter": "DP Hughes",
              "bowler": "T Sangha",
              "non_striker": "JM Vince",
              "runs": {
                "batter": 2,
                "extras": 0,
                "total": 2
              }
            }
          ]
        },
        {
          "over": 6,
          "deliveries": [
            {
              "batter": "JM Vince",
              "bowler": "CJ Green",
              "non_striker": "DP Hughes",
              "runs": {
                "batter": 2,
                "extras": 0,
                "total": 2
              }
            },
            {
              "batter": "JM Vince",
              "bowler": "CJ Green",
              "non_striker": "DP Hughes",
              "runs": {
                "batter": 1,
                "extras": 0,
                "total": 1
              }
            },
            {
              "batter": "DP Hughes",
              "bowler": "CJ Green",
              "non_striker": "JM Vince",
              "runs": {
                "batter": 4,
                "extras": 0,
                "total": 4
              }
            },
            {
              "batter": "DP Hughes",
              "bowler": "CJ Green",
              "non_striker": "JM Vince",
              "runs": {
                "batter": 0,
                "extras": 0,
                "total": 0
              }
            },
            {
              "batter": "DP Hughes",
              "bowler": "CJ Green",
              "non_striker": "JM Vince",
              "runs": {
                "batter": 1,
                "extras": 0,
                "total": 1
              }
            },
            {
              "batter": "JM Vince",
              "bowler": "CJ Green",
              "non_striker": "DP Hughes",
              "runs": {
                "batter": 1,
                "extras": 0,
                "total": 1
              }
            }
          ]
        },
        {
          "over": 7,
          "deliveries": [
            {
              "batter": "JM Vince",
              "bowler": "N McAndrew",
              "non_striker": "DP Hughes",
              "runs": {
                "batter": 1,
                "extras": 0,
                "total": 1
              }
            },
            {
              "batter": "DP Hughes",
              "bowler": "N McAndrew",
              "non_striker": "JM Vince",
              "runs": {
                "batter": 6,
                "extras": 0,
                "total": 6
              }
            },
            {
              "batter": "DP Hughes",
              "bowler": "N McAndrew",
              "non_striker": "JM Vince",
              "runs": {
                "batter": 1,
                "extras": 0,
                "total": 1
              }
            },
            {
              "batter": "JM Vince",
              "bowler": "N McAndrew",
              "non_striker": "DP Hughes",
              "runs": {
                "batter": 0,
                "extras": 0,
                "total": 0
              }
            },
            {
              "batter": "JM Vince",
              "bowler": "N McAndrew",
              "non_striker": "DP Hughes",
              "runs": {
                "batter": 0,
                "extras": 0,
                "total": 0
              }
            },
            {
              "batter": "JM Vince",
              "bowler": "N McAndrew",
              "non_striker": "DP Hughes",
              "runs": {
                "batter": 1,
                "extras": 0,
                "total": 1
              }
            }
          ]
        },
        {
          "over": 8,
          "deliveries": [
            {
              "batter": "JM Vince",
              "bowler": "DR Sams",
              "non_striker": "DP Hughes",
              "replacements": {
                "match": [
                  {
                    "in": "MW Edwards",
                    "out": "T Murphy",
                    "team": "Sydney Sixers",
                    "reason": "supersub"
                  }
                ]
              },
              "runs": {
                "batter": 4,
                "extras": 0,
                "total": 4
              }
            },
            {
              "batter": "JM Vince",
              "bowler": "DR Sams",
              "non_striker": "DP Hughes",
              "runs": {
                "batter": 0,
                "extras": 0,
                "total": 0
              }
            },
            {
              "batter": "JM Vince",
              "bowler": "DR Sams",
              "non_striker": "DP Hughes",
              "runs": {
                "batter": 0,
                "extras": 0,
                "total": 0
              },
              "wickets": [
                {
                  "player_out": "JM Vince",
                  "fielders": [
                    {
                      "name": "SW Billings"
                    }
                  ],
                  "kind": "caught"
                }
              ]
            },
            {
              "batter": "MC Henriques",
              "bowler": "DR Sams",
              "non_striker": "DP Hughes",
              "runs": {
                "batter": 6,
                "extras": 0,
                "total": 6
              }
            },
            {
              "batter": "MC Henriques",
              "bowler": "DR Sams",
              "extras": {
                "legbyes": 1
              },
              "non_striker": "DP Hughes",
              "runs": {
                "batter": 0,
                "extras": 1,
                "total": 1
              }
            },
            {
              "batter": "DP Hughes",
              "bowler": "DR Sams",
              "non_striker": "MC Henriques",
              "runs": {
                "batter": 2,
                "extras": 0,
                "total": 2
              }
            }
          ]
        },
        {
          "over": 9,
          "deliveries": [
            {
              "batter": "MC Henriques",
              "bowler": "CJ Green",
              "non_striker": "DP Hughes",
              "runs": {
                "batter": 4,
                "extras": 0,
                "total": 4
              }
            },
            {
              "batter": "MC Henriques",
              "bowler": "CJ Green",
              "non_striker": "DP Hughes",
              "runs": {
                "batter": 0,
                "extras": 0,
                "total": 0
              },
              "wickets": [
                {
                  "player_out": "MC Henriques",
                  "fielders": [
                    {
                      "name": "BCJ Cutting"
                    }
                  ],
                  "kind": "caught"
                }
              ]
            },
            {
              "batter": "JC Silk",
              "bowler": "CJ Green",
              "non_striker": "DP Hughes",
              "runs": {
                "batter": 0,
                "extras": 0,
                "total": 0
              }
            },
            {
              "batter": "JC Silk",
              "bowler": "CJ Green",
              "non_striker": "DP Hughes",
              "runs": {
                "batter": 1,
                "extras": 0,
                "total": 1
              }
            },
            {
              "batter": "DP Hughes",
              "bowler": "CJ Green",
              "non_striker": "JC Silk",
              "runs": {
                "batter": 0,
                "extras": 0,
                "total": 0
              }
            },
            {
              "batter": "DP Hughes",
              "bowler": "CJ Green",
              "non_striker": "JC Silk",
              "runs": {
                "batter": 1,
                "extras": 0,
                "total": 1
              }
            }
          ]
        },
        {
          "over": 10,
          "deliveries": [
            {
              "batter": "DP Hughes",
              "bowler": "T Sangha",
              "non_striker": "JC Silk",
              "runs": {
                "batter": 6,
                "extras": 0,
                "total": 6
              }
            },
            {
              "batter": "DP Hughes",
              "bowler": "T Sangha",
              "non_striker": "JC Silk",
              "runs": {
                "batter": 6,
                "extras": 0,
                "total": 6
              }
            },
            {
              "batter": "DP Hughes",
              "bowler": "T Sangha",
              "non_striker": "JC Silk",
              "runs": {
                "batter": 2,
                "extras": 0,
                "total": 2
              }
            },
            {
              "batter": "DP Hughes",
              "bowler": "T Sangha",
              "non_striker": "JC Silk",
              "runs": {
                "batter": 0,
                "extras": 0,
                "total": 0
              }
            },
            {
              "batter": "DP Hughes",
              "bowler": "T Sangha",
              "non_striker": "JC Silk",
              "runs": {
                "batter": 1,
                "extras": 0,
                "total": 1
              }
            },
            {
              "batter": "JC Silk",
              "bowler": "T Sangha",
              "non_striker": "DP Hughes",
              "runs": {
                "batter": 4,
                "extras": 0,
                "total": 4
              }
            }
          ]
        },
        {
          "over": 11,
          "deliveries": [
            {
              "batter": "DP Hughes",
              "bowler": "BCJ Cutting",
              "non_striker": "JC Silk",
              "runs": {
                "batter": 6,
                "extras": 0,
                "total": 6
              }
            },
            {
              "batter": "DP Hughes",
              "bowler": "BCJ Cutting",
              "non_striker": "JC Silk",
              "runs": {
                "batter": 1,
                "extras": 0,
                "total": 1
              }
            },
            {
              "batter": "JC Silk",
              "bowler": "BCJ Cutting",
              "extras": {
                "legbyes": 1
              },
              "non_striker": "DP Hughes",
              "runs": {
                "batter": 0,
                "extras": 1,
                "total": 1
              }
            },
            {
              "batter": "DP Hughes",
              "bowler": "BCJ Cutting",
              "non_striker": "JC Silk",
              "runs": {
                "batter": 0,
                "extras": 0,
                "total": 0
              }
            },
            {
              "batter": "DP Hughes",
              "bowler": "BCJ Cutting",
              "non_striker": "JC Silk",
              "runs": {
                "batter": 6,
                "extras": 0,
                "total": 6
              }
            },
            {
              "batter": "DP Hughes",
              "bowler": "BCJ Cutting",
              "non_striker": "JC Silk",
              "runs": {
                "batter": 2,
                "extras": 0,
                "total": 2
              }
            }
          ]
        },
        {
          "over": 12,
          "deliveries": [
            {
              "batter": "JC Silk",
              "bowler": "S Mahmood",
              "non_striker": "DP Hughes",
              "runs": {
                "batter": 0,
                "extras": 0,
                "total": 0
              }
            },
            {
              "batter": "JC Silk",
              "bowler": "S Mahmood",
              "non_striker": "DP Hughes",
              "runs": {
                "batter": 4,
                "extras": 0,
                "total": 4
              }
            },
            {
              "batter": "JC Silk",
              "bowler": "S Mahmood",
              "non_striker": "DP Hughes",
              "runs": {
                "batter": 1,
                "extras": 0,
                "total": 1
              }
            },
            {
              "batter": "DP Hughes",
              "bowler": "S Mahmood",
              "non_striker": "JC Silk",
              "runs": {
                "batter": 0,
                "extras": 0,
                "total": 0
              },
              "wickets": [
                {
                  "player_out": "DP Hughes",
                  "kind": "bowled"
                }
              ]
            },
            {
              "batter": "DT Christian",
              "bowler": "S Mahmood",
              "non_striker": "JC Silk",
              "runs": {
                "batter": 0,
                "extras": 0,
                "total": 0
              }
            },
            {
              "batter": "DT Christian",
              "bowler": "S Mahmood",
              "non_striker": "JC Silk",
              "runs": {
                "batter": 1,
                "extras": 0,
                "total": 1
              }
            }
          ]
        },
        {
          "over": 13,
          "deliveries": [
            {
              "batter": "DT Christian",
              "bowler": "DR Sams",
              "non_striker": "JC Silk",
              "runs": {
                "batter": 1,
                "extras": 0,
                "total": 1
              }
            },
            {
              "batter": "JC Silk",
              "bowler": "DR Sams",
              "non_striker": "DT Christian",
              "runs": {
                "batter": 4,
                "extras": 0,
                "total": 4
              }
            },
            {
              "batter": "JC Silk",
              "bowler": "DR Sams",
              "non_striker": "DT Christian",
              "runs": {
                "batter": 0,
                "extras": 0,
                "total": 0
              }
            },
            {
              "batter": "JC Silk",
              "bowler": "DR Sams",
              "extras": {
                "noballs": 1
              },
              "non_striker": "DT Christian",
              "runs": {
                "batter": 2,
                "extras": 1,
                "total": 3
              }
            },
            {
              "batter": "JC Silk",
              "bowler": "DR Sams",
              "non_striker": "DT Christian",
              "runs": {
                "batter": 1,
                "extras": 0,
                "total": 1
              }
            },
            {
              "batter": "DT Christian",
              "bowler": "DR Sams",
              "non_striker": "JC Silk",
              "runs": {
                "batter": 2,
                "extras": 0,
                "total": 2
              }
            },
            {
              "batter": "DT Christian",
              "bowler": "DR Sams",
              "non_striker": "JC Silk",
              "runs": {
                "batter": 1,
                "extras": 0,
                "total": 1
              }
            }
          ]
        },
        {
          "over": 14,
          "deliveries": [
            {
              "batter": "DT Christian",
              "bowler": "S Mahmood",
              "non_striker": "JC Silk",
              "runs": {
                "batter": 6,
                "extras": 0,
                "total": 6
              }
            },
            {
              "batter": "DT Christian",
              "bowler": "S Mahmood",
              "non_striker": "JC Silk",
              "runs": {
                "batter": 4,
                "extras": 0,
                "total": 4
              }
            },
            {
              "batter": "DT Christian",
              "bowler": "S Mahmood",
              "non_striker": "JC Silk",
              "runs": {
                "batter": 0,
                "extras": 0,
                "total": 0
              }
            },
            {
              "batter": "DT Christian",
              "bowler": "S Mahmood",
              "non_striker": "JC Silk",
              "runs": {
                "batter": 4,
                "extras": 0,
                "total": 4
              }
            },
            {
              "batter": "DT Christian",
              "bowler": "S Mahmood",
              "non_striker": "JC Silk",
              "runs": {
                "batter": 2,
                "extras": 0,
                "total": 2
              }
            },
            {
              "batter": "DT Christian",
              "bowler": "S Mahmood",
              "non_striker": "JC Silk",
              "runs": {
                "batter": 1,
                "extras": 0,
                "total": 1
              }
            }
          ]
        },
        {
          "over": 15,
          "deliveries": [
            {
              "batter": "DT Christian",
              "bowler": "N McAndrew",
              "non_striker": "JC Silk",
              "runs": {
                "batter": 4,
                "extras": 0,
                "total": 4
              }
            },
            {
              "batter": "DT Christian",
              "bowler": "N McAndrew",
              "non_striker": "JC Silk",
              "runs": {
                "batter": 1,
                "extras": 0,
                "total": 1
              }
            },
            {
              "batter": "JC Silk",
              "bowler": "N McAndrew",
              "non_striker": "DT Christian",
              "runs": {
                "batter": 1,
                "extras": 0,
                "total": 1
              }
            },
            {
              "batter": "DT Christian",
              "bowler": "N McAndrew",
              "extras": {
                "noballs": 1
              },
              "non_striker": "JC Silk",
              "runs": {
                "batter": 4,
                "extras": 1,
                "total": 5
              }
            },
            {
              "batter": "DT Christian",
              "bowler": "N McAndrew",
              "non_striker": "JC Silk",
              "runs": {
                "batter": 2,
                "extras": 0,
                "total": 2
              }
            },
            {
              "batter": "DT Christian",
              "bowler": "N McAndrew",
              "non_striker": "JC Silk",
              "runs": {
                "batter": 6,
                "extras": 0,
                "total": 6
              }
            },
            {
              "batter": "DT Christian",
              "bowler": "N McAndrew",
              "non_striker": "JC Silk",
              "runs": {
                "batter": 2,
                "extras": 0,
                "total": 2
              }
            }
          ]
        }
      ],
      "powerplays": [
        {
          "from": 0.1,
          "to": 3.6,
          "type": "mandatory"
        },
        {
          "from": 12.1,
          "to": 12.6,
          "type": "batting"
        }
      ]
    },
    {
      "team": "Sydney Thunder",
      "overs": [
        {
          "over": 0,
          "deliveries": [
            {
              "batter": "M Gilkes",
              "bowler": "BJ Dwarshuis",
              "non_striker": "AD Hales",
              "runs": {
                "batter": 0,
                "extras": 0,
                "total": 0
              }
            },
            {
              "batter": "M Gilkes",
              "bowler": "BJ Dwarshuis",
              "non_striker": "AD Hales",
              "runs": {
                "batter": 4,
                "extras": 0,
                "total": 4
              }
            },
            {
              "batter": "M Gilkes",
              "bowler": "BJ Dwarshuis",
              "non_striker": "AD Hales",
              "runs": {
                "batter": 2,
                "extras": 0,
                "total": 2
              }
            },
            {
              "batter": "M Gilkes",
              "bowler": "BJ Dwarshuis",
              "non_striker": "AD Hales",
              "runs": {
                "batter": 0,
                "extras": 0,
                "total": 0
              }
            },
            {
              "batter": "M Gilkes",
              "bowler": "BJ Dwarshuis",
              "non_striker": "AD Hales",
              "runs": {
                "batter": 0,
                "extras": 0,
                "total": 0
              }
            },
            {
              "batter": "M Gilkes",
              "bowler": "BJ Dwarshuis",
              "non_striker": "AD Hales",
              "runs": {
                "batter": 0,
                "extras": 0,
                "total": 0
              },
              "wickets": [
                {
                  "player_out": "M Gilkes",
                  "fielders": [
                    {
                      "name": "MW Edwards"
                    }
                  ],
                  "kind": "caught"
                }
              ]
            }
          ]
        },
        {
          "over": 1,
          "deliveries": [
            {
              "batter": "JJS Sangha",
              "bowler": "SA Abbott",
              "non_striker": "AD Hales",
              "runs": {
                "batter": 1,
                "extras": 0,
                "total": 1
              }
            },
            {
              "batter": "AD Hales",
              "bowler": "SA Abbott",
              "non_striker": "JJS Sangha",
              "runs": {
                "batter": 0,
                "extras": 0,
                "total": 0
              }
            },
            {
              "batter": "AD Hales",
              "bowler": "SA Abbott",
              "non_striker": "JJS Sangha",
              "runs": {
                "batter": 1,
                "extras": 0,
                "total": 1
              }
            },
            {
              "batter": "JJS Sangha",
              "bowler": "SA Abbott",
              "non_striker": "AD Hales",
              "runs": {
                "batter": 0,
                "extras": 0,
                "total": 0
              }
            },
            {
              "batter": "JJS Sangha",
              "bowler": "SA Abbott",
              "non_striker": "AD Hales",
              "runs": {
                "batter": 4,
                "extras": 0,
                "total": 4
              }
            },
            {
              "batter": "JJS Sangha",
              "bowler": "SA Abbott",
              "non_striker": "AD Hales",
              "runs": {
                "batter": 0,
                "extras": 0,
                "total": 0
              }
            }
          ]
        },
        {
          "over": 2,
          "deliveries": [
            {
              "batter": "AD Hales",
              "bowler": "H Kerr",
              "non_striker": "JJS Sangha",
              "runs": {
                "batter": 1,
                "extras": 0,
                "total": 1
              }
            },
            {
              "batter": "JJS Sangha",
              "bowler": "H Kerr",
              "non_striker": "AD Hales",
              "runs": {
                "batter": 4,
                "extras": 0,
                "total": 4
              }
            },
            {
              "batter": "JJS Sangha",
              "bowler": "H Kerr",
              "non_striker": "AD Hales",
              "runs": {
                "batter": 4,
                "extras": 0,
                "total": 4
              }
            },
            {
              "batter": "JJS Sangha",
              "bowler": "H Kerr",
              "non_striker": "AD Hales",
              "runs": {
                "batter": 0,
                "extras": 0,
                "total": 0
              }
            },
            {
              "batter": "JJS Sangha",
              "bowler": "H Kerr",
              "non_striker": "AD Hales",
              "runs": {
                "batter": 4,
                "extras": 0,
                "total": 4
              }
            },
            {
              "batter": "JJS Sangha",
              "bowler": "H Kerr",
              "non_striker": "AD Hales",
              "runs": {
                "batter": 1,
                "extras": 0,
                "total": 1
              }
            }
          ]
        },
        {
          "over": 3,
          "deliveries": [
            {
              "batter": "JJS Sangha",
              "bowler": "SA Abbott",
              "non_striker": "AD Hales",
              "runs": {
                "batter": 1,
                "extras": 0,
                "total": 1
              }
            },
            {
              "batter": "AD Hales",
              "bowler": "SA Abbott",
              "non_striker": "JJS Sangha",
              "runs": {
                "batter": 6,
                "extras": 0,
                "total": 6
              }
            },
            {
              "batter": "AD Hales",
              "bowler": "SA Abbott",
              "non_striker": "JJS Sangha",
              "runs": {
                "batter": 6,
                "extras": 0,
                "total": 6
              }
            },
            {
              "batter": "AD Hales",
              "bowler": "SA Abbott",
              "non_striker": "JJS Sangha",
              "runs": {
                "batter": 0,
                "extras": 0,
                "total": 0
              },
              "wickets": [
                {
                  "player_out": "AD Hales",
                  "fielders": [
                    {
                      "name": "MW Edwards"
                    }
                  ],
                  "kind": "caught"
                }
              ]
            },
            {
              "batter": "JJS Sangha",
              "bowler": "SA Abbott",
              "non_striker": "SW Billings",
              "runs": {
                "batter": 1,
                "extras": 0,
                "total": 1
              }
            },
            {
              "batter": "SW Billings",
              "bowler": "SA Abbott",
              "non_striker": "JJS Sangha",
              "runs": {
                "batter": 0,
                "extras": 0,
                "total": 0
              }
            }
          ]
        },
        {
          "over": 4,
          "deliveries": [
            {
              "batter": "JJS Sangha",
              "bowler": "MW Edwards",
              "extras": {
                "wides": 1
              },
              "non_striker": "SW Billings",
              "runs": {
                "batter": 0,
                "extras": 1,
                "total": 1
              }
            },
            {
              "batter": "JJS Sangha",
              "bowler": "MW Edwards",
              "non_striker": "SW Billings",
              "runs": {
                "batter": 0,
                "extras": 0,
                "total": 0
              }
            },
            {
              "batter": "JJS Sangha",
              "bowler": "MW Edwards",
              "non_striker": "SW Billings",
              "runs": {
                "batter": 0,
                "extras": 0,
                "total": 0
              }
            },
            {
              "batter": "JJS Sangha",
              "bowler": "MW Edwards",
              "non_striker": "SW Billings",
              "runs": {
                "batter": 6,
                "extras": 0,
                "total": 6
              }
            },
            {
              "batter": "JJS Sangha",
              "bowler": "MW Edwards",
              "non_striker": "SW Billings",
              "runs": {
                "batter": 0,
                "extras": 0,
                "total": 0
              }
            },
            {
              "batter": "JJS Sangha",
              "bowler": "MW Edwards",
              "non_striker": "SW Billings",
              "runs": {
                "batter": 1,
                "extras": 0,
                "total": 1
              }
            },
            {
              "batter": "SW Billings",
              "bowler": "MW Edwards",
              "non_striker": "JJS Sangha",
              "runs": {
                "batter": 1,
                "extras": 0,
                "total": 1
              }
            }
          ]
        },
        {
          "over": 5,
          "deliveries": [
            {
              "batter": "SW Billings",
              "bowler": "L Pope",
              "non_striker": "JJS Sangha",
              "runs": {
                "batter": 1,
                "extras": 0,
                "total": 1
              }
            },
            {
              "batter": "JJS Sangha",
              "bowler": "L Pope",
              "non_striker": "SW Billings",
              "runs": {
                "batter": 1,
                "extras": 0,
                "total": 1
              }
            },
            {
              "batter": "SW Billings",
              "bowler": "L Pope",
              "non_striker": "JJS Sangha",
              "runs": {
                "batter": 6,
                "extras": 0,
                "total": 6
              }
            },
            {
              "batter": "SW Billings",
              "bowler": "L Pope",
              "non_striker": "JJS Sangha",
              "runs": {
                "batter": 1,
                "extras": 0,
                "total": 1
              }
            },
            {
              "batter": "JJS Sangha",
              "bowler": "L Pope",
              "non_striker": "SW Billings",
              "runs": {
                "batter": 1,
                "extras": 0,
                "total": 1
              }
            },
            {
              "batter": "SW Billings",
              "bowler": "L Pope",
              "non_striker": "JJS Sangha",
              "runs": {
                "batter": 0,
                "extras": 0,
                "total": 0
              },
              "wickets": [
                {
                  "player_out": "SW Billings",
                  "fielders": [
                    {
                      "name": "MC Henriques"
                    }
                  ],
                  "kind": "caught"
                }
              ]
            }
          ]
        },
        {
          "over": 6,
          "deliveries": [
            {
              "batter": "JJS Sangha",
              "bowler": "BJ Dwarshuis",
              "non_striker": "AI Ross",
              "runs": {
                "batter": 1,
                "extras": 0,
                "total": 1
              }
            },
            {
              "batter": "AI Ross",
              "bowler": "BJ Dwarshuis",
              "non_striker": "JJS Sangha",
              "runs": {
                "batter": 4,
                "extras": 0,
                "total": 4
              }
            },
            {
              "batter": "AI Ross",
              "bowler": "BJ Dwarshuis",
              "non_striker": "JJS Sangha",
              "runs": {
                "batter": 1,
                "extras": 0,
                "total": 1
              }
            },
            {
              "batter": "JJS Sangha",
              "bowler": "BJ Dwarshuis",
              "non_striker": "AI Ross",
              "runs": {
                "batter": 1,
                "extras": 0,
                "total": 1
              }
            },
            {
              "batter": "AI Ross",
              "bowler": "BJ Dwarshuis",
              "non_striker": "JJS Sangha",
              "runs": {
                "batter": 1,
                "extras": 0,
                "total": 1
              }
            },
            {
              "batter": "JJS Sangha",
              "bowler": "BJ Dwarshuis",
              "non_striker": "AI Ross",
              "runs": {
                "batter": 1,
                "extras": 0,
                "total": 1
              }
            }
          ]
        },
        {
          "over": 7,
          "deliveries": [
            {
              "batter": "JJS Sangha",
              "bowler": "L Pope",
              "non_striker": "AI Ross",
              "runs": {
                "batter": 1,
                "extras": 0,
                "total": 1
              }
            },
            {
              "batter": "AI Ross",
              "bowler": "L Pope",
              "non_striker": "JJS Sangha",
              "runs": {
                "batter": 0,
                "extras": 0,
                "total": 0
              }
            },
            {
              "batter": "AI Ross",
              "bowler": "L Pope",
              "non_striker": "JJS Sangha",
              "runs": {
                "batter": 1,
                "extras": 0,
                "total": 1
              }
            },
            {
              "batter": "JJS Sangha",
              "bowler": "L Pope",
              "non_striker": "AI Ross",
              "runs": {
                "batter": 4,
                "extras": 0,
                "total": 4
              }
            },
            {
              "batter": "JJS Sangha",
              "bowler": "L Pope",
              "non_striker": "AI Ross",
              "runs": {
                "batter": 1,
                "extras": 0,
                "total": 1
              }
            },
            {
              "batter": "AI Ross",
              "bowler": "L Pope",
              "non_striker": "JJS Sangha",
              "runs": {
                "batter": 2,
                "extras": 0,
                "total": 2
              }
            }
          ]
        },
        {
          "over": 8,
          "deliveries": [
            {
              "batter": "JJS Sangha",
              "bowler": "DT Christian",
              "non_striker": "AI Ross",
              "runs": {
                "batter": 1,
                "extras": 0,
                "total": 1
              }
            },
            {
              "batter": "AI Ross",
              "bowler": "DT Christian",
              "extras": {
                "legbyes": 1
              },
              "non_striker": "JJS Sangha",
              "runs": {
                "batter": 0,
                "extras": 1,
                "total": 1
              }
            },
            {
              "batter": "JJS Sangha",
              "bowler": "DT Christian",
              "extras": {
                "wides": 1
              },
              "non_striker": "AI Ross",
              "runs": {
                "batter": 0,
                "extras": 1,
                "total": 1
              }
            },
            {
              "batter": "JJS Sangha",
              "bowler": "DT Christian",
              "non_striker": "AI Ross",
              "runs": {
                "batter": 4,
                "extras": 0,
                "total": 4
              }
            },
            {
              "batter": "JJS Sangha",
              "bowler": "DT Christian",
              "non_striker": "AI Ross",
              "runs": {
                "batter": 2,
                "extras": 0,
                "total": 2
              }
            },
            {
              "batter": "JJS Sangha",
              "bowler": "DT Christian",
              "non_striker": "AI Ross",
              "runs": {
                "batter": 1,
                "extras": 0,
                "total": 1
              }
            },
            {
              "batter": "AI Ross",
              "bowler": "DT Christian",
              "non_striker": "JJS Sangha",
              "runs": {
                "batter": 1,
                "extras": 0,
                "total": 1
              }
            }
          ]
        },
        {
          "over": 9,
          "deliveries": [
            {
              "batter": "AI Ross",
              "bowler": "H Kerr",
              "non_striker": "JJS Sangha",
              "runs": {
                "batter": 1,
                "extras": 0,
                "total": 1
              }
            },
            {
              "batter": "JJS Sangha",
              "bowler": "H Kerr",
              "non_striker": "AI Ross",
              "runs": {
                "batter": 1,
                "extras": 0,
                "total": 1
              }
            },
            {
              "batter": "AI Ross",
              "bowler": "H Kerr",
              "non_striker": "JJS Sangha",
              "runs": {
                "batter": 2,
                "extras": 0,
                "total": 2
              }
            },
            {
              "batter": "AI Ross",
              "bowler": "H Kerr",
              "non_striker": "JJS Sangha",
              "runs": {
                "batter": 1,
                "extras": 0,
                "total": 1
              }
            },
            {
              "batter": "JJS Sangha",
              "bowler": "H Kerr",
              "non_striker": "AI Ross",
              "runs": {
                "batter": 0,
                "extras": 0,
                "total": 0
              },
              "wickets": [
                {
                  "player_out": "JJS Sangha",
                  "fielders": [
                    {
                      "name": "MC Henriques"
                    }
                  ],
                  "kind": "caught"
                }
              ]
            },
            {
              "batter": "AI Ross",
              "bowler": "H Kerr",
              "non_striker": "DR Sams",
              "runs": {
                "batter": 1,
                "extras": 0,
                "total": 1
              }
            }
          ]
        },
        {
          "over": 10,
          "deliveries": [
            {
              "batter": "AI Ross",
              "bowler": "L Pope",
              "non_striker": "DR Sams",
              "runs": {
                "batter": 1,
                "extras": 0,
                "total": 1
              }
            },
            {
              "batter": "DR Sams",
              "bowler": "L Pope",
              "non_striker": "AI Ross",
              "runs": {
                "batter": 6,
                "extras": 0,
                "total": 6
              }
            },
            {
              "batter": "DR Sams",
              "bowler": "L Pope",
              "non_striker": "AI Ross",
              "runs": {
                "batter": 6,
                "extras": 0,
                "total": 6
              }
            },
            {
              "batter": "DR Sams",
              "bowler": "L Pope",
              "non_striker": "AI Ross",
              "runs": {
                "batter": 1,
                "extras": 0,
                "total": 1
              }
            },
            {
              "batter": "AI Ross",
              "bowler": "L Pope",
              "non_striker": "DR Sams",
              "runs": {
                "batter": 0,
                "extras": 0,
                "total": 0
              },
              "wickets": [
                {
                  "player_out": "AI Ross",
                  "fielders": [
                    {
                      "name": "JR Philippe"
                    }
                  ],
                  "kind": "stumped"
                }
              ]
            },
            {
              "batter": "BCJ Cutting",
              "bowler": "L Pope",
              "non_striker": "DR Sams",
              "runs": {
                "batter": 0,
                "extras": 0,
                "total": 0
              }
            }
          ]
        },
        {
          "over": 11,
          "deliveries": [
            {
              "batter": "DR Sams",
              "bowler": "SA Abbott",
              "non_striker": "BCJ Cutting",
              "runs": {
                "batter": 1,
                "extras": 0,
                "total": 1
              }
            },
            {
              "batter": "BCJ Cutting",
              "bowler": "SA Abbott",
              "non_striker": "DR Sams",
              "runs": {
                "batter": 1,
                "extras": 0,
                "total": 1
              }
            },
            {
              "batter": "DR Sams",
              "bowler": "SA Abbott",
              "non_striker": "BCJ Cutting",
              "runs": {
                "batter": 0,
                "extras": 0,
                "total": 0
              }
            },
            {
              "batter": "DR Sams",
              "bowler": "SA Abbott",
              "non_striker": "BCJ Cutting",
              "runs": {
                "batter": 6,
                "extras": 0,
                "total": 6
              }
            },
            {
              "batter": "DR Sams",
              "bowler": "SA Abbott",
              "non_striker": "BCJ Cutting",
              "runs": {
                "batter": 0,
                "extras": 0,
                "total": 0
              }
            },
            {
              "batter": "DR Sams",
              "bowler": "SA Abbott",
              "non_striker": "BCJ Cutting",
              "runs": {
                "batter": 1,
                "extras": 0,
                "total": 1
              }
            }
          ]
        },
        {
          "over": 12,
          "deliveries": [
            {
              "batter": "DR Sams",
              "bowler": "MW Edwards",
              "non_striker": "BCJ Cutting",
              "runs": {
                "batter": 6,
                "extras": 0,
                "total": 6
              }
            },
            {
              "batter": "DR Sams",
              "bowler": "MW Edwards",
              "non_striker": "BCJ Cutting",
              "runs": {
                "batter": 1,
                "extras": 0,
                "total": 1
              }
            },
            {
              "batter": "BCJ Cutting",
              "bowler": "MW Edwards",
              "non_striker": "DR Sams",
              "runs": {
                "batter": 1,
                "extras": 0,
                "total": 1
              }
            },
            {
              "batter": "DR Sams",
              "bowler": "MW Edwards",
              "non_striker": "BCJ Cutting",
              "runs": {
                "batter": 0,
                "extras": 0,
                "total": 0
              },
              "wickets": [
                {
                  "player_out": "DR Sams",
                  "fielders": [
                    {
                      "name": "SA Abbott"
                    }
                  ],
                  "kind": "caught"
                }
              ]
            },
            {
              "batter": "BCJ Cutting",
              "bowler": "MW Edwards",
              "non_striker": "N McAndrew",
              "runs": {
                "batter": 1,
                "extras": 0,
                "total": 1
              }
            },
            {
              "batter": "N McAndrew",
              "bowler": "MW Edwards",
              "non_striker": "BCJ Cutting",
              "runs": {
                "batter": 1,
                "extras": 0,
                "total": 1
              }
            }
          ]
        },
        {
          "over": 13,
          "deliveries": [
            {
              "batter": "N McAndrew",
              "bowler": "H Kerr",
              "non_striker": "BCJ Cutting",
              "runs": {
                "batter": 0,
                "extras": 0,
                "total": 0
              },
              "wickets": [
                {
                  "player_out": "N McAndrew",
                  "fielders": [
                    {
                      "name": "MW Edwards"
                    }
                  ],
                  "kind": "caught"
                }
              ]
            },
            {
              "batter": "BCJ Cutting",
              "bowler": "H Kerr",
              "non_striker": "CJ Green",
              "runs": {
                "batter": 2,
                "extras": 0,
                "total": 2
              }
            },
            {
              "batter": "BCJ Cutting",
              "bowler": "H Kerr",
              "non_striker": "CJ Green",
              "runs": {
                "batter": 1,
                "extras": 0,
                "total": 1
              }
            },
            {
              "batter": "CJ Green",
              "bowler": "H Kerr",
              "non_striker": "BCJ Cutting",
              "runs": {
                "batter": 0,
                "extras": 0,
                "total": 0
              }
            },
            {
              "batter": "CJ Green",
              "bowler": "H Kerr",
              "non_striker": "BCJ Cutting",
              "runs": {
                "batter": 6,
                "extras": 0,
                "total": 6
              }
            },
            {
              "batter": "CJ Green",
              "bowler": "H Kerr",
              "non_striker": "BCJ Cutting",
              "runs": {
                "batter": 0,
                "extras": 0,
                "total": 0
              },
              "wickets": [
                {
                  "player_out": "CJ Green",
                  "fielders": [
                    {
                      "name": "BJ Dwarshuis"
                    }
                  ],
                  "kind": "caught"
                }
              ]
            }
          ]
        },
        {
          "over": 14,
          "deliveries": [
            {
              "batter": "BCJ Cutting",
              "bowler": "BJ Dwarshuis",
              "non_striker": "S Mahmood",
              "runs": {
                "batter": 4,
                "extras": 0,
                "total": 4
              }
            },
            {
              "batter": "BCJ Cutting",
              "bowler": "BJ Dwarshuis",
              "non_striker": "S Mahmood",
              "runs": {
                "batter": 0,
                "extras": 0,
                "total": 0
              }
            },
            {
              "batter": "BCJ Cutting",
              "bowler": "BJ Dwarshuis",
              "non_striker": "S Mahmood",
              "runs": {
                "batter": 0,
                "extras": 0,
                "total": 0
              },
              "wickets": [
                {
                  "player_out": "BCJ Cutting",
                  "fielders": [
                    {
                      "name": "DP Hughes"
                    }
                  ],
                  "kind": "caught"
                }
              ]
            },
            {
              "batter": "S Mahmood",
              "bowler": "BJ Dwarshuis",
              "non_striker": "T Sangha",
              "runs": {
                "batter": 0,
                "extras": 0,
                "total": 0
              }
            },
            {
              "batter": "S Mahmood",
              "bowler": "BJ Dwarshuis",
              "non_striker": "T Sangha",
              "runs": {
                "batter": 2,
                "extras": 0,
                "total": 2
              }
            },
            {
              "batter": "S Mahmood",
              "bowler": "BJ Dwarshuis",
              "non_striker": "T Sangha",
              "runs": {
                "batter": 0,
                "extras": 0,
                "total": 0
              }
            }
          ]
        },
        {
          "over": 15,
          "deliveries": [
            {
              "batter": "T Sangha",
              "bowler": "SA Abbott",
              "non_striker": "S Mahmood",
              "runs": {
                "batter": 0,
                "extras": 0,
                "total": 0
              },
              "wickets": [
                {
                  "player_out": "T Sangha",
                  "fielders": [
                    {
                      "name": "JC Silk"
                    }
                  ],
                  "kind": "caught"
                }
              ]
            }
          ]
        }
      ],
      "powerplays": [
        {
          "from": 0.1,
          "to": 3.6,
          "type": "mandatory"
        },
        {
          "from": 11.1,
          "to": 11.6,
          "type": "batting"
        }
      ],
      "target": {
        "overs": 16,
        "runs": 173
      }
    }
  ]
}