{
  "meta": {
    "data_version": "1.1.0",
    "created": "2021-12-10",
    "revision": 2
  },
  "info": {
    "balls_per_over": 6,
    "city": "Adelaide",
    "dates": [
      "2021-12-09"
    ],
    "event": {
      "name": "Big Bash League",
      "match_number": 6
    },
    "gender": "male",
    "match_type": "T20",
    "officials": {
      "match_referees": [
        "SJ Davis"
      ],
      "reserve_umpires": [
        "Eloise Sheridan"
      ],
      "tv_umpires": [
        "PJ Gillespie"
      ],
      "umpires": [
        "BC Treloar",
        "MW Graham-Smith"
      ]
    },
    "outcome": {
      "winner": "Adelaide Strikers",
      "by": {
        "runs": 49
      }
    },
    "overs": 20,
    "player_of_match": [
      "WA Agar"
    ],
    "players": {
      "Adelaide Strikers": [
        "MW Short",
        "J Weatherald",
        "HJ Nielsen",
        "JW Wells",
        "DR Drew",
        "L Scott",
        "Rashid Khan",
        "GHS Garton",
        "DJ Worrall",
        "WA Agar",
        "PM Siddle"
      ],
      "Melbourne Renegades": [
        "SB Harper",
        "MW Harvey",
        "J Seymour",
        "Mohammad Nabi",
        "J Merlo",
        "J Fraser-McGurk",
        "W Sutherland",
        "JL Pattinson",
        "KW Richardson",
        "RJW Topley",
        "Zahir Khan"
      ]
    },
    "registry": {
      "people": {
        "BC Treloar": "f7e8ee52",
        "DJ Worrall": "208f22ea",
        "DR Drew": "88684a42",
        "Eloise Sheridan": "d8d43840",
        "GHS Garton": "be869ccf",
        "HJ Nielsen": "0ea1455a",
        "J Fraser-McGurk": "9b6e1b3f",
        "J Merlo": "02ba80a0",
        "J Seymour": "cb54a1d6",
        "J Weatherald": "edc7ddb6",
        "JL Pattinson": "f752db61",
        "JW Wells": "8bdac857",
        "KW Richardson": "dfc4d8b5",
        "L Scott": "0ebb3444",
        "MW Graham-Smith": "18aca3ce",
        "MW Harvey": "47dc9794",
        "MW Short": "a90e53ec",
        "Mohammad Nabi": "62af8546",
        "PJ Gillespie": "3e253a50",
        "PM Siddle": "bd93fea4",
        "RJW Topley": "8db7f47f",
        "Rashid Khan": "5f547c8b",
        "SB Harper": "a756e61a",
        "SJ Davis": "bc71b0b2",
        "W Sutherland": "bc2d4f2e",
        "WA Agar": "15de1f5d",
        "Zahir Khan": "786b7fe8"
      }
    },
    "season": "2021/22",
    "team_type": "club",
    "teams": [
      "Adelaide Strikers",
      "Melbourne Renegades"
    ],
    "toss": {
      "decision": "bat",
      "winner": "Adelaide Strikers"
    },
    "venue": "Adelaide Oval"
  },
  "innings": [
    {
      "team": "Adelaide Strikers",
      "overs": [
        {
          "over": 0,
          "deliveries": [
            {
              "batter": "MW Short",
              "bowler": "RJW Topley",
              "non_striker": "J Weatherald",
              "runs": {
                "batter": 1,
                "extras": 0,
                "total": 1
              }
            },
            {
              "batter": "J Weatherald",
              "bowler": "RJW Topley",
              "non_striker": "MW Short",
              "runs": {
                "batter": 0,
                "extras": 0,
                "total": 0
              }
            },
            {
              "batter": "J Weatherald",
              "bowler": "RJW Topley",
              "non_striker": "MW Short",
              "runs": {
                "batter": 0,
                "extras": 0,
                "total": 0
              }
            },
            {
              "batter": "J Weatherald",
              "bowler": "RJW Topley",
              "non_striker": "MW Short",
              "runs": {
                "batter": 2,
                "extras": 0,
                "total": 2
              }
            },
            {
              "batter": "J Weatherald",
              "bowler": "RJW Topley",
              "non_striker": "MW Short",
              "runs": {
                "batter": 4,
                "extras": 0,
                "total": 4
              }
            },
            {
              "batter": "J Weatherald",
              "bowler": "RJW Topley",
              "non_striker": "MW Short",
              "runs": {
                "batter": 0,
                "extras": 0,
                "total": 0
              }
            }
          ]
        },
        {
          "over": 1,
          "deliveries": [
            {
              "batter": "MW Short",
              "bowler": "JL Pattinson",
              "non_striker": "J Weatherald",
              "runs": {
                "batter": 1,
                "extras": 0,
                "total": 1
              }
            },
            {
              "batter": "J Weatherald",
              "bowler": "JL Pattinson",
              "non_striker": "MW Short",
              "runs": {
                "batter": 1,
                "extras": 0,
                "total": 1
              }
            },
            {
              "batter": "MW Short",
              "bowler": "JL Pattinson",
              "non_striker": "J Weatherald",
              "runs": {
                "batter": 0,
                "extras": 0,
                "total": 0
              }
            },
            {
              "batter": "MW Short",
              "bowler": "JL Pattinson",
              "non_striker": "J Weatherald",
              "runs": {
                "batter": 6,
                "extras": 0,
                "total": 6
              }
            },
            {
              "batter": "MW Short",
              "bowler": "JL Pattinson",
              "non_striker": "J Weatherald",
              "runs": {
                "batter": 1,
                "extras": 0,
                "total": 1
              }
            },
            {
              "batter": "J Weatherald",
              "bowler": "JL Pattinson",
              "non_striker": "MW Short",
              "runs": {
                "batter": 4,
                "extras": 0,
                "total": 4
              }
            }
          ]
        },
        {
          "over": 2,
          "deliveries": [
            {
              "batter": "MW Short",
              "bowler": "Zahir Khan",
              "non_striker": "J Weatherald",
              "runs": {
                "batter": 0,
                "extras": 0,
                "total": 0
              }
            },
            {
              "batter": "MW Short",
              "bowler": "Zahir Khan",
              "non_striker": "J Weatherald",
              "runs": {
                "batter": 0,
                "extras": 0,
                "total": 0
              }
            },
            {
              "batter": "MW Short",
              "bowler": "Zahir Khan",
              "non_striker": "J Weatherald",
              "runs": {
                "batter": 6,
                "extras": 0,
                "total": 6
              }
            },
            {
              "batter": "MW Short",
              "bowler": "Zahir Khan",
              "extras": {
                "wides": 1
              },
              "non_striker": "J Weatherald",
              "runs": {
                "batter": 0,
                "extras": 1,
                "total": 1
              }
            },
            {
              "batter": "MW Short",
              "bowler": "Zahir Khan",
              "non_striker": "J Weatherald",
              "runs": {
                "batter": 6,
                "extras": 0,
                "total": 6
              }
            },
            {
              "batter": "MW Short",
              "bowler": "Zahir Khan",
              "non_striker": "J Weatherald",
              "runs": {
                "batter": 1,
                "extras": 0,
                "total": 1
              }
            },
            {
              "batter": "J Weatherald",
              "bowler": "Zahir Khan",
              "non_striker": "MW Short",
              "runs": {
                "batter": 0,
                "extras": 0,
                "total": 0
              },
              "wickets": [
                {
                  "player_out": "J Weatherald",
                  "kind": "bowled"
                }
              ]
            }
          ]
        },
        {
          "over": 3,
          "deliveries": [
            {
              "batter": "MW Short",
              "bowler": "KW Richardson",
              "non_striker": "HJ Nielsen",
              "runs": {
                "batter": 2,
                "extras": 0,
                "total": 2
              }
            },
            {
              "batter": "MW Short",
              "bowler": "KW Richardson",
              "non_striker": "HJ Nielsen",
              "runs": {
                "batter": 4,
                "extras": 0,
                "total": 4
              }
            },
            {
              "batter": "MW Short",
              "bowler": "KW Richardson",
              "non_striker": "HJ Nielsen",
              "runs": {
                "batter": 1,
                "extras": 0,
                "total": 1
              }
            },
            {
              "batter": "HJ Nielsen",
              "bowler": "KW Richardson",
              "non_striker": "MW Short",
              "runs": {
                "batter": 1,
                "extras": 0,
                "total": 1
              }
            },
            {
              "batter": "MW Short",
              "bowler": "KW Richardson",
              "extras": {
                "wides": 1
              },
              "non_striker": "HJ Nielsen",
              "runs": {
                "batter": 0,
                "extras": 1,
                "total": 1
              }
            },
            {
              "batter": "MW Short",
              "bowler": "KW Richardson",
              "non_striker": "HJ Nielsen",
              "runs": {
                "batter": 1,
                "extras": 0,
                "total": 1
              }
            },
            {
              "batter": "HJ Nielsen",
              "bowler": "KW Richardson",
              "non_striker": "MW Short",
              "runs": {
                "batter": 4,
                "extras": 0,
                "total": 4
              }
            }
          ]
        },
        {
          "over": 4,
          "deliveries": [
            {
              "batter": "MW Short",
              "bowler": "Zahir Khan",
              "non_striker": "HJ Nielsen",
              "runs": {
                "batter": 0,
                "extras": 0,
                "total": 0
              }
            },
            {
              "batter": "MW Short",
              "bowler": "Zahir Khan",
              "non_striker": "HJ Nielsen",
              "runs": {
                "batter": 2,
                "extras": 0,
                "total": 2
              }
            },
            {
              "batter": "MW Short",
              "bowler": "Zahir Khan",
              "non_striker": "HJ Nielsen",
              "runs": {
                "batter": 0,
                "extras": 0,
                "total": 0
              },
              "wickets": [
                {
                  "player_out": "MW Short",
                  "fielders": [
                    {
                      "name": "J Merlo"
                    }
                  ],
                  "kind": "caught"
                }
              ]
            },
            {
              "batter": "JW Wells",
              "bowler": "Zahir Khan",
              "non_striker": "HJ Nielsen",
              "runs": {
                "batter": 1,
                "extras": 0,
                "total": 1
              }
            },
            {
              "batter": "HJ Nielsen",
              "bowler": "Zahir Khan",
              "non_striker": "JW Wells",
              "runs": {
                "batter": 3,
                "extras": 0,
                "total": 3
              }
            },
            {
              "batter": "JW Wells",
              "bowler": "Zahir Khan",
              "non_striker": "HJ Nielsen",
              "runs": {
                "batter": 0,
                "extras": 0,
                "total": 0
              }
            }
          ]
        },
        {
          "over": 5,
          "deliveries": [
            {
              "batter": "HJ Nielsen",
              "bowler": "Mohammad Nabi",
              "non_striker": "JW Wells",
              "runs": {
                "batter": 1,
                "extras": 0,
                "total": 1
              }
            },
            {
              "batter": "JW Wells",
              "bowler": "Mohammad Nabi",
              "non_striker": "HJ Nielsen",
              "runs": {
                "batter": 1,
                "extras": 0,
                "total": 1
              }
            },
            {
              "batter": "HJ Nielsen",
              "bowler": "Mohammad Nabi",
              "non_striker": "JW Wells",
              "runs": {
                "batter": 1,
                "extras": 0,
                "total": 1
              }
            },
            {
              "batter": "JW Wells",
              "bowler": "Mohammad Nabi",
              "non_striker": "HJ Nielsen",
              "runs": {
                "batter": 0,
                "extras": 0,
                "total": 0
              }
            },
            {
              "batter": "JW Wells",
              "bowler": "Mohammad Nabi",
              "non_striker": "HJ Nielsen",
              "runs": {
                "batter": 1,
                "extras": 0,
                "total": 1
              }
            },
            {
              "batter": "HJ Nielsen",
              "bowler": "Mohammad Nabi",
              "non_striker": "JW Wells",
              "runs": {
                "batter": 1,
                "extras": 0,
                "total": 1
              }
            }
          ]
        },
        {
          "over": 6,
          "deliveries": [
            {
              "batter": "HJ Nielsen",
              "bowler": "W Sutherland",
              "non_striker": "JW Wells",
              "runs": {
                "batter": 0,
                "extras": 0,
                "total": 0
              }
            },
            {
              "batter": "HJ Nielsen",
              "bowler": "W Sutherland",
              "non_striker": "JW Wells",
              "runs": {
                "batter": 1,
                "extras": 0,
                "total": 1
              }
            },
            {
              "batter": "JW Wells",
              "bowler": "W Sutherland",
              "non_striker": "HJ Nielsen",
              "runs": {
                "batter": 0,
                "extras": 0,
                "total": 0
              }
            },
            {
              "batter": "JW Wells",
              "bowler": "W Sutherland",
              "non_striker": "HJ Nielsen",
              "runs": {
                "batter": 0,
                "extras": 0,
                "total": 0
              }
            },
            {
              "batter": "JW Wells",
              "bowler": "W Sutherland",
              "non_striker": "HJ Nielsen",
              "runs": {
                "batter": 6,
                "extras": 0,
                "total": 6
              }
            },
            {
              "batter": "JW Wells",
              "bowler": "W Sutherland",
              "non_striker": "HJ Nielsen",
              "runs": {
                "batter": 1,
                "extras": 0,
                "total": 1
              }
            }
          ]
        },
        {
          "over": 7,
          "deliveries": [
            {
              "batter": "JW Wells",
              "bowler": "Mohammad Nabi",
              "non_striker": "HJ Nielsen",
              "runs": {
                "batter": 1,
                "extras": 0,
                "total": 1
              }
            },
            {
              "batter": "HJ Nielsen",
              "bowler": "Mohammad Nabi",
              "extras": {
                "legbyes": 1
              },
              "non_striker": "JW Wells",
              "runs": {
                "batter": 0,
                "extras": 1,
                "total": 1
              }
            },
            {
              "batter": "JW Wells",
              "bowler": "Mohammad Nabi",
              "non_striker": "HJ Nielsen",
              "runs": {
                "batter": 1,
                "extras": 0,
                "total": 1
              }
            },
            {
              "batter": "HJ Nielsen",
              "bowler": "Mohammad Nabi",
              "non_striker": "JW Wells",
              "runs": {
                "batter": 0,
                "extras": 0,
                "total": 0
              }
            },
            {
              "batter": "HJ Nielsen",
              "bowler": "Mohammad Nabi",
              "non_striker": "JW Wells",
              "runs": {
                "batter": 1,
                "extras": 0,
                "total": 1
              }
            },
            {
              "batter": "JW Wells",
              "bowler": "Mohammad Nabi",
              "non_striker": "HJ Nielsen",
              "runs": {
                "batter": 2,
                "extras": 0,
                "total": 2
              }
            }
          ]
        },
        {
          "over": 8,
          "deliveries": [
            {
              "batter": "HJ Nielsen",
              "bowler": "JL Pattinson",
              "non_striker": "JW Wells",
              "runs": {
                "batter": 0,
                "extras": 0,
                "total": 0
              }
            },
            {
              "batter": "HJ Nielsen",
              "bowler": "JL Pattinson",
              "non_striker": "JW Wells",
              "runs": {
                "batter": 1,
                "extras": 0,
                "total": 1
              }
            },
            {
              "batter": "JW Wells",
              "bowler": "JL Pattinson",
              "non_striker": "HJ Nielsen",
              "runs": {
                "batter": 6,
                "extras": 0,
                "total": 6
              }
            },
            {
              "batter": "JW Wells",
              "bowler": "JL Pattinson",
              "non_striker": "HJ Nielsen",
              "runs": {
                "batter": 1,
                "extras": 0,
                "total": 1
              }
            },
            {
              "batter": "HJ Nielsen",
              "bowler": "JL Pattinson",
              "non_striker": "JW Wells",
              "runs": {
                "batter": 0,
                "extras": 0,
                "total": 0
              }
            },
            {
              "batter": "HJ Nielsen",
              "bowler": "JL Pattinson",
              "non_striker": "JW Wells",
              "runs": {
                "batter": 0,
                "extras": 0,
                "total": 0
              },
              "wickets": [
                {
                  "player_out": "HJ Nielsen",
                  "kind": "bowled"
                }
              ]
            }
          ]
        },
        {
          "over": 9,
          "deliveries": [
            {
              "batter": "JW Wells",
              "bowler": "RJW Topley",
              "non_striker": "DR Drew",
              "runs": {
                "batter": 1,
                "extras": 0,
                "total": 1
              }
            },
            {
              "batter": "DR Drew",
              "bowler": "RJW Topley",
              "non_striker": "JW Wells",
              "runs": {
                "batter": 0,
                "extras": 0,
                "total": 0
              }
            },
            {
              "batter": "DR Drew",
              "bowler": "RJW Topley",
              "non_striker": "JW Wells",
              "runs": {
                "batter": 1,
                "extras": 0,
                "total": 1
              }
            },
            {
              "batter": "JW Wells",
              "bowler": "RJW Topley",
              "non_striker": "DR Drew",
              "runs": {
                "batter": 2,
                "extras": 0,
                "total": 2
              }
            },
            {
              "batter": "JW Wells",
              "bowler": "RJW Topley",
              "non_striker": "DR Drew",
              "runs": {
                "batter": 0,
                "extras": 0,
                "total": 0
              }
            },
            {
              "batter": "JW Wells",
              "bowler": "RJW Topley",
              "non_striker": "DR Drew",
              "runs": {
                "batter": 1,
                "extras": 0,
                "total": 1
              }
            }
          ]
        },
        {
          "over": 10,
          "deliveries": [
            {
              "batter": "JW Wells",
              "bowler": "Zahir Khan",
              "non_striker": "DR Drew",
              "runs": {
                "batter": 1,
                "extras": 0,
                "total": 1
              }
            },
            {
              "batter": "DR Drew",
              "bowler": "Zahir Khan",
              "non_striker": "JW Wells",
              "runs": {
                "batter": 4,
                "extras": 0,
                "total": 4
              }
            },
            {
              "batter": "DR Drew",
              "bowler": "Zahir Khan",
              "extras": {
                "wides": 1
              },
              "non_striker": "JW Wells",
              "runs": {
                "batter": 0,
                "extras": 1,
                "total": 1
              }
            },
            {
              "batter": "DR Drew",
              "bowler": "Zahir Khan",
              "non_striker": "JW Wells",
              "runs": {
                "batter": 1,
                "extras": 0,
                "total": 1
              }
            },
            {
              "batter": "JW Wells",
              "bowler": "Zahir Khan",
              "non_striker": "DR Drew",
              "runs": {
                "batter": 1,
                "extras": 0,
                "total": 1
              }
            },
            {
              "batter": "DR Drew",
              "bowler": "Zahir Khan",
              "non_striker": "JW Wells",
              "runs": {
                "batter": 1,
                "extras": 0,
                "total": 1
              }
            },
            {
              "batter": "JW Wells",
              "bowler": "Zahir Khan",
              "non_striker": "DR Drew",
              "runs": {
                "batter": 1,
                "extras": 0,
                "total": 1
              }
            }
          ]
        },
        {
          "over": 11,
          "deliveries": [
            {
              "batter": "JW Wells",
              "bowler": "Mohammad Nabi",
              "non_striker": "DR Drew",
              "runs": {
                "batter": 1,
                "extras": 0,
                "total": 1
              }
            },
            {
              "batter": "DR Drew",
              "bowler": "Mohammad Nabi",
              "non_striker": "JW Wells",
              "runs": {
                "batter": 1,
                "extras": 0,
                "total": 1
              }
            },
            {
              "batter": "JW Wells",
              "bowler": "Mohammad Nabi",
              "non_striker": "DR Drew",
              "runs": {
                "batter": 1,
                "extras": 0,
                "total": 1
              }
            },
            {
              "batter": "DR Drew",
              "bowler": "Mohammad Nabi",
              "non_striker": "JW Wells",
              "runs": {
                "batter": 1,
                "extras": 0,
                "total": 1
              }
            },
            {
              "batter": "JW Wells",
              "bowler": "Mohammad Nabi",
              "non_striker": "DR Drew",
              "runs": {
                "batter": 1,
                "extras": 0,
                "total": 1
              }
            },
            {
              "batter": "DR Drew",
              "bowler": "Mohammad Nabi",
              "non_striker": "JW Wells",
              "runs": {
                "batter": 1,
                "extras": 0,
                "total": 1
              }
            }
          ]
        },
        {
          "over": 12,
          "deliveries": [
            {
              "batter": "DR Drew",
              "bowler": "KW Richardson",
              "non_striker": "JW Wells",
              "runs": {
                "batter": 0,
                "extras": 0,
                "total": 0
              }
            },
            {
              "batter": "DR Drew",
              "bowler": "KW Richardson",
              "non_striker": "JW Wells",
              "runs": {
                "batter": 0,
                "extras": 0,
                "total": 0
              }
            },
            {
              "batter": "DR Drew",
              "bowler": "KW Richardson",
              "non_striker": "JW Wells",
              "runs": {
                "batter": 2,
                "extras": 0,
                "total": 2
              }
            },
            {
              "batter": "DR Drew",
              "bowler": "KW Richardson",
              "non_striker": "JW Wells",
              "runs": {
                "batter": 0,
                "extras": 0,
                "total": 0
              },
              "wickets": [
                {
                  "player_out": "DR Drew",
                  "kind": "lbw"
                }
              ]
            },
            {
              "batter": "L Scott",
              "bowler": "KW Richardson",
              "non_striker": "JW Wells",
              "runs": {
                "batter": 1,
                "extras": 0,
                "total": 1
              }
            },
            {
              "batter": "JW Wells",
              "bowler": "KW Richardson",
              "non_striker": "L Scott",
              "runs": {
                "batter": 1,
                "extras": 0,
                "total": 1
              }
            }
          ]
        },
        {
          "over": 13,
          "deliveries": [
            {
              "batter": "JW Wells",
              "bowler": "Zahir Khan",
              "non_striker": "L Scott",
              "runs": {
                "batter": 2,
                "extras": 0,
                "total": 2
              }
            },
            {
              "batter": "JW Wells",
              "bowler": "Zahir Khan",
              "non_striker": "L Scott",
              "runs": {
                "batter": 0,
                "extras": 0,
                "total": 0
              }
            },
            {
              "batter": "JW Wells",
              "bowler": "Zahir Khan",
              "non_striker": "L Scott",
              "runs": {
                "batter": 1,
                "extras": 0,
                "total": 1
              }
            },
            {
              "batter": "L Scott",
              "bowler": "Zahir Khan",
              "non_striker": "JW Wells",
              "runs": {
                "batter": 0,
                "extras": 0,
                "total": 0
              }
            },
            {
              "batter": "L Scott",
              "bowler": "Zahir Khan",
              "non_striker": "JW Wells",
              "runs": {
                "batter": 0,
                "extras": 0,
                "total": 0
              }
            },
            {
              "batter": "L Scott",
              "bowler": "Zahir Khan",
              "non_striker": "JW Wells",
              "runs": {
                "batter": 0,
                "extras": 0,
                "total": 0
              }
            }
          ]
        },
        {
          "over": 14,
          "deliveries": [
            {
              "batter": "JW Wells",
              "bowler": "KW Richardson",
              "non_striker": "L Scott",
              "runs": {
                "batter": 2,
                "extras": 0,
                "total": 2
              }
            },
            {
              "batter": "JW Wells",
              "bowler": "KW Richardson",
              "non_striker": "L Scott",
              "runs": {
                "batter": 0,
                "extras": 0,
                "total": 0
              },
              "wickets": [
                {
                  "player_out": "JW Wells",
                  "fielders": [
                    {
                      "name": "SB Harper"
                    }
                  ],
                  "kind": "caught"
                }
              ]
            },
            {
              "batter": "Rashid Khan",
              "bowler": "KW Richardson",
              "extras": {
                "noballs": 1
              },
              "non_striker": "L Scott",
              "runs": {
                "batter": 0,
                "extras": 1,
                "total": 1
              }
            },
            {
              "batter": "Rashid Khan",
              "bowler": "KW Richardson",
              "non_striker": "L Scott",
              "runs": {
                "batter": 4,
                "extras": 0,
                "total": 4
              }
            },
            {
              "batter": "Rashid Khan",
              "bowler": "KW Richardson",
              "non_striker": "L Scott",
              "runs": {
                "batter": 0,
                "extras": 0,
                "total": 0
              }
            },
            {
              "batter": "Rashid Khan",
              "bowler": "KW Richardson",
              "non_striker": "L Scott",
              "runs": {
                "batter": 1,
                "extras": 0,
                "total": 1
              }
            },
            {
              "batter": "L Scott",
              "bowler": "KW Richardson",
              "non_striker": "Rashid Khan",
              "runs": {
                "batter": 0,
                "extras": 0,
                "total": 0
              }
            }
          ]
        },
        {
          "over": 15,
          "deliveries": [
            {
              "batter": "Rashid Khan",
              "bowler": "RJW Topley",
              "non_striker": "L Scott",
              "runs": {
                "batter": 4,
                "extras": 0,
                "total": 4
              }
            },
            {
              "batter": "Rashid Khan",
              "bowler": "RJW Topley",
              "non_striker": "L Scott",
              "runs": {
                "batter": 4,
                "extras": 0,
                "total": 4
              }
            },
            {
              "batter": "Rashid Khan",
              "bowler": "RJW Topley",
              "non_striker": "L Scott",
              "runs": {
                "batter": 0,
                "extras": 0,
                "total": 0
              },
              "wickets": [
                {
                  "player_out": "Rashid Khan",
                  "fielders": [
                    {
                      "name": "Mohammad Nabi"
                    }
                  ],
                  "kind": "caught"
                }
              ]
            },
            {
              "batter": "L Scott",
              "bowler": "RJW Topley",
              "non_striker": "GHS Garton",
              "runs": {
                "batter": 0,
                "extras": 0,
                "total": 0
              },
              "wickets": [
                {
                  "player_out": "L Scott",
                  "fielders": [
                    {
                      "name": "Mohammad Nabi"
                    }
                  ],
                  "kind": "caught"
                }
              ]
            },
            {
              "batter": "GHS Garton",
              "bowler": "RJW Topley",
              "non_striker": "DJ Worrall",
              "runs": {
                "batter": 4,
                "extras": 0,
                "total": 4
              }
            },
            {
              "batter": "GHS Garton",
              "bowler": "RJW Topley",
              "non_striker": "DJ Worrall",
              "runs": {
                "batter": 4,
                "extras": 0,
                "total": 4
              }
            }
          ]
        },
        {
          "over": 16,
          "deliveries": [
            {
              "batter": "DJ Worrall",
              "bowler": "JL Pattinson",
              "non_striker": "GHS Garton",
              "runs": {
                "batter": 0,
                "extras": 0,
                "total": 0
              }
            },
            {
              "batter": "DJ Worrall",
              "bowler": "JL Pattinson",
              "non_striker": "GHS Garton",
              "runs": {
                "batter": 1,
                "extras": 0,
                "total": 1
              }
            },
            {
              "batter": "GHS Garton",
              "bowler": "JL Pattinson",
              "non_striker": "DJ Worrall",
              "runs": {
                "batter": 1,
                "extras": 0,
                "total": 1
              }
            },
            {
              "batter": "DJ Worrall",
              "bowler": "JL Pattinson",
              "extras": {
                "wides": 1
              },
              "non_striker": "GHS Garton",
              "runs": {
                "batter": 0,
                "extras": 1,
                "total": 1
              }
            },
            {
              "batter": "DJ Worrall",
              "bowler": "JL Pattinson",
              "non_striker": "GHS Garton",
              "runs": {
                "batter": 1,
                "extras": 0,
                "total": 1
              }
            },
            {
              "batter": "GHS Garton",
              "bowler": "JL Pattinson",
              "non_striker": "DJ Worrall",
              "runs": {
                "batter": 1,
                "extras": 0,
                "total": 1
              }
            },
            {
              "batter": "DJ Worrall",
              "bowler": "JL Pattinson",
              "non_striker": "GHS Garton",
              "runs": {
                "batter": 1,
                "extras": 0,
                "total": 1
              }
            }
          ]
        },
        {
          "over": 17,
          "deliveries": [
            {
              "batter": "DJ Worrall",
              "bowler": "RJW Topley",
              "non_striker": "GHS Garton",
              "runs": {
                "batter": 0,
                "extras": 0,
                "total": 0
              }
            },
            {
              "batter": "DJ Worrall",
              "bowler": "RJW Topley",
              "non_striker": "GHS Garton",
              "runs": {
                "batter": 0,
                "extras": 0,
                "total": 0
              },
              "wickets": [
                {
                  "player_out": "DJ Worrall",
                  "fielders": [
                    {
                      "name": "SB Harper"
                    }
                  ],
                  "kind": "caught"
                }
              ]
            },
            {
              "batter": "WA Agar",
              "bowler": "RJW Topley",
              "non_striker": "GHS Garton",
              "runs": {
                "batter": 0,
                "extras": 0,
                "total": 0
              }
            },
            {
              "batter": "WA Agar",
              "bowler": "RJW Topley",
              "non_striker": "GHS Garton",
              "runs": {
                "batter": 1,
                "extras": 0,
                "total": 1
              }
            },
            {
              "batter": "GHS Garton",
              "bowler": "RJW Topley",
              "non_striker": "WA Agar",
              "runs": {
                "batter": 2,
                "extras": 0,
                "total": 2
              }
            },
            {
              "batter": "GHS Garton",
              "bowler": "RJW Topley",
              "non_striker": "WA Agar",
              "runs": {
                "batter": 1,
                "extras": 0,
                "total": 1
              }
            }
          ]
        },
        {
          "over": 18,
          "deliveries": [
            {
              "batter": "GHS Garton",
              "bowler": "KW Richardson",
              "non_striker": "WA Agar",
              "runs": {
                "batter": 2,
                "extras": 0,
                "total": 2
              }
            },
            {
              "batter": "GHS Garton",
              "bowler": "KW Richardson",
              "non_striker": "WA Agar",
              "runs": {
                "batter": 0,
                "extras": 0,
                "total": 0
              }
            },
            {
              "batter": "GHS Garton",
              "bowler": "KW Richardson",
              "non_striker": "WA Agar",
              "runs": {
                "batter": 0,
                "extras": 0,
                "total": 0
              }
            },
            {
              "batter": "GHS Garton",
              "bowler": "KW Richardson",
              "non_striker": "WA Agar",
              "runs": {
                "batter": 4,
                "extras": 0,
                "total": 4
              }
            },
            {
              "batter": "GHS Garton",
              "bowler": "KW Richardson",
              "non_striker": "WA Agar",
              "runs": {
                "batter": 0,
                "extras": 0,
                "total": 0
              },
              "wickets": [
                {
                  "player_out": "GHS Garton",
                  "fielders": [
                    {
                      "name": "Mohammad Nabi"
                    }
                  ],
                  "kind": "caught"
                }
              ]
            },
            {
              "batter": "WA Agar",
              "bowler": "KW Richardson",
              "non_striker": "PM Siddle",
              "runs": {
                "batter": 0,
                "extras": 0,
                "total": 0
              },
              "wickets": [
                {
                  "player_out": "WA Agar",
                  "kind": "bowled"
                }
              ]
            }
          ]
        }
      ],
      "powerplays": [
        {
          "from": 0.1,
          "to": 3.7,
          "type": "mandatory"
        },
        {
          "from": 14.1,
          "to": 15.6,
          "type": "batting"
        }
      ]
    },
    {
      "team": "Melbourne Renegades",
      "overs": [
        {
          "over": 0,
          "deliveries": [
            {
              "batter": "SB Harper",
              "bowler": "MW Short",
              "non_striker": "MW Harvey",
              "runs": {
                "batter": 1,
                "extras": 0,
                "total": 1
              }
            },
            {
              "batter": "MW Harvey",
              "bowler": "MW Short",
              "non_striker": "SB Harper",
              "runs": {
                "batter": 0,
                "extras": 0,
                "total": 0
              }
            },
            {
              "batter": "MW Harvey",
              "bowler": "MW Short",
              "non_striker": "SB Harper",
              "runs": {
                "batter": 0,
                "extras": 0,
                "total": 0
              }
            },
            {
              "batter": "MW Harvey",
              "bowler": "MW Short",
              "extras": {
                "wides": 1
              },
              "non_striker": "SB Harper",
              "runs": {
                "batter": 0,
                "extras": 1,
                "total": 1
              }
            },
            {
              "batter": "MW Harvey",
              "bowler": "MW Short",
              "non_striker": "SB Harper",
              "runs": {
                "batter": 4,
                "extras": 0,
                "total": 4
              }
            },
            {
              "batter": "MW Harvey",
              "bowler": "MW Short",
              "non_striker": "SB Harper",
              "runs": {
                "batter": 1,
                "extras": 0,
                "total": 1
              }
            },
            {
              "batter": "SB Harper",
              "bowler": "MW Short",
              "non_striker": "MW Harvey",
              "runs": {
                "batter": 6,
                "extras": 0,
                "total": 6
              }
            }
          ]
        },
        {
          "over": 1,
          "deliveries": [
            {
              "batter": "MW Harvey",
              "bowler": "DJ Worrall",
              "extras": {
                "wides": 1
              },
              "non_striker": "SB Harper",
              "runs": {
                "batter": 0,
                "extras": 1,
                "total": 1
              }
            },
            {
              "batter": "MW Harvey",
              "bowler": "DJ Worrall",
              "non_striker": "SB Harper",
              "runs": {
                "batter": 1,
                "extras": 0,
                "total": 1
              }
            },
            {
              "batter": "SB Harper",
              "bowler": "DJ Worrall",
              "non_striker": "MW Harvey",
              "runs": {
                "batter": 0,
                "extras": 0,
                "total": 0
              }
            },
            {
              "batter": "SB Harper",
              "bowler": "DJ Worrall",
              "non_striker": "MW Harvey",
              "runs": {
                "batter": 4,
                "extras": 0,
                "total": 4
              }
            },
            {
              "batter": "SB Harper",
              "bowler": "DJ Worrall",
              "non_striker": "MW Harvey",
              "runs": {
                "batter": 0,
                "extras": 0,
                "total": 0
              }
            },
            {
              "batter": "SB Harper",
              "bowler": "DJ Worrall",
              "non_striker": "MW Harvey",
              "runs": {
                "batter": 0,
                "extras": 0,
                "total": 0
              }
            },
            {
              "batter": "SB Harper",
              "bowler": "DJ Worrall",
              "non_striker": "MW Harvey",
              "runs": {
                "batter": 0,
                "extras": 0,
                "total": 0
              }
            }
          ]
        },
        {
          "over": 2,
          "deliveries": [
            {
              "batter": "MW Harvey",
              "bowler": "GHS Garton",
              "non_striker": "SB Harper",
              "runs": {
                "batter": 4,
                "extras": 0,
                "total": 4
              }
            },
            {
              "batter": "MW Harvey",
              "bowler": "GHS Garton",
              "non_striker": "SB Harper",
              "runs": {
                "batter": 3,
                "extras": 0,
                "total": 3
              }
            },
            {
              "batter": "SB Harper",
              "bowler": "GHS Garton",
              "non_striker": "MW Harvey",
              "runs": {
                "batter": 0,
                "extras": 0,
                "total": 0
              }
            },
            {
              "batter": "SB Harper",
              "bowler": "GHS Garton",
              "non_striker": "MW Harvey",
              "runs": {
                "batter": 1,
                "extras": 0,
                "total": 1
              }
            },
            {
              "batter": "MW Harvey",
              "bowler": "GHS Garton",
              "non_striker": "SB Harper",
              "runs": {
                "batter": 1,
                "extras": 0,
                "total": 1
              }
            },
            {
              "batter": "SB Harper",
              "bowler": "GHS Garton",
              "non_striker": "MW Harvey",
              "runs": {
                "batter": 1,
                "extras": 0,
                "total": 1
              }
            }
          ]
        },
        {
          "over": 3,
          "deliveries": [
            {
              "batter": "SB Harper",
              "bowler": "PM Siddle",
              "non_striker": "MW Harvey",
              "runs": {
                "batter": 0,
                "extras": 0,
                "total": 0
              }
            },
            {
              "batter": "SB Harper",
              "bowler": "PM Siddle",
              "non_striker": "MW Harvey",
              "runs": {
                "batter": 0,
                "extras": 0,
                "total": 0
              }
            },
            {
              "batter": "SB Harper",
              "bowler": "PM Siddle",
              "non_striker": "MW Harvey",
              "runs": {
                "batter": 1,
                "extras": 0,
                "total": 1
              }
            },
            {
              "batter": "MW Harvey",
              "bowler": "PM Siddle",
              "non_striker": "SB Harper",
              "runs": {
                "batter": 1,
                "extras": 0,
                "total": 1
              }
            },
            {
              "batter": "SB Harper",
              "bowler": "PM Siddle",
              "non_striker": "MW Harvey",
              "runs": {
                "batter": 1,
                "extras": 0,
                "total": 1
              }
            },
            {
              "batter": "MW Harvey",
              "bowler": "PM Siddle",
              "non_striker": "SB Harper",
              "runs": {
                "batter": 4,
                "extras": 0,
                "total": 4
              }
            }
          ]
        },
        {
          "over": 4,
          "deliveries": [
            {
              "batter": "SB Harper",
              "bowler": "Rashid Khan",
              "non_striker": "MW Harvey",
              "runs": {
                "batter": 0,
                "extras": 0,
                "total": 0
              }
            },
            {
              "batter": "SB Harper",
              "bowler": "Rashid Khan",
              "non_striker": "MW Harvey",
              "runs": {
                "batter": 2,
                "extras": 0,
                "total": 2
              }
            },
            {
              "batter": "SB Harper",
              "bowler": "Rashid Khan",
              "non_striker": "MW Harvey",
              "runs": {
                "batter": 1,
                "extras": 0,
                "total": 1
              }
            },
            {
              "batter": "MW Harvey",
              "bowler": "Rashid Khan",
              "non_striker": "SB Harper",
              "runs": {
                "batter": 0,
                "extras": 0,
                "total": 0
              }
            },
            {
              "batter": "MW Harvey",
              "bowler": "Rashid Khan",
              "non_striker": "SB Harper",
              "runs": {
                "batter": 0,
                "extras": 0,
                "total": 0
              },
              "wickets": [
                {
                  "player_out": "MW Harvey",
                  "fielders": [
                    {
                      "name": "HJ Nielsen"
                    },
                    {
                      "name": "WA Agar"
                    }
                  ],
                  "kind": "run out"
                }
              ]
            },
            {
              "batter": "J Seymour",
              "bowler": "Rashid Khan",
              "non_striker": "SB Harper",
              "runs": {
                "batter": 0,
                "extras": 0,
                "total": 0
              }
            }
          ]
        },
        {
          "over": 5,
          "deliveries": [
            {
              "batter": "SB Harper",
              "bowler": "WA Agar",
              "non_striker": "J Seymour",
              "runs": {
                "batter": 1,
                "extras": 0,
                "total": 1
              }
            },
            {
              "batter": "J Seymour",
              "bowler": "WA Agar",
              "non_striker": "SB Harper",
              "runs": {
                "batter": 0,
                "extras": 0,
                "total": 0
              }
            },
            {
              "batter": "J Seymour",
              "bowler": "WA Agar",
              "extras": {
                "legbyes": 1
              },
              "non_striker": "SB Harper",
              "runs": {
                "batter": 0,
                "extras": 1,
                "total": 1
              }
            },
            {
              "batter": "SB Harper",
              "bowler": "WA Agar",
              "non_striker": "J Seymour",
              "runs": {
                "batter": 1,
                "extras": 0,
                "total": 1
              }
            },
            {
              "batter": "J Seymour",
              "bowler": "WA Agar",
              "non_striker": "SB Harper",
              "runs": {
                "batter": 6,
                "extras": 0,
                "total": 6
              }
            },
            {
              "batter": "J Seymour",
              "bowler": "WA Agar",
              "non_striker": "SB Harper",
              "runs": {
                "batter": 0,
                "extras": 0,
                "total": 0
              }
            }
          ]
        },
        {
          "over": 6,
          "deliveries": [
            {
              "batter": "SB Harper",
              "bowler": "MW Short",
              "non_striker": "J Seymour",
              "runs": {
                "batter": 1,
                "extras": 0,
                "total": 1
              }
            },
            {
              "batter": "J Seymour",
              "bowler": "MW Short",
              "non_striker": "SB Harper",
              "runs": {
                "batter": 1,
                "extras": 0,
                "total": 1
              }
            },
            {
              "batter": "SB Harper",
              "bowler": "MW Short",
              "non_striker": "J Seymour",
              "runs": {
                "batter": 1,
                "extras": 0,
                "total": 1
              }
            },
            {
              "batter": "J Seymour",
              "bowler": "MW Short",
              "non_striker": "SB Harper",
              "runs": {
                "batter": 0,
                "extras": 0,
                "total": 0
              }
            },
            {
              "batter": "J Seymour",
              "bowler": "MW Short",
              "non_striker": "SB Harper",
              "runs": {
                "batter": 0,
                "extras": 0,
                "total": 0
              }
            },
            {
              "batter": "J Seymour",
              "bowler": "MW Short",
              "non_striker": "SB Harper",
              "runs": {
                "batter": 1,
                "extras": 0,
                "total": 1
              }
            }
          ]
        },
        {
          "over": 7,
          "deliveries": [
            {
              "batter": "J Seymour",
              "bowler": "DJ Worrall",
              "non_striker": "SB Harper",
              "runs": {
                "batter": 1,
                "extras": 0,
                "total": 1
              }
            },
            {
              "batter": "SB Harper",
              "bowler": "DJ Worrall",
              "non_striker": "J Seymour",
              "runs": {
                "batter": 1,
                "extras": 0,
                "total": 1
              }
            },
            {
              "batter": "J Seymour",
              "bowler": "DJ Worrall",
              "non_striker": "SB Harper",
              "runs": {
                "batter": 1,
                "extras": 0,
                "total": 1
              }
            },
            {
              "batter": "SB Harper",
              "bowler": "DJ Worrall",
              "non_striker": "J Seymour",
              "runs": {
                "batter": 2,
                "extras": 0,
                "total": 2
              }
            },
            {
              "batter": "SB Harper",
              "bowler": "DJ Worrall",
              "non_striker": "J Seymour",
              "runs": {
                "batter": 1,
                "extras": 0,
                "total": 1
              }
            },
            {
              "batter": "J Seymour",
              "bowler": "DJ Worrall",
              "non_striker": "SB Harper",
              "runs": {
                "batter": 0,
                "extras": 0,
                "total": 0
              }
            }
          ]
        },
        {
          "over": 8,
          "deliveries": [
            {
              "batter": "SB Harper",
              "bowler": "Rashid Khan",
              "non_striker": "J Seymour",
              "runs": {
                "batter": 1,
                "extras": 0,
                "total": 1
              }
            },
            {
              "batter": "J Seymour",
              "bowler": "Rashid Khan",
              "non_striker": "SB Harper",
              "runs": {
                "batter": 0,
                "extras": 0,
                "total": 0
              },
              "wickets": [
                {
                  "player_out": "J Seymour",
                  "fielders": [
                    {
                      "name": "HJ Nielsen"
                    }
                  ],
                  "kind": "caught"
                }
              ]
            },
            {
              "batter": "Mohammad Nabi",
              "bowler": "Rashid Khan",
              "non_striker": "SB Harper",
              "runs": {
                "batter": 1,
                "extras": 0,
                "total": 1
              }
            },
            {
              "batter": "SB Harper",
              "bowler": "Rashid Khan",
              "non_striker": "Mohammad Nabi",
              "runs": {
                "batter": 1,
                "extras": 0,
                "total": 1
              }
            },
            {
              "batter": "Mohammad Nabi",
              "bowler": "Rashid Khan",
              "non_striker": "SB Harper",
              "runs": {
                "batter": 1,
                "extras": 0,
                "total": 1
              }
            },
            {
              "batter": "SB Harper",
              "bowler": "Rashid Khan",
              "non_striker": "Mohammad Nabi",
              "runs": {
                "batter": 1,
                "extras": 0,
                "total": 1
              }
            }
          ]
        },
        {
          "over": 9,
          "deliveries": [
            {
              "batter": "SB Harper",
              "bowler": "GHS Garton",
              "non_striker": "Mohammad Nabi",
              "runs": {
                "batter": 1,
                "extras": 0,
                "total": 1
              }
            },
            {
              "batter": "Mohammad Nabi",
              "bowler": "GHS Garton",
              "non_striker": "SB Harper",
              "runs": {
                "batter": 1,
                "extras": 0,
                "total": 1
              }
            },
            {
              "batter": "SB Harper",
              "bowler": "GHS Garton",
              "non_striker": "Mohammad Nabi",
              "runs": {
                "batter": 1,
                "extras": 0,
                "total": 1
              }
            },
            {
              "batter": "Mohammad Nabi",
              "bowler": "GHS Garton",
              "non_striker": "SB Harper",
              "runs": {
                "batter": 0,
                "extras": 0,
                "total": 0
              }
            },
            {
              "batter": "Mohammad Nabi",
              "bowler": "GHS Garton",
              "non_striker": "SB Harper",
              "runs": {
                "batter": 2,
                "extras": 0,
                "total": 2
              }
            },
            {
              "batter": "Mohammad Nabi",
              "bowler": "GHS Garton",
              "non_striker": "SB Harper",
              "runs": {
                "batter": 1,
                "extras": 0,
                "total": 1
              }
            }
          ]
        },
        {
          "over": 10,
          "deliveries": [
            {
              "batter": "Mohammad Nabi",
              "bowler": "WA Agar",
              "non_striker": "SB Harper",
              "runs": {
                "batter": 0,
                "extras": 0,
                "total": 0
              }
            },
            {
              "batter": "Mohammad Nabi",
              "bowler": "WA Agar",
              "non_striker": "SB Harper",
              "runs": {
                "batter": 1,
                "extras": 0,
                "total": 1
              }
            },
            {
              "batter": "SB Harper",
              "bowler": "WA Agar",
              "non_striker": "Mohammad Nabi",
              "runs": {
                "batter": 2,
                "extras": 0,
                "total": 2
              }
            },
            {
              "batter": "SB Harper",
              "bowler": "WA Agar",
              "non_striker": "Mohammad Nabi",
              "runs": {
                "batter": 0,
                "extras": 0,
                "total": 0
              },
              "wickets": [
                {
                  "player_out": "SB Harper",
                  "fielders": [
                    {
                      "name": "MW Short"
                    }
                  ],
                  "kind": "caught"
                }
              ]
            },
            {
              "batter": "Mohammad Nabi",
              "bowler": "WA Agar",
              "extras": {
                "wides": 1
              },
              "non_striker": "J Merlo",
              "runs": {
                "batter": 0,
                "extras": 1,
                "total": 1
              }
            },
            {
              "batter": "Mohammad Nabi",
              "bowler": "WA Agar",
              "non_striker": "J Merlo",
              "runs": {
                "batter": 1,
                "extras": 0,
                "total": 1
              }
            },
            {
              "batter": "J Merlo",
              "bowler": "WA Agar",
              "non_striker": "Mohammad Nabi",
              "runs": {
                "batter": 1,
                "extras": 0,
                "total": 1
              }
            }
          ]
        },
        {
          "over": 11,
          "deliveries": [
            {
              "batter": "J Merlo",
              "bowler": "PM Siddle",
              "non_striker": "Mohammad Nabi",
              "runs": {
                "batter": 0,
                "extras": 0,
                "total": 0
              }
            },
            {
              "batter": "J Merlo",
              "bowler": "PM Siddle",
              "non_striker": "Mohammad Nabi",
              "runs": {
                "batter": 0,
                "extras": 0,
                "total": 0
              }
            },
            {
              "batter": "J Merlo",
              "bowler": "PM Siddle",
              "non_striker": "Mohammad Nabi",
              "runs": {
                "batter": 1,
                "extras": 0,
                "total": 1
              }
            },
            {
              "batter": "Mohammad Nabi",
              "bowler": "PM Siddle",
              "non_striker": "J Merlo",
              "runs": {
                "batter": 1,
                "extras": 0,
                "total": 1
              }
            },
            {
              "batter": "J Merlo",
              "bowler": "PM Siddle",
              "non_striker": "Mohammad Nabi",
              "runs": {
                "batter": 0,
                "extras": 0,
                "total": 0
              }
            },
            {
              "batter": "J Merlo",
              "bowler": "PM Siddle",
              "non_striker": "Mohammad Nabi",
              "runs": {
                "batter": 1,
                "extras": 0,
                "total": 1
              }
            }
          ]
        },
        {
          "over": 12,
          "deliveries": [
            {
              "batter": "J Merlo",
              "bowler": "Rashid Khan",
              "non_striker": "Mohammad Nabi",
              "runs": {
                "batter": 1,
                "extras": 0,
                "total": 1
              }
            },
            {
              "batter": "Mohammad Nabi",
              "bowler": "Rashid Khan",
              "non_striker": "J Merlo",
              "runs": {
                "batter": 1,
                "extras": 0,
                "total": 1
              }
            },
            {
              "batter": "J Merlo",
              "bowler": "Rashid Khan",
              "non_striker": "Mohammad Nabi",
              "runs": {
                "batter": 0,
                "extras": 0,
                "total": 0
              }
            },
            {
              "batter": "J Merlo",
              "bowler": "Rashid Khan",
              "non_striker": "Mohammad Nabi",
              "runs": {
                "batter": 0,
                "extras": 0,
                "total": 0
              },
              "wickets": [
                {
                  "player_out": "J Merlo",
                  "kind": "lbw"
                }
              ]
            },
            {
              "batter": "J Fraser-McGurk",
              "bowler": "Rashid Khan",
              "non_striker": "Mohammad Nabi",
              "runs": {
                "batter": 0,
                "extras": 0,
                "total": 0
              }
            },
            {
              "batter": "J Fraser-McGurk",
              "bowler": "Rashid Khan",
              "non_striker": "Mohammad Nabi",
              "runs": {
                "batter": 0,
                "extras": 0,
                "total": 0
              }
            }
          ]
        },
        {
          "over": 13,
          "deliveries": [
            {
              "batter": "Mohammad Nabi",
              "bowler": "DJ Worrall",
              "non_striker": "J Fraser-McGurk",
              "runs": {
                "batter": 1,
                "extras": 0,
                "total": 1
              }
            },
            {
              "batter": "J Fraser-McGurk",
              "bowler": "DJ Worrall",
              "non_striker": "Mohammad Nabi",
              "runs": {
                "batter": 1,
                "extras": 0,
                "total": 1
              }
            },
            {
              "batter": "Mohammad Nabi",
              "bowler": "DJ Worrall",
              "non_striker": "J Fraser-McGurk",
              "runs": {
                "batter": 1,
                "extras": 0,
                "total": 1
              }
            },
            {
              "batter": "J Fraser-McGurk",
              "bowler": "DJ Worrall",
              "non_striker": "Mohammad Nabi",
              "runs": {
                "batter": 1,
                "extras": 0,
                "total": 1
              }
            },
            {
              "batter": "Mohammad Nabi",
              "bowler": "DJ Worrall",
              "non_striker": "J Fraser-McGurk",
              "runs": {
                "batter": 0,
                "extras": 0,
                "total": 0
              },
              "wickets": [
                {
                  "player_out": "Mohammad Nabi",
                  "fielders": [
                    {
                      "name": "J Weatherald"
                    }
                  ],
                  "kind": "caught"
                }
              ]
            },
            {
              "batter": "J Fraser-McGurk",
              "bowler": "DJ Worrall",
              "non_striker": "W Sutherland",
              "runs": {
                "batter": 1,
                "extras": 0,
                "total": 1
              }
            }
          ]
        },
        {
          "over": 14,
          "deliveries": [
            {
              "batter": "J Fraser-McGurk",
              "bowler": "WA Agar",
              "non_striker": "W Sutherland",
              "runs": {
                "batter": 0,
                "extras": 0,
                "total": 0
              },
              "wickets": [
                {
                  "player_out": "J Fraser-McGurk",
                  "fielders": [
                    {
                      "name": "HJ Nielsen"
                    }
                  ],
                  "kind": "caught"
                }
              ]
            },
            {
              "batter": "JL Pattinson",
              "bowler": "WA Agar",
              "non_striker": "W Sutherland",
              "runs": {
                "batter": 0,
                "extras": 0,
                "total": 0
              }
            },
            {
              "batter": "JL Pattinson",
              "bowler": "WA Agar",
              "non_striker": "W Sutherland",
              "runs": {
                "batter": 0,
                "extras": 0,
                "total": 0
              }
            },
            {
              "batter": "JL Pattinson",
              "bowler": "WA Agar",
              "non_striker": "W Sutherland",
              "runs": {
                "batter": 0,
                "extras": 0,
                "total": 0
              },
              "wickets": [
                {
                  "player_out": "JL Pattinson",
                  "fielders": [
                    {
                      "name": "HJ Nielsen"
                    }
                  ],
                  "kind": "caught"
                }
              ]
            },
            {
              "batter": "KW Richardson",
              "bowler": "WA Agar",
              "extras": {
                "wides": 1
              },
              "non_striker": "W Sutherland",
              "runs": {
                "batter": 0,
                "extras": 1,
                "total": 1
              }
            },
            {
              "batter": "KW Richardson",
              "bowler": "WA Agar",
              "non_striker": "W Sutherland",
              "runs": {
                "batter": 0,
                "extras": 0,
                "total": 0
              }
            },
            {
              "batter": "KW Richardson",
              "bowler": "WA Agar",
              "extras": {
                "wides": 1
              },
              "non_striker": "W Sutherland",
              "runs": {
                "batter": 0,
                "extras": 1,
                "total": 1
              }
            },
            {
              "batter": "KW Richardson",
              "bowler": "WA Agar",
              "non_striker": "W Sutherland",
              "runs": {
                "batter": 1,
                "extras": 0,
                "total": 1
              }
            }
          ]
        },
        {
          "over": 15,
          "deliveries": [
            {
              "batter": "KW Richardson",
              "bowler": "GHS Garton",
              "non_striker": "W Sutherland",
              "runs": {
                "batter": 0,
                "extras": 0,
                "total": 0
              }
            },
            {
              "batter": "KW Richardson",
              "bowler": "GHS Garton",
              "non_striker": "W Sutherland",
              "runs": {
                "batter": 1,
                "extras": 0,
                "total": 1
              }
            },
            {
              "batter": "W Sutherland",
              "bowler": "GHS Garton",
              "non_striker": "KW Richardson",
              "runs": {
                "batter": 0,
                "extras": 0,
                "total": 0
              },
              "wickets": [
                {
                  "player_out": "W Sutherland",
                  "fielders": [
                    {
                      "name": "J Weatherald"
                    }
                  ],
                  "kind": "caught"
                }
              ]
            },
            {
              "batter": "KW Richardson",
              "bowler": "GHS Garton",
              "non_striker": "RJW Topley",
              "runs": {
                "batter": 1,
                "extras": 0,
                "total": 1
              }
            },
            {
              "batter": "RJW Topley",
              "bowler": "GHS Garton",
              "non_striker": "KW Richardson",
              "runs": {
                "batter": 0,
                "extras": 0,
                "total": 0
              }
            },
            {
              "batter": "RJW Topley",
              "bowler": "GHS Garton",
              "non_striker": "KW Richardson",
              "runs": {
                "batter": 1,
                "extras": 0,
                "total": 1
              }
            }
          ]
        },
        {
          "over": 16,
          "deliveries": [
            {
              "batter": "RJW Topley",
              "bowler": "Rashid Khan",
              "non_striker": "KW Richardson",
              "runs": {
                "batter": 0,
                "extras": 0,
                "total": 0
              }
            },
            {
              "batter": "RJW Topley",
              "bowler": "Rashid Khan",
              "non_striker": "KW Richardson",
              "runs": {
                "batter": 1,
                "extras": 0,
                "total": 1
              }
            },
            {
              "batter": "KW Richardson",
              "bowler": "Rashid Khan",
              "non_striker": "RJW Topley",
              "runs": {
                "batter": 1,
                "extras": 0,
                "total": 1
              }
            },
            {
              "batter": "RJW Topley",
              "bowler": "Rashid Khan",
              "non_striker": "KW Richardson",
              "runs": {
                "batter": 4,
                "extras": 0,
                "total": 4
              }
            },
            {
              "batter": "RJW Topley",
              "bowler": "Rashid Khan",
              "non_striker": "KW Richardson",
              "runs": {
                "batter": 1,
                "extras": 0,
                "total": 1
              }
            },
            {
              "batter": "KW Richardson",
              "bowler": "Rashid Khan",
              "non_striker": "RJW Topley",
              "runs": {
                "batter": 0,
                "extras": 0,
                "total": 0
              }
            }
          ]
        },
        {
          "over": 17,
          "deliveries": [
            {
              "batter": "RJW Topley",
              "bowler": "PM Siddle",
              "non_striker": "KW Richardson",
              "runs": {
                "batter": 0,
                "extras": 0,
                "total": 0
              }
            },
            {
              "batter": "RJW Topley",
              "bowler": "PM Siddle",
              "non_striker": "KW Richardson",
              "runs": {
                "batter": 0,
                "extras": 0,
                "total": 0
              }
            },
            {
              "batter": "RJW Topley",
              "bowler": "PM Siddle",
              "non_striker": "KW Richardson",
              "runs": {
                "batter": 1,
                "extras": 0,
                "total": 1
              }
            },
            {
              "batter": "KW Richardson",
              "bowler": "PM Siddle",
              "non_striker": "RJW Topley",
              "runs": {
                "batter": 0,
                "extras": 0,
                "total": 0
              },
              "wickets": [
                {
                  "player_out": "KW Richardson",
                  "fielders": [
                    {
                      "name": "GHS Garton"
                    }
                  ],
                  "kind": "caught"
                }
              ]
            },
            {
              "batter": "Zahir Khan",
              "bowler": "PM Siddle",
              "non_striker": "RJW Topley",
              "runs": {
                "batter": 0,
                "extras": 0,
                "total": 0
              }
            },
            {
              "batter": "Zahir Khan",
              "bowler": "PM Siddle",
              "non_striker": "RJW Topley",
              "runs": {
                "batter": 0,
                "extras": 0,
                "total": 0
              }
            }
          ]
        },
        {
          "over": 18,
          "deliveries": [
            {
              "batter": "RJW Topley",
              "bowler": "DJ Worrall",
              "non_striker": "Zahir Khan",
              "runs": {
                "batter": 0,
                "extras": 0,
                "total": 0
              }
            },
            {
              "batter": "RJW Topley",
              "bowler": "DJ Worrall",
              "non_striker": "Zahir Khan",
              "runs": {
                "batter": 0,
                "extras": 0,
                "total": 0
              }
            },
            {
              "batter": "RJW Topley",
              "bowler": "DJ Worrall",
              "non_striker": "Zahir Khan",
              "runs": {
                "batter": 1,
                "extras": 0,
                "total": 1
              }
            },
            {
              "batter": "Zahir Khan",
              "bowler": "DJ Worrall",
              "non_striker": "RJW Topley",
              "runs": {
                "batter": 0,
                "extras": 0,
                "total": 0
              },
              "wickets": [
                {
                  "player_out": "Zahir Khan",
                  "kind": "bowled"
                }
              ]
            }
          ]
        }
      ],
      "powerplays": [
        {
          "from": 0.1,
          "to": 3.6,
          "type": "mandatory"
        },
        {
          "from": 16.1,
          "to": 17.6,
          "type": "batting"
        }
      ],
      "target": {
        "overs": 20,
        "runs": 150
      }
    }
  ]
}