{
  "meta": {
    "data_version": "1.1.0",
    "created": "2022-12-22",
    "revision": 1
  },
  "info": {
    "balls_per_over": 6,
    "city": "Perth",
    "dates": [
      "2022-12-17"
    ],
    "event": {
      "name": "Big Bash League",
      "match_number": 6
    },
    "gender": "male",
    "match_type": "T20",
    "officials": {
      "match_referees": [
        "RL Parry"
      ],
      "reserve_umpires": [
        "Ashlee Gibbons"
      ],
      "tv_umpires": [
        "PJ Gillespie"
      ],
      "umpires": [
        "BNJ Oxenford",
        "SAJ Craig"
      ]
    },
    "outcome": {
      "winner": "Perth Scorchers",
      "by": {
        "runs": 38
      }
    },
    "overs": 20,
    "player_of_match": [
      "JA Richardson"
    ],
    "players": {
      "Perth Scorchers": [
        "A Lyth",
        "F du Plessis",
        "NR Hobson",
        "JP Inglis",
        "AJ Turner",
        "AM Hardie",
        "AC Agar",
        "JA Richardson",
        "M Kelly",
        "AJ Tye",
        "JP Behrendorff"
      ],
      "Sydney Sixers": [
        "KR Patterson",
        "JR Philippe",
        "JM Vince",
        "MC Henriques",
        "JC Silk",
        "DT Christian",
        "H Kerr",
        "SA Abbott",
        "JM Bird",
        "Naveen-ul-Haq",
        "Izharulhaq Naveed"
      ]
    },
    "registry": {
      "people": {
        "A Lyth": "70b8fd28",
        "AC Agar": "a2421394",
        "AJ Turner": "ff1e12a0",
        "AJ Tye": "7c7d63a2",
        "AM Hardie": "d405c0d5",
        "Ashlee Gibbons": "b81712f7",
        "BNJ Oxenford": "c1add349",
        "DT Christian": "2a2e6343",
        "F du Plessis": "3355b542",
        "H Kerr": "f422728b",
        "Izharulhaq Naveed": "2cbdd22f",
        "JA Richardson": "1ee08e9a",
        "JC Silk": "7a6dc294",
        "JM Bird": "bc773eeb",
        "JM Vince": "a15618fe",
        "JP Behrendorff": "4933f499",
        "JP Inglis": "989889ff",
        "JR Philippe": "39086549",
        "KR Patterson": "e3bf8356",
        "M Kelly": "68e26ec9",
        "MC Henriques": "32198ae0",
        "NR Hobson": "4312e0fd",
        "Naveen-ul-Haq": "c0c411cb",
        "PJ Gillespie": "3e253a50",
        "RL Parry": "86d151dc",
        "SA Abbott": "1a2676c5",
        "SAJ Craig": "689f2eed"
      }
    },
    "season": "2022/23",
    "team_type": "club",
    "teams": [
      "Perth Scorchers",
      "Sydney Sixers"
    ],
    "toss": {
      "decision": "bat",
      "winner": "Perth Scorchers"
    },
    "venue": "Perth Stadium"
  },
  "innings": [
    {
      "team": "Perth Scorchers",
      "overs": [
        {
          "over": 0,
          "deliveries": [
            {
              "batter": "A Lyth",
              "bowler": "JM Bird",
              "extras": {
                "wides": 1
              },
              "non_striker": "F du Plessis",
              "runs": {
                "batter": 0,
                "extras": 1,
                "total": 1
              }
            },
            {
              "batter": "A Lyth",
              "bowler": "JM Bird",
              "extras": {
                "wides": 1
              },
              "non_striker": "F du Plessis",
              "runs": {
                "batter": 0,
                "extras": 1,
                "total": 1
              }
            },
            {
              "batter": "A Lyth",
              "bowler": "JM Bird",
              "non_striker": "F du Plessis",
              "runs": {
                "batter": 4,
                "extras": 0,
                "total": 4
              }
            },
            {
              "batter": "A Lyth",
              "bowler": "JM Bird",
              "non_striker": "F du Plessis",
              "runs": {
                "batter": 0,
                "extras": 0,
                "total": 0
              },
              "wickets": [
                {
                  "player_out": "A Lyth",
                  "kind": "lbw"
                }
              ]
            },
            {
              "batter": "NR Hobson",
              "bowler": "JM Bird",
              "non_striker": "F du Plessis",
              "runs": {
                "batter": 0,
                "extras": 0,
                "total": 0
              }
            },
            {
              "batter": "NR Hobson",
              "bowler": "JM Bird",
              "non_striker": "F du Plessis",
              "runs": {
                "batter": 3,
                "extras": 0,
                "total": 3
              }
            },
            {
              "batter": "F du Plessis",
              "bowler": "JM Bird",
              "non_striker": "NR Hobson",
              "runs": {
                "batter": 4,
                "extras": 0,
                "total": 4
              }
            },
            {
              "batter": "F du Plessis",
              "bowler": "JM Bird",
              "non_striker": "NR Hobson",
              "runs": {
                "batter": 0,
                "extras": 0,
                "total": 0
              }
            }
          ]
        },
        {
          "over": 1,
          "deliveries": [
            {
              "batter": "NR Hobson",
              "bowler": "Naveen-ul-Haq",
              "non_striker": "F du Plessis",
              "runs": {
                "batter": 0,
                "extras": 0,
                "total": 0
              }
            },
            {
              "batter": "NR Hobson",
              "bowler": "Naveen-ul-Haq",
              "non_striker": "F du Plessis",
              "runs": {
                "batter": 1,
                "extras": 0,
                "total": 1
              }
            },
            {
              "batter": "F du Plessis",
              "bowler": "Naveen-ul-Haq",
              "non_striker": "NR Hobson",
              "runs": {
                "batter": 4,
                "extras": 0,
                "total": 4
              }
            },
            {
              "batter": "F du Plessis",
              "bowler": "Naveen-ul-Haq",
              "non_striker": "NR Hobson",
              "runs": {
                "batter": 0,
                "extras": 0,
                "total": 0
              }
            },
            {
              "batter": "F du Plessis",
              "bowler": "Naveen-ul-Haq",
              "non_striker": "NR Hobson",
              "runs": {
                "batter": 0,
                "extras": 0,
                "total": 0
              }
            },
            {
              "batter": "F du Plessis",
              "bowler": "Naveen-ul-Haq",
              "non_striker": "NR Hobson",
              "runs": {
                "batter": 0,
                "extras": 0,
                "total": 0
              }
            }
          ]
        },
        {
          "over": 2,
          "deliveries": [
            {
              "batter": "NR Hobson",
              "bowler": "JM Bird",
              "non_striker": "F du Plessis",
              "runs": {
                "batter": 0,
                "extras": 0,
                "total": 0
              }
            },
            {
              "batter": "NR Hobson",
              "bowler": "JM Bird",
              "non_striker": "F du Plessis",
              "runs": {
                "batter": 1,
                "extras": 0,
                "total": 1
              }
            },
            {
              "batter": "F du Plessis",
              "bowler": "JM Bird",
              "non_striker": "NR Hobson",
              "runs": {
                "batter": 2,
                "extras": 0,
                "total": 2
              }
            },
            {
              "batter": "F du Plessis",
              "bowler": "JM Bird",
              "non_striker": "NR Hobson",
              "runs": {
                "batter": 0,
                "extras": 0,
                "total": 0
              }
            },
            {
              "batter": "F du Plessis",
              "bowler": "JM Bird",
              "non_striker": "NR Hobson",
              "runs": {
                "batter": 4,
                "extras": 0,
                "total": 4
              }
            },
            {
              "batter": "F du Plessis",
              "bowler": "JM Bird",
              "non_striker": "NR Hobson",
              "runs": {
                "batter": 0,
                "extras": 0,
                "total": 0
              }
            }
          ]
        },
        {
          "over": 3,
          "deliveries": [
            {
              "batter": "NR Hobson",
              "bowler": "Naveen-ul-Haq",
              "non_striker": "F du Plessis",
              "runs": {
                "batter": 1,
                "extras": 0,
                "total": 1
              }
            },
            {
              "batter": "F du Plessis",
              "bowler": "Naveen-ul-Haq",
              "non_striker": "NR Hobson",
              "runs": {
                "batter": 0,
                "extras": 0,
                "total": 0
              }
            },
            {
              "batter": "F du Plessis",
              "bowler": "Naveen-ul-Haq",
              "non_striker": "NR Hobson",
              "runs": {
                "batter": 0,
                "extras": 0,
                "total": 0
              },
              "wickets": [
                {
                  "player_out": "F du Plessis",
                  "kind": "bowled"
                }
              ]
            },
            {
              "batter": "JP Inglis",
              "bowler": "Naveen-ul-Haq",
              "non_striker": "NR Hobson",
              "runs": {
                "batter": 0,
                "extras": 0,
                "total": 0
              }
            },
            {
              "batter": "JP Inglis",
              "bowler": "Naveen-ul-Haq",
              "non_striker": "NR Hobson",
              "runs": {
                "batter": 4,
                "extras": 0,
                "total": 4
              }
            },
            {
              "batter": "JP Inglis",
              "bowler": "Naveen-ul-Haq",
              "non_striker": "NR Hobson",
              "runs": {
                "batter": 0,
                "extras": 0,
                "total": 0
              }
            }
          ]
        },
        {
          "over": 4,
          "deliveries": [
            {
              "batter": "NR Hobson",
              "bowler": "SA Abbott",
              "non_striker": "JP Inglis",
              "runs": {
                "batter": 1,
                "extras": 0,
                "total": 1
              }
            },
            {
              "batter": "JP Inglis",
              "bowler": "SA Abbott",
              "non_striker": "NR Hobson",
              "runs": {
                "batter": 1,
                "extras": 0,
                "total": 1
              }
            },
            {
              "batter": "NR Hobson",
              "bowler": "SA Abbott",
              "non_striker": "JP Inglis",
              "runs": {
                "batter": 1,
                "extras": 0,
                "total": 1
              }
            },
            {
              "batter": "JP Inglis",
              "bowler": "SA Abbott",
              "non_striker": "NR Hobson",
              "runs": {
                "batter": 0,
                "extras": 0,
                "total": 0
              }
            },
            {
              "batter": "JP Inglis",
              "bowler": "SA Abbott",
              "non_striker": "NR Hobson",
              "runs": {
                "batter": 2,
                "extras": 0,
                "total": 2
              }
            },
            {
              "batter": "JP Inglis",
              "bowler": "SA Abbott",
              "non_striker": "NR Hobson",
              "runs": {
                "batter": 1,
                "extras": 0,
                "total": 1
              }
            }
          ]
        },
        {
          "over": 5,
          "deliveries": [
            {
              "batter": "JP Inglis",
              "bowler": "JM Bird",
              "non_striker": "NR Hobson",
              "runs": {
                "batter": 1,
                "extras": 0,
                "total": 1
              }
            },
            {
              "batter": "NR Hobson",
              "bowler": "JM Bird",
              "non_striker": "JP Inglis",
              "runs": {
                "batter": 0,
                "extras": 0,
                "total": 0
              }
            },
            {
              "batter": "NR Hobson",
              "bowler": "JM Bird",
              "non_striker": "JP Inglis",
              "runs": {
                "batter": 0,
                "extras": 0,
                "total": 0
              },
              "wickets": [
                {
                  "player_out": "NR Hobson",
                  "kind": "bowled"
                }
              ]
            },
            {
              "batter": "AJ Turner",
              "bowler": "JM Bird",
              "non_striker": "JP Inglis",
              "runs": {
                "batter": 2,
                "extras": 0,
                "total": 2
              }
            },
            {
              "batter": "AJ Turner",
              "bowler": "JM Bird",
              "non_striker": "JP Inglis",
              "runs": {
                "batter": 0,
                "extras": 0,
                "total": 0
              },
              "wickets": [
                {
                  "player_out": "AJ Turner",
                  "fielders": [
                    {
                      "name": "H Kerr"
                    }
                  ],
                  "kind": "caught"
                }
              ]
            },
            {
              "batter": "AM Hardie",
              "bowler": "JM Bird",
              "non_striker": "JP Inglis",
              "runs": {
                "batter": 1,
                "extras": 0,
                "total": 1
              }
            }
          ]
        },
        {
          "over": 6,
          "deliveries": [
            {
              "batter": "AM Hardie",
              "bowler": "Izharulhaq Naveed",
              "non_striker": "JP Inglis",
              "runs": {
                "batter": 4,
                "extras": 0,
                "total": 4
              }
            },
            {
              "batter": "AM Hardie",
              "bowler": "Izharulhaq Naveed",
              "non_striker": "JP Inglis",
              "runs": {
                "batter": 1,
                "extras": 0,
                "total": 1
              }
            },
            {
              "batter": "JP Inglis",
              "bowler": "Izharulhaq Naveed",
              "non_striker": "AM Hardie",
              "runs": {
                "batter": 4,
                "extras": 0,
                "total": 4
              }
            },
            {
              "batter": "JP Inglis",
              "bowler": "Izharulhaq Naveed",
              "non_striker": "AM Hardie",
              "runs": {
                "batter": 0,
                "extras": 0,
                "total": 0
              }
            },
            {
              "batter": "JP Inglis",
              "bowler": "Izharulhaq Naveed",
              "non_striker": "AM Hardie",
              "runs": {
                "batter": 0,
                "extras": 0,
                "total": 0
              },
              "wickets": [
                {
                  "player_out": "JP Inglis",
                  "kind": "bowled"
                }
              ]
            },
            {
              "batter": "AC Agar",
              "bowler": "Izharulhaq Naveed",
              "non_striker": "AM Hardie",
              "runs": {
                "batter": 0,
                "extras": 0,
                "total": 0
              }
            }
          ]
        },
        {
          "over": 7,
          "deliveries": [
            {
              "batter": "AM Hardie",
              "bowler": "JM Bird",
              "non_striker": "AC Agar",
              "runs": {
                "batter": 0,
                "extras": 0,
                "total": 0
              }
            },
            {
              "batter": "AM Hardie",
              "bowler": "JM Bird",
              "non_striker": "AC Agar",
              "runs": {
                "batter": 0,
                "extras": 0,
                "total": 0
              }
            },
            {
              "batter": "AM Hardie",
              "bowler": "JM Bird",
              "non_striker": "AC Agar",
              "runs": {
                "batter": 0,
                "extras": 0,
                "total": 0
              }
            },
            {
              "batter": "AM Hardie",
              "bowler": "JM Bird",
              "non_striker": "AC Agar",
              "runs": {
                "batter": 1,
                "extras": 0,
                "total": 1
              }
            },
            {
              "batter": "AC Agar",
              "bowler": "JM Bird",
              "non_striker": "AM Hardie",
              "runs": {
                "batter": 1,
                "extras": 0,
                "total": 1
              }
            },
            {
              "batter": "AM Hardie",
              "bowler": "JM Bird",
              "non_striker": "AC Agar",
              "runs": {
                "batter": 0,
                "extras": 0,
                "total": 0
              }
            }
          ]
        },
        {
          "over": 8,
          "deliveries": [
            {
              "batter": "AC Agar",
              "bowler": "Izharulhaq Naveed",
              "non_striker": "AM Hardie",
              "runs": {
                "batter": 1,
                "extras": 0,
                "total": 1
              }
            },
            {
              "batter": "AM Hardie",
              "bowler": "Izharulhaq Naveed",
              "non_striker": "AC Agar",
              "runs": {
                "batter": 1,
                "extras": 0,
                "total": 1
              }
            },
            {
              "batter": "AC Agar",
              "bowler": "Izharulhaq Naveed",
              "non_striker": "AM Hardie",
              "runs": {
                "batter": 1,
                "extras": 0,
                "total": 1
              }
            },
            {
              "batter": "AM Hardie",
              "bowler": "Izharulhaq Naveed",
              "non_striker": "AC Agar",
              "runs": {
                "batter": 1,
                "extras": 0,
                "total": 1
              }
            },
            {
              "batter": "AC Agar",
              "bowler": "Izharulhaq Naveed",
              "non_striker": "AM Hardie",
              "runs": {
                "batter": 2,
                "extras": 0,
                "total": 2
              }
            },
            {
              "batter": "AC Agar",
              "bowler": "Izharulhaq Naveed",
              "non_striker": "AM Hardie",
              "runs": {
                "batter": 0,
                "extras": 0,
                "total": 0
              }
            }
          ]
        },
        {
          "over": 9,
          "deliveries": [
            {
              "batter": "AM Hardie",
              "bowler": "H Kerr",
              "non_striker": "AC Agar",
              "runs": {
                "batter": 4,
                "extras": 0,
                "total": 4
              }
            },
            {
              "batter": "AM Hardie",
              "bowler": "H Kerr",
              "non_striker": "AC Agar",
              "runs": {
                "batter": 1,
                "extras": 0,
                "total": 1
              }
            },
            {
              "batter": "AC Agar",
              "bowler": "H Kerr",
              "non_striker": "AM Hardie",
              "runs": {
                "batter": 1,
                "extras": 0,
                "total": 1
              }
            },
            {
              "batter": "AM Hardie",
              "bowler": "H Kerr",
              "non_striker": "AC Agar",
              "runs": {
                "batter": 0,
                "extras": 0,
                "total": 0
              }
            },
            {
              "batter": "AM Hardie",
              "bowler": "H Kerr",
              "non_striker": "AC Agar",
              "runs": {
                "batter": 1,
                "extras": 0,
                "total": 1
              }
            },
            {
              "batter": "AC Agar",
              "bowler": "H Kerr",
              "non_striker": "AM Hardie",
              "runs": {
                "batter": 1,
                "extras": 0,
                "total": 1
              }
            }
          ]
        },
        {
          "over": 10,
          "deliveries": [
            {
              "batter": "AC Agar",
              "bowler": "Izharulhaq Naveed",
              "non_striker": "AM Hardie",
              "runs": {
                "batter": 1,
                "extras": 0,
                "total": 1
              }
            },
            {
              "batter": "AM Hardie",
              "bowler": "Izharulhaq Naveed",
              "non_striker": "AC Agar",
              "runs": {
                "batter": 0,
                "extras": 0,
                "total": 0
              }
            },
            {
              "batter": "AM Hardie",
              "bowler": "Izharulhaq Naveed",
              "non_striker": "AC Agar",
              "runs": {
                "batter": 2,
                "extras": 0,
                "total": 2
              }
            },
            {
              "batter": "AM Hardie",
              "bowler": "Izharulhaq Naveed",
              "non_striker": "AC Agar",
              "runs": {
                "batter": 0,
                "extras": 0,
                "total": 0
              }
            },
            {
              "batter": "AM Hardie",
              "bowler": "Izharulhaq Naveed",
              "non_striker": "AC Agar",
              "runs": {
                "batter": 1,
                "extras": 0,
                "total": 1
              }
            },
            {
              "batter": "AC Agar",
              "bowler": "Izharulhaq Naveed",
              "non_striker": "AM Hardie",
              "runs": {
                "batter": 1,
                "extras": 0,
                "total": 1
              }
            }
          ]
        },
        {
          "over": 11,
          "deliveries": [
            {
              "batter": "AC Agar",
              "bowler": "SA Abbott",
              "non_striker": "AM Hardie",
              "runs": {
                "batter": 0,
                "extras": 0,
                "total": 0
              }
            },
            {
              "batter": "AC Agar",
              "bowler": "SA Abbott",
              "non_striker": "AM Hardie",
              "runs": {
                "batter": 1,
                "extras": 0,
                "total": 1
              }
            },
            {
              "batter": "AM Hardie",
              "bowler": "SA Abbott",
              "non_striker": "AC Agar",
              "runs": {
                "batter": 1,
                "extras": 0,
                "total": 1
              }
            },
            {
              "batter": "AC Agar",
              "bowler": "SA Abbott",
              "non_striker": "AM Hardie",
              "runs": {
                "batter": 1,
                "extras": 0,
                "total": 1
              }
            },
            {
              "batter": "AM Hardie",
              "bowler": "SA Abbott",
              "non_striker": "AC Agar",
              "runs": {
                "batter": 0,
                "extras": 0,
                "total": 0
              }
            },
            {
              "batter": "AM Hardie",
              "bowler": "SA Abbott",
              "non_striker": "AC Agar",
              "runs": {
                "batter": 0,
                "extras": 0,
                "total": 0
              }
            }
          ]
        },
        {
          "over": 12,
          "deliveries": [
            {
              "batter": "AC Agar",
              "bowler": "Naveen-ul-Haq",
              "non_striker": "AM Hardie",
              "runs": {
                "batter": 1,
                "extras": 0,
                "total": 1
              }
            },
            {
              "batter": "AM Hardie",
              "bowler": "Naveen-ul-Haq",
              "non_striker": "AC Agar",
              "runs": {
                "batter": 2,
                "extras": 0,
                "total": 2
              }
            },
            {
              "batter": "AM Hardie",
              "bowler": "Naveen-ul-Haq",
              "non_striker": "AC Agar",
              "runs": {
                "batter": 6,
                "extras": 0,
                "total": 6
              }
            },
            {
              "batter": "AM Hardie",
              "bowler": "Naveen-ul-Haq",
              "non_striker": "AC Agar",
              "runs": {
                "batter": 4,
                "extras": 0,
                "total": 4
              }
            },
            {
              "batter": "AM Hardie",
              "bowler": "Naveen-ul-Haq",
              "non_striker": "AC Agar",
              "runs": {
                "batter": 4,
                "extras": 0,
                "total": 4
              }
            },
            {
              "batter": "AM Hardie",
              "bowler": "Naveen-ul-Haq",
              "non_striker": "AC Agar",
              "runs": {
                "batter": 1,
                "extras": 0,
                "total": 1
              }
            }
          ]
        },
        {
          "over": 13,
          "deliveries": [
            {
              "batter": "AM Hardie",
              "bowler": "SA Abbott",
              "non_striker": "AC Agar",
              "runs": {
                "batter": 6,
                "extras": 0,
                "total": 6
              }
            },
            {
              "batter": "AM Hardie",
              "bowler": "SA Abbott",
              "non_striker": "AC Agar",
              "runs": {
                "batter": 1,
                "extras": 0,
                "total": 1
              }
            },
            {
              "batter": "AC Agar",
              "bowler": "SA Abbott",
              "non_striker": "AM Hardie",
              "runs": {
                "batter": 6,
                "extras": 0,
                "total": 6
              }
            },
            {
              "batter": "AC Agar",
              "bowler": "SA Abbott",
              "extras": {
                "wides": 1
              },
              "non_striker": "AM Hardie",
              "runs": {
                "batter": 0,
                "extras": 1,
                "total": 1
              }
            },
            {
              "batter": "AC Agar",
              "bowler": "SA Abbott",
              "non_striker": "AM Hardie",
              "runs": {
                "batter": 1,
                "extras": 0,
                "total": 1
              }
            },
            {
              "batter": "AM Hardie",
              "bowler": "SA Abbott",
              "extras": {
                "noballs": 1
              },
              "non_striker": "AC Agar",
              "runs": {
                "batter": 4,
                "extras": 1,
                "total": 5
              }
            },
            {
              "batter": "AM Hardie",
              "bowler": "SA Abbott",
              "non_striker": "AC Agar",
              "runs": {
                "batter": 6,
                "extras": 0,
                "total": 6
              }
            },
            {
              "batter": "AM Hardie",
              "bowler": "SA Abbott",
              "non_striker": "AC Agar",
              "runs": {
                "batter": 2,
                "extras": 0,
                "total": 2
              }
            }
          ]
        },
        {
          "over": 14,
          "deliveries": [
            {
              "batter": "AC Agar",
              "bowler": "Izharulhaq Naveed",
              "non_striker": "AM Hardie",
              "runs": {
                "batter": 0,
                "extras": 0,
                "total": 0
              }
            },
            {
              "batter": "AC Agar",
              "bowler": "Izharulhaq Naveed",
              "non_striker": "AM Hardie",
              "runs": {
                "batter": 0,
                "extras": 0,
                "total": 0
              }
            },
            {
              "batter": "AC Agar",
              "bowler": "Izharulhaq Naveed",
              "non_striker": "AM Hardie",
              "runs": {
                "batter": 1,
                "extras": 0,
                "total": 1
              }
            },
            {
              "batter": "AM Hardie",
              "bowler": "Izharulhaq Naveed",
              "non_striker": "AC Agar",
              "runs": {
                "batter": 0,
                "extras": 0,
                "total": 0
              },
              "wickets": [
                {
                  "player_out": "AM Hardie",
                  "fielders": [
                    {
                      "name": "JC Silk"
                    }
                  ],
                  "kind": "caught"
                }
              ]
            },
            {
              "batter": "JA Richardson",
              "bowler": "Izharulhaq Naveed",
              "non_striker": "AC Agar",
              "runs": {
                "batter": 1,
                "extras": 0,
                "total": 1
              }
            },
            {
              "batter": "AC Agar",
              "bowler": "Izharulhaq Naveed",
              "non_striker": "JA Richardson",
              "runs": {
                "batter": 0,
                "extras": 0,
                "total": 0
              }
            }
          ]
        },
        {
          "over": 15,
          "deliveries": [
            {
              "batter": "JA Richardson",
              "bowler": "DT Christian",
              "non_striker": "AC Agar",
              "runs": {
                "batter": 4,
                "extras": 0,
                "total": 4
              }
            },
            {
              "batter": "JA Richardson",
              "bowler": "DT Christian",
              "non_striker": "AC Agar",
              "runs": {
                "batter": 1,
                "extras": 0,
                "total": 1
              }
            },
            {
              "batter": "AC Agar",
              "bowler": "DT Christian",
              "non_striker": "JA Richardson",
              "runs": {
                "batter": 1,
                "extras": 0,
                "total": 1
              }
            },
            {
              "batter": "JA Richardson",
              "bowler": "DT Christian",
              "non_striker": "AC Agar",
              "runs": {
                "batter": 0,
                "extras": 0,
                "total": 0
              }
            },
            {
              "batter": "JA Richardson",
              "bowler": "DT Christian",
              "non_striker": "AC Agar",
              "runs": {
                "batter": 0,
                "extras": 0,
                "total": 0
              },
              "wickets": [
                {
                  "player_out": "JA Richardson",
                  "fielders": [
                    {
                      "name": "JR Philippe"
                    }
                  ],
                  "kind": "caught"
                }
              ]
            },
            {
              "batter": "M Kelly",
              "bowler": "DT Christian",
              "non_striker": "AC Agar",
              "runs": {
                "batter": 0,
                "extras": 0,
                "total": 0
              }
            }
          ]
        },
        {
          "over": 16,
          "deliveries": [
            {
              "batter": "AC Agar",
              "bowler": "H Kerr",
              "non_striker": "M Kelly",
              "runs": {
                "batter": 2,
                "extras": 0,
                "total": 2
              }
            },
            {
              "batter": "AC Agar",
              "bowler": "H Kerr",
              "non_striker": "M Kelly",
              "runs": {
                "batter": 1,
                "extras": 0,
                "total": 1
              }
            },
            {
              "batter": "M Kelly",
              "bowler": "H Kerr",
              "non_striker": "AC Agar",
              "runs": {
                "batter": 0,
                "extras": 0,
                "total": 0
              }
            },
            {
              "batter": "M Kelly",
              "bowler": "H Kerr",
              "non_striker": "AC Agar",
              "runs": {
                "batter": 0,
                "extras": 0,
                "total": 0
              }
            },
            {
              "batter": "M Kelly",
              "bowler": "H Kerr",
              "non_striker": "AC Agar",
              "runs": {
                "batter": 1,
                "extras": 0,
                "total": 1
              }
            },
            {
              "batter": "AC Agar",
              "bowler": "H Kerr",
              "non_striker": "M Kelly",
              "runs": {
                "batter": 0,
                "extras": 0,
                "total": 0
              },
              "wickets": [
                {
                  "player_out": "AC Agar",
                  "fielders": [
                    {
                      "name": "JC Silk"
                    }
                  ],
                  "kind": "caught"
                }
              ]
            }
          ]
        },
        {
          "over": 17,
          "deliveries": [
            {
              "batter": "M Kelly",
              "bowler": "SA Abbott",
              "non_striker": "AJ Tye",
              "runs": {
                "batter": 1,
                "extras": 0,
                "total": 1
              }
            },
            {
              "batter": "AJ Tye",
              "bowler": "SA Abbott",
              "non_striker": "M Kelly",
              "runs": {
                "batter": 2,
                "extras": 0,
                "total": 2
              }
            },
            {
              "batter": "AJ Tye",
              "bowler": "SA Abbott",
              "extras": {
                "legbyes": 1
              },
              "non_striker": "M Kelly",
              "review": {
                "by": "Sydney Sixers",
                "umpire": "SAJ Craig",
                "batter": "AJ Tye",
                "decision": "struck down"
              },
              "runs": {
                "batter": 0,
                "extras": 1,
                "total": 1
              }
            },
            {
              "batter": "M Kelly",
              "bowler": "SA Abbott",
              "non_striker": "AJ Tye",
              "runs": {
                "batter": 1,
                "extras": 0,
                "total": 1
              }
            },
            {
              "batter": "AJ Tye",
              "bowler": "SA Abbott",
              "non_striker": "M Kelly",
              "runs": {
                "batter": 4,
                "extras": 0,
                "total": 4
              }
            },
            {
              "batter": "AJ Tye",
              "bowler": "SA Abbott",
              "non_striker": "M Kelly",
              "runs": {
                "batter": 0,
                "extras": 0,
                "total": 0
              },
              "wickets": [
                {
                  "player_out": "AJ Tye",
                  "fielders": [
                    {
                      "name": "JM Vince"
                    }
                  ],
                  "kind": "caught"
                }
              ]
            }
          ]
        },
        {
          "over": 18,
          "deliveries": [
            {
              "batter": "M Kelly",
              "bowler": "Naveen-ul-Haq",
              "non_striker": "JP Behrendorff",
              "runs": {
                "batter": 0,
                "extras": 0,
                "total": 0
              }
            },
            {
              "batter": "M Kelly",
              "bowler": "Naveen-ul-Haq",
              "non_striker": "JP Behrendorff",
              "runs": {
                "batter": 0,
                "extras": 0,
                "total": 0
              }
            },
            {
              "batter": "M Kelly",
              "bowler": "Naveen-ul-Haq",
              "non_striker": "JP Behrendorff",
              "runs": {
                "batter": 2,
                "extras": 0,
                "total": 2
              }
            },
            {
              "batter": "M Kelly",
              "bowler": "Naveen-ul-Haq",
              "non_striker": "JP Behrendorff",
              "runs": {
                "batter": 1,
                "extras": 0,
                "total": 1
              }
            },
            {
              "batter": "JP Behrendorff",
              "bowler": "Naveen-ul-Haq",
              "non_striker": "M Kelly",
              "runs": {
                "batter": 1,
                "extras": 0,
                "total": 1
              }
            },
            {
              "batter": "M Kelly",
              "bowler": "Naveen-ul-Haq",
              "non_striker": "JP Behrendorff",
              "runs": {
                "batter": 1,
                "extras": 0,
                "total": 1
              }
            }
          ]
        },
        {
          "over": 19,
          "deliveries": [
            {
              "batter": "M Kelly",
              "bowler": "H Kerr",
              "non_striker": "JP Behrendorff",
              "runs": {
                "batter": 3,
                "extras": 0,
                "total": 3
              }
            },
            {
              "batter": "JP Behrendorff",
              "bowler": "H Kerr",
              "non_striker": "M Kelly",
              "runs": {
                "batter": 1,
                "extras": 0,
                "total": 1
              }
            },
            {
              "batter": "M Kelly",
              "bowler": "H Kerr",
              "non_striker": "JP Behrendorff",
              "runs": {
                "batter": 1,
                "extras": 0,
                "total": 1
              }
            },
            {
              "batter": "JP Behrendorff",
              "bowler": "H Kerr",
              "non_striker": "M Kelly",
              "runs": {
                "batter": 2,
                "extras": 0,
                "total": 2
              }
            },
            {
              "batter": "JP Behrendorff",
              "bowler": "H Kerr",
              "non_striker": "M Kelly",
              "runs": {
                "batter": 1,
                "extras": 0,
                "total": 1
              }
            },
            {
              "batter": "M Kelly",
              "bowler": "H Kerr",
              "non_striker": "JP Behrendorff",
              "runs": {
                "batter": 2,
                "extras": 0,
                "total": 2
              }
            }
          ]
        }
      ],
      "powerplays": [
        {
          "from": 0.1,
          "to": 3.6,
          "type": "mandatory"
        },
        {
          "from": 12.1,
          "to": 13.8,
          "type": "batting"
        }
      ]
    },
    {
      "team": "Sydney Sixers",
      "overs": [
        {
          "over": 0,
          "deliveries": [
            {
              "batter": "KR Patterson",
              "bowler": "JP Behrendorff",
              "non_striker": "JR Philippe",
              "runs": {
                "batter": 0,
                "extras": 0,
                "total": 0
              }
            },
            {
              "batter": "KR Patterson",
              "bowler": "JP Behrendorff",
              "non_striker": "JR Philippe",
              "runs": {
                "batter": 1,
                "extras": 0,
                "total": 1
              }
            },
            {
              "batter": "JR Philippe",
              "bowler": "JP Behrendorff",
              "non_striker": "KR Patterson",
              "runs": {
                "batter": 0,
                "extras": 0,
                "total": 0
              }
            },
            {
              "batter": "JR Philippe",
              "bowler": "JP Behrendorff",
              "non_striker": "KR Patterson",
              "runs": {
                "batter": 0,
                "extras": 0,
                "total": 0
              }
            },
            {
              "batter": "JR Philippe",
              "bowler": "JP Behrendorff",
              "non_striker": "KR Patterson",
              "runs": {
                "batter": 0,
                "extras": 0,
                "total": 0
              }
            },
            {
              "batter": "JR Philippe",
              "bowler": "JP Behrendorff",
              "non_striker": "KR Patterson",
              "runs": {
                "batter": 1,
                "extras": 0,
                "total": 1
              }
            }
          ]
        },
        {
          "over": 1,
          "deliveries": [
            {
              "batter": "JR Philippe",
              "bowler": "JA Richardson",
              "non_striker": "KR Patterson",
              "runs": {
                "batter": 1,
                "extras": 0,
                "total": 1
              }
            },
            {
              "batter": "KR Patterson",
              "bowler": "JA Richardson",
              "non_striker": "JR Philippe",
              "runs": {
                "batter": 0,
                "extras": 0,
                "total": 0
              }
            },
            {
              "batter": "KR Patterson",
              "bowler": "JA Richardson",
              "non_striker": "JR Philippe",
              "runs": {
                "batter": 2,
                "extras": 0,
                "total": 2
              }
            },
            {
              "batter": "KR Patterson",
              "bowler": "JA Richardson",
              "non_striker": "JR Philippe",
              "runs": {
                "batter": 0,
                "extras": 0,
                "total": 0
              },
              "wickets": [
                {
                  "player_out": "KR Patterson",
                  "fielders": [
                    {
                      "name": "AM Hardie"
                    }
                  ],
                  "kind": "caught"
                }
              ]
            },
            {
              "batter": "JM Vince",
              "bowler": "JA Richardson",
              "non_striker": "JR Philippe",
              "runs": {
                "batter": 0,
                "extras": 0,
                "total": 0
              }
            },
            {
              "batter": "JM Vince",
              "bowler": "JA Richardson",
              "non_striker": "JR Philippe",
              "runs": {
                "batter": 0,
                "extras": 0,
                "total": 0
              }
            }
          ]
        },
        {
          "over": 2,
          "deliveries": [
            {
              "batter": "JR Philippe",
              "bowler": "JP Behrendorff",
              "non_striker": "JM Vince",
              "runs": {
                "batter": 4,
                "extras": 0,
                "total": 4
              }
            },
            {
              "batter": "JR Philippe",
              "bowler": "JP Behrendorff",
              "non_striker": "JM Vince",
              "runs": {
                "batter": 0,
                "extras": 0,
                "total": 0
              },
              "wickets": [
                {
                  "player_out": "JR Philippe",
                  "fielders": [
                    {
                      "name": "AJ Tye"
                    }
                  ],
                  "kind": "caught"
                }
              ]
            },
            {
              "batter": "MC Henriques",
              "bowler": "JP Behrendorff",
              "non_striker": "JM Vince",
              "runs": {
                "batter": 0,
                "extras": 0,
                "total": 0
              },
              "wickets": [
                {
                  "player_out": "MC Henriques",
                  "fielders": [
                    {
                      "name": "JP Inglis"
                    }
                  ],
                  "kind": "caught"
                }
              ]
            },
            {
              "batter": "JC Silk",
              "bowler": "JP Behrendorff",
              "non_striker": "JM Vince",
              "runs": {
                "batter": 4,
                "extras": 0,
                "total": 4
              }
            },
            {
              "batter": "JC Silk",
              "bowler": "JP Behrendorff",
              "non_striker": "JM Vince",
              "runs": {
                "batter": 0,
                "extras": 0,
                "total": 0
              }
            },
            {
              "batter": "JC Silk",
              "bowler": "JP Behrendorff",
              "non_striker": "JM Vince",
              "runs": {
                "batter": 0,
                "extras": 0,
                "total": 0
              }
            }
          ]
        },
        {
          "over": 3,
          "deliveries": [
            {
              "batter": "JM Vince",
              "bowler": "JA Richardson",
              "non_striker": "JC Silk",
              "runs": {
                "batter": 0,
                "extras": 0,
                "total": 0
              }
            },
            {
              "batter": "JM Vince",
              "bowler": "JA Richardson",
              "non_striker": "JC Silk",
              "runs": {
                "batter": 0,
                "extras": 0,
                "total": 0
              }
            },
            {
              "batter": "JM Vince",
              "bowler": "JA Richardson",
              "non_striker": "JC Silk",
              "runs": {
                "batter": 0,
                "extras": 0,
                "total": 0
              }
            },
            {
              "batter": "JM Vince",
              "bowler": "JA Richardson",
              "non_striker": "JC Silk",
              "runs": {
                "batter": 0,
                "extras": 0,
                "total": 0
              }
            },
            {
              "batter": "JM Vince",
              "bowler": "JA Richardson",
              "non_striker": "JC Silk",
              "runs": {
                "batter": 0,
                "extras": 0,
                "total": 0
              }
            },
            {
              "batter": "JM Vince",
              "bowler": "JA Richardson",
              "non_striker": "JC Silk",
              "runs": {
                "batter": 0,
                "extras": 0,
                "total": 0
              }
            }
          ]
        },
        {
          "over": 4,
          "deliveries": [
            {
              "batter": "JC Silk",
              "bowler": "JP Behrendorff",
              "non_striker": "JM Vince",
              "runs": {
                "batter": 0,
                "extras": 0,
                "total": 0
              }
            },
            {
              "batter": "JC Silk",
              "bowler": "JP Behrendorff",
              "non_striker": "JM Vince",
              "runs": {
                "batter": 0,
                "extras": 0,
                "total": 0
              }
            },
            {
              "batter": "JC Silk",
              "bowler": "JP Behrendorff",
              "non_striker": "JM Vince",
              "runs": {
                "batter": 0,
                "extras": 0,
                "total": 0
              }
            },
            {
              "batter": "JC Silk",
              "bowler": "JP Behrendorff",
              "non_striker": "JM Vince",
              "runs": {
                "batter": 4,
                "extras": 0,
                "total": 4
              }
            },
            {
              "batter": "JC Silk",
              "bowler": "JP Behrendorff",
              "non_striker": "JM Vince",
              "runs": {
                "batter": 1,
                "extras": 0,
                "total": 1
              }
            },
            {
              "batter": "JM Vince",
              "bowler": "JP Behrendorff",
              "non_striker": "JC Silk",
              "runs": {
                "batter": 1,
                "extras": 0,
                "total": 1
              }
            }
          ]
        },
        {
          "over": 5,
          "deliveries": [
            {
              "batter": "JM Vince",
              "bowler": "M Kelly",
              "non_striker": "JC Silk",
              "runs": {
                "batter": 0,
                "extras": 0,
                "total": 0
              }
            },
            {
              "batter": "JM Vince",
              "bowler": "M Kelly",
              "non_striker": "JC Silk",
              "runs": {
                "batter": 0,
                "extras": 0,
                "total": 0
              }
            },
            {
              "batter": "JM Vince",
              "bowler": "M Kelly",
              "non_striker": "JC Silk",
              "runs": {
                "batter": 1,
                "extras": 0,
                "total": 1
              }
            },
            {
              "batter": "JC Silk",
              "bowler": "M Kelly",
              "non_striker": "JM Vince",
              "runs": {
                "batter": 0,
                "extras": 0,
                "total": 0
              }
            },
            {
              "batter": "JC Silk",
              "bowler": "M Kelly",
              "non_striker": "JM Vince",
              "runs": {
                "batter": 1,
                "extras": 0,
                "total": 1
              }
            },
            {
              "batter": "JM Vince",
              "bowler": "M Kelly",
              "non_striker": "JC Silk",
              "runs": {
                "batter": 1,
                "extras": 0,
                "total": 1
              }
            }
          ]
        },
        {
          "over": 6,
          "deliveries": [
            {
              "batter": "JM Vince",
              "bowler": "AJ Tye",
              "non_striker": "JC Silk",
              "runs": {
                "batter": 0,
                "extras": 0,
                "total": 0
              }
            },
            {
              "batter": "JM Vince",
              "bowler": "AJ Tye",
              "non_striker": "JC Silk",
              "runs": {
                "batter": 2,
                "extras": 0,
                "total": 2
              }
            },
            {
              "batter": "JM Vince",
              "bowler": "AJ Tye",
              "non_striker": "JC Silk",
              "runs": {
                "batter": 4,
                "extras": 0,
                "total": 4
              }
            },
            {
              "batter": "JM Vince",
              "bowler": "AJ Tye",
              "non_striker": "JC Silk",
              "runs": {
                "batter": 0,
                "extras": 0,
                "total": 0
              },
              "wickets": [
                {
                  "player_out": "JM Vince",
                  "fielders": [
                    {
                      "name": "JP Inglis"
                    }
                  ],
                  "kind": "caught"
                }
              ]
            },
            {
              "batter": "DT Christian",
              "bowler": "AJ Tye",
              "non_striker": "JC Silk",
              "runs": {
                "batter": 0,
                "extras": 0,
                "total": 0
              }
            },
            {
              "batter": "DT Christian",
              "bowler": "AJ Tye",
              "extras": {
                "legbyes": 1
              },
              "non_striker": "JC Silk",
              "runs": {
                "batter": 0,
                "extras": 1,
                "total": 1
              }
            }
          ]
        },
        {
          "over": 7,
          "deliveries": [
            {
              "batter": "DT Christian",
              "bowler": "AC Agar",
              "non_striker": "JC Silk",
              "runs": {
                "batter": 1,
                "extras": 0,
                "total": 1
              }
            },
            {
              "batter": "JC Silk",
              "bowler": "AC Agar",
              "non_striker": "DT Christian",
              "runs": {
                "batter": 1,
                "extras": 0,
                "total": 1
              }
            },
            {
              "batter": "DT Christian",
              "bowler": "AC Agar",
              "non_striker": "JC Silk",
              "runs": {
                "batter": 0,
                "extras": 0,
                "total": 0
              },
              "wickets": [
                {
                  "player_out": "DT Christian",
                  "fielders": [
                    {
                      "name": "A Lyth"
                    }
                  ],
                  "kind": "caught"
                }
              ]
            },
            {
              "batter": "H Kerr",
              "bowler": "AC Agar",
              "non_striker": "JC Silk",
              "runs": {
                "batter": 1,
                "extras": 0,
                "total": 1
              }
            },
            {
              "batter": "JC Silk",
              "bowler": "AC Agar",
              "non_striker": "H Kerr",
              "runs": {
                "batter": 0,
                "extras": 0,
                "total": 0
              }
            },
            {
              "batter": "JC Silk",
              "bowler": "AC Agar",
              "non_striker": "H Kerr",
              "runs": {
                "batter": 0,
                "extras": 0,
                "total": 0
              }
            }
          ]
        },
        {
          "over": 8,
          "deliveries": [
            {
              "batter": "H Kerr",
              "bowler": "AJ Tye",
              "non_striker": "JC Silk",
              "runs": {
                "batter": 0,
                "extras": 0,
                "total": 0
              }
            },
            {
              "batter": "H Kerr",
              "bowler": "AJ Tye",
              "non_striker": "JC Silk",
              "runs": {
                "batter": 0,
                "extras": 0,
                "total": 0
              }
            },
            {
              "batter": "H Kerr",
              "bowler": "AJ Tye",
              "non_striker": "JC Silk",
              "runs": {
                "batter": 3,
                "extras": 0,
                "total": 3
              }
            },
            {
              "batter": "JC Silk",
              "bowler": "AJ Tye",
              "non_striker": "H Kerr",
              "runs": {
                "batter": 0,
                "extras": 0,
                "total": 0
              }
            },
            {
              "batter": "JC Silk",
              "bowler": "AJ Tye",
              "non_striker": "H Kerr",
              "runs": {
                "batter": 6,
                "extras": 0,
                "total": 6
              }
            },
            {
              "batter": "JC Silk",
              "bowler": "AJ Tye",
              "non_striker": "H Kerr",
              "runs": {
                "batter": 0,
                "extras": 0,
                "total": 0
              }
            }
          ]
        },
        {
          "over": 9,
          "deliveries": [
            {
              "batter": "H Kerr",
              "bowler": "AC Agar",
              "non_striker": "JC Silk",
              "runs": {
                "batter": 0,
                "extras": 0,
                "total": 0
              }
            },
            {
              "batter": "H Kerr",
              "bowler": "AC Agar",
              "non_striker": "JC Silk",
              "runs": {
                "batter": 2,
                "extras": 0,
                "total": 2
              }
            },
            {
              "batter": "H Kerr",
              "bowler": "AC Agar",
              "non_striker": "JC Silk",
              "runs": {
                "batter": 1,
                "extras": 0,
                "total": 1
              }
            },
            {
              "batter": "JC Silk",
              "bowler": "AC Agar",
              "non_striker": "H Kerr",
              "runs": {
                "batter": 0,
                "extras": 0,
                "total": 0
              }
            },
            {
              "batter": "JC Silk",
              "bowler": "AC Agar",
              "extras": {
                "legbyes": 1
              },
              "non_striker": "H Kerr",
              "runs": {
                "batter": 0,
                "extras": 1,
                "total": 1
              }
            },
            {
              "batter": "H Kerr",
              "bowler": "AC Agar",
              "non_striker": "JC Silk",
              "runs": {
                "batter": 1,
                "extras": 0,
                "total": 1
              }
            }
          ]
        },
        {
          "over": 10,
          "deliveries": [
            {
              "batter": "H Kerr",
              "bowler": "M Kelly",
              "non_striker": "JC Silk",
              "runs": {
                "batter": 1,
                "extras": 0,
                "total": 1
              }
            },
            {
              "batter": "JC Silk",
              "bowler": "M Kelly",
              "non_striker": "H Kerr",
              "runs": {
                "batter": 0,
                "extras": 0,
                "total": 0
              }
            },
            {
              "batter": "JC Silk",
              "bowler": "M Kelly",
              "non_striker": "H Kerr",
              "runs": {
                "batter": 1,
                "extras": 0,
                "total": 1
              }
            },
            {
              "batter": "H Kerr",
              "bowler": "M Kelly",
              "non_striker": "JC Silk",
              "runs": {
                "batter": 4,
                "extras": 0,
                "total": 4
              }
            },
            {
              "batter": "H Kerr",
              "bowler": "M Kelly",
              "non_striker": "JC Silk",
              "runs": {
                "batter": 0,
                "extras": 0,
                "total": 0
              }
            },
            {
              "batter": "H Kerr",
              "bowler": "M Kelly",
              "non_striker": "JC Silk",
              "runs": {
                "batter": 1,
                "extras": 0,
                "total": 1
              }
            }
          ]
        },
        {
          "over": 11,
          "deliveries": [
            {
              "batter": "H Kerr",
              "bowler": "AC Agar",
              "non_striker": "JC Silk",
              "runs": {
                "batter": 6,
                "extras": 0,
                "total": 6
              }
            },
            {
              "batter": "H Kerr",
              "bowler": "AC Agar",
              "non_striker": "JC Silk",
              "runs": {
                "batter": 2,
                "extras": 0,
                "total": 2
              }
            },
            {
              "batter": "H Kerr",
              "bowler": "AC Agar",
              "non_striker": "JC Silk",
              "runs": {
                "batter": 0,
                "extras": 0,
                "total": 0
              }
            },
            {
              "batter": "H Kerr",
              "bowler": "AC Agar",
              "non_striker": "JC Silk",
              "runs": {
                "batter": 1,
                "extras": 0,
                "total": 1
              }
            },
            {
              "batter": "JC Silk",
              "bowler": "AC Agar",
              "extras": {
                "wides": 1
              },
              "non_striker": "H Kerr",
              "runs": {
                "batter": 0,
                "extras": 1,
                "total": 1
              }
            },
            {
              "batter": "JC Silk",
              "bowler": "AC Agar",
              "non_striker": "H Kerr",
              "runs": {
                "batter": 1,
                "extras": 0,
                "total": 1
              }
            },
            {
              "batter": "H Kerr",
              "bowler": "AC Agar",
              "non_striker": "JC Silk",
              "runs": {
                "batter": 0,
                "extras": 0,
                "total": 0
              }
            }
          ]
        },
        {
          "over": 12,
          "deliveries": [
            {
              "batter": "JC Silk",
              "bowler": "JP Behrendorff",
              "non_striker": "H Kerr",
              "runs": {
                "batter": 1,
                "extras": 0,
                "total": 1
              }
            },
            {
              "batter": "H Kerr",
              "bowler": "JP Behrendorff",
              "non_striker": "JC Silk",
              "runs": {
                "batter": 0,
                "extras": 0,
                "total": 0
              }
            },
            {
              "batter": "H Kerr",
              "bowler": "JP Behrendorff",
              "non_striker": "JC Silk",
              "runs": {
                "batter": 0,
                "extras": 0,
                "total": 0
              }
            },
            {
              "batter": "H Kerr",
              "bowler": "JP Behrendorff",
              "non_striker": "JC Silk",
              "runs": {
                "batter": 0,
                "extras": 0,
                "total": 0
              }
            },
            {
              "batter": "H Kerr",
              "bowler": "JP Behrendorff",
              "non_striker": "JC Silk",
              "runs": {
                "batter": 1,
                "extras": 0,
                "total": 1
              }
            },
            {
              "batter": "JC Silk",
              "bowler": "JP Behrendorff",
              "non_striker": "H Kerr",
              "runs": {
                "batter": 4,
                "extras": 0,
                "total": 4
              }
            }
          ]
        },
        {
          "over": 13,
          "deliveries": [
            {
              "batter": "H Kerr",
              "bowler": "AC Agar",
              "non_striker": "JC Silk",
              "runs": {
                "batter": 0,
                "extras": 0,
                "total": 0
              }
            },
            {
              "batter": "H Kerr",
              "bowler": "AC Agar",
              "non_striker": "JC Silk",
              "runs": {
                "batter": 6,
                "extras": 0,
                "total": 6
              }
            },
            {
              "batter": "H Kerr",
              "bowler": "AC Agar",
              "non_striker": "JC Silk",
              "runs": {
                "batter": 1,
                "extras": 0,
                "total": 1
              }
            },
            {
              "batter": "JC Silk",
              "bowler": "AC Agar",
              "non_striker": "H Kerr",
              "runs": {
                "batter": 1,
                "extras": 0,
                "total": 1
              }
            },
            {
              "batter": "H Kerr",
              "bowler": "AC Agar",
              "non_striker": "JC Silk",
              "runs": {
                "batter": 0,
                "extras": 0,
                "total": 0
              }
            },
            {
              "batter": "H Kerr",
              "bowler": "AC Agar",
              "non_striker": "JC Silk",
              "runs": {
                "batter": 1,
                "extras": 0,
                "total": 1
              }
            }
          ]
        },
        {
          "over": 14,
          "deliveries": [
            {
              "batter": "H Kerr",
              "bowler": "AJ Tye",
              "non_striker": "JC Silk",
              "runs": {
                "batter": 6,
                "extras": 0,
                "total": 6
              }
            },
            {
              "batter": "H Kerr",
              "bowler": "AJ Tye",
              "non_striker": "JC Silk",
              "runs": {
                "batter": 0,
                "extras": 0,
                "total": 0
              }
            },
            {
              "batter": "H Kerr",
              "bowler": "AJ Tye",
              "non_striker": "JC Silk",
              "runs": {
                "batter": 0,
                "extras": 0,
                "total": 0
              }
            },
            {
              "batter": "H Kerr",
              "bowler": "AJ Tye",
              "non_striker": "JC Silk",
              "runs": {
                "batter": 1,
                "extras": 0,
                "total": 1
              }
            },
            {
              "batter": "JC Silk",
              "bowler": "AJ Tye",
              "non_striker": "H Kerr",
              "runs": {
                "batter": 1,
                "extras": 0,
                "total": 1
              }
            },
            {
              "batter": "H Kerr",
              "bowler": "AJ Tye",
              "non_striker": "JC Silk",
              "runs": {
                "batter": 1,
                "extras": 0,
                "total": 1
              }
            }
          ]
        },
        {
          "over": 15,
          "deliveries": [
            {
              "batter": "H Kerr",
              "bowler": "M Kelly",
              "non_striker": "JC Silk",
              "runs": {
                "batter": 0,
                "extras": 0,
                "total": 0
              }
            },
            {
              "batter": "H Kerr",
              "bowler": "M Kelly",
              "extras": {
                "noballs": 1
              },
              "non_striker": "JC Silk",
              "runs": {
                "batter": 1,
                "extras": 1,
                "total": 2
              }
            },
            {
              "batter": "JC Silk",
              "bowler": "M Kelly",
              "non_striker": "H Kerr",
              "runs": {
                "batter": 6,
                "extras": 0,
                "total": 6
              }
            },
            {
              "batter": "JC Silk",
              "bowler": "M Kelly",
              "non_striker": "H Kerr",
              "runs": {
                "batter": 4,
                "extras": 0,
                "total": 4
              }
            },
            {
              "batter": "JC Silk",
              "bowler": "M Kelly",
              "non_striker": "H Kerr",
              "runs": {
                "batter": 4,
                "extras": 0,
                "total": 4
              }
            },
            {
              "batter": "JC Silk",
              "bowler": "M Kelly",
              "non_striker": "H Kerr",
              "runs": {
                "batter": 1,
                "extras": 0,
                "total": 1
              }
            },
            {
              "batter": "H Kerr",
              "bowler": "M Kelly",
              "non_striker": "JC Silk",
              "runs": {
                "batter": 1,
                "extras": 0,
                "total": 1
              }
            }
          ]
        },
        {
          "over": 16,
          "deliveries": [
            {
              "batter": "H Kerr",
              "bowler": "JA Richardson",
              "non_striker": "JC Silk",
              "runs": {
                "batter": 0,
                "extras": 0,
                "total": 0
              },
              "wickets": [
                {
                  "player_out": "H Kerr",
                  "fielders": [
                    {
                      "name": "NR Hobson"
                    }
                  ],
                  "kind": "caught"
                }
              ]
            },
            {
              "batter": "SA Abbott",
              "bowler": "JA Richardson",
              "non_striker": "JC Silk",
              "runs": {
                "batter": 0,
                "extras": 0,
                "total": 0
              }
            },
            {
              "batter": "SA Abbott",
              "bowler": "JA Richardson",
              "non_striker": "JC Silk",
              "runs": {
                "batter": 0,
                "extras": 0,
                "total": 0
              }
            },
            {
              "batter": "SA Abbott",
              "bowler": "JA Richardson",
              "non_striker": "JC Silk",
              "runs": {
                "batter": 3,
                "extras": 0,
                "total": 3
              }
            },
            {
              "batter": "JC Silk",
              "bowler": "JA Richardson",
              "non_striker": "SA Abbott",
              "runs": {
                "batter": 0,
                "extras": 0,
                "total": 0
              }
            },
            {
              "batter": "JC Silk",
              "bowler": "JA Richardson",
              "non_striker": "SA Abbott",
              "runs": {
                "batter": 0,
                "extras": 0,
                "total": 0
              }
            }
          ]
        },
        {
          "over": 17,
          "deliveries": [
            {
              "batter": "SA Abbott",
              "bowler": "M Kelly",
              "non_striker": "JC Silk",
              "runs": {
                "batter": 0,
                "extras": 0,
                "total": 0
              }
            },
            {
              "batter": "SA Abbott",
              "bowler": "M Kelly",
              "non_striker": "JC Silk",
              "runs": {
                "batter": 1,
                "extras": 0,
                "total": 1
              }
            },
            {
              "batter": "JC Silk",
              "bowler": "M Kelly",
              "non_striker": "SA Abbott",
              "runs": {
                "batter": 0,
                "extras": 0,
                "total": 0
              },
              "wickets": [
                {
                  "player_out": "JC Silk",
                  "fielders": [
                    {
                      "name": "AC Agar"
                    }
                  ],
                  "kind": "caught"
                }
              ]
            },
            {
              "batter": "JM Bird",
              "bowler": "M Kelly",
              "non_striker": "SA Abbott",
              "runs": {
                "batter": 0,
                "extras": 0,
                "total": 0
              }
            },
            {
              "batter": "JM Bird",
              "bowler": "M Kelly",
              "non_striker": "SA Abbott",
              "runs": {
                "batter": 1,
                "extras": 0,
                "total": 1
              }
            },
            {
              "batter": "SA Abbott",
              "bowler": "M Kelly",
              "non_striker": "JM Bird",
              "runs": {
                "batter": 1,
                "extras": 0,
                "total": 1
              }
            }
          ]
        },
        {
          "over": 18,
          "deliveries": [
            {
              "batter": "SA Abbott",
              "bowler": "JA Richardson",
              "non_striker": "JM Bird",
              "runs": {
                "batter": 1,
                "extras": 0,
                "total": 1
              }
            },
            {
              "batter": "JM Bird",
              "bowler": "JA Richardson",
              "non_striker": "SA Abbott",
              "runs": {
                "batter": 0,
                "extras": 0,
                "total": 0
              }
            },
            {
              "batter": "JM Bird",
              "bowler": "JA Richardson",
              "non_striker": "SA Abbott",
              "runs": {
                "batter": 1,
                "extras": 0,
                "total": 1
              }
            },
            {
              "batter": "SA Abbott",
              "bowler": "JA Richardson",
              "non_striker": "JM Bird",
              "runs": {
                "batter": 0,
                "extras": 0,
                "total": 0
              },
              "wickets": [
                {
                  "player_out": "SA Abbott",
                  "kind": "bowled"
                }
              ]
            },
            {
              "batter": "Naveen-ul-Haq",
              "bowler": "JA Richardson",
              "non_striker": "JM Bird",
              "runs": {
                "batter": 1,
                "extras": 0,
                "total": 1
              }
            },
            {
              "batter": "JM Bird",
              "bowler": "JA Richardson",
              "non_striker": "Naveen-ul-Haq",
              "runs": {
                "batter": 0,
                "extras": 0,
                "total": 0
              },
              "wickets": [
                {
                  "player_out": "JM Bird",
                  "kind": "bowled"
                }
              ]
            }
          ]
        },
        {
          "over": 19,
          "deliveries": [
            {
              "batter": "Naveen-ul-Haq",
              "bowler": "AJ Tye",
              "non_striker": "Izharulhaq Naveed",
              "runs": {
                "batter": 0,
                "extras": 0,
                "total": 0
              }
            },
            {
              "batter": "Naveen-ul-Haq",
              "bowler": "AJ Tye",
              "non_striker": "Izharulhaq Naveed",
              "runs": {
                "batter": 0,
                "extras": 0,
                "total": 0
              }
            },
            {
              "batter": "Naveen-ul-Haq",
              "bowler": "AJ Tye",
              "non_striker": "Izharulhaq Naveed",
              "runs": {
                "batter": 1,
                "extras": 0,
                "total": 1
              }
            },
            {
              "batter": "Izharulhaq Naveed",
              "bowler": "AJ Tye",
              "non_striker": "Naveen-ul-Haq",
              "runs": {
                "batter": 1,
                "extras": 0,
                "total": 1
              }
            },
            {
              "batter": "Naveen-ul-Haq",
              "bowler": "AJ Tye",
              "non_striker": "Izharulhaq Naveed",
              "runs": {
                "batter": 0,
                "extras": 0,
                "total": 0
              }
            },
            {
              "batter": "Naveen-ul-Haq",
              "bowler": "AJ Tye",
              "non_striker": "Izharulhaq Naveed",
              "runs": {
                "batter": 0,
                "extras": 0,
                "total": 0
              },
              "wickets": [
                {
                  "player_out": "Naveen-ul-Haq",
                  "fielders": [
                    {
                      "name": "AM Hardie"
                    }
                  ],
                  "kind": "caught"
                }
              ]
            }
          ]
        }
      ],
      "powerplays": [
        {
          "from": 0.1,
          "to": 3.6,
          "type": "mandatory"
        },
        {
          "from": 15.1,
          "to": 16.6,
          "type": "batting"
        }
      ],
      "target": {
        "overs": 20,
        "runs": 156
      }
    }
  ]
}