{
  "meta": {
    "data_version": "1.1.0",
    "created": "2023-01-17",
    "revision": 1
  },
  "info": {
    "balls_per_over": 6,
    "city": "Sydney",
    "dates": [
      "2023-01-13"
    ],
    "event": {
      "name": "Big Bash League",
      "match_number": 39
    },
    "gender": "male",
    "match_type": "T20",
    "officials": {
      "match_referees": [
        "Dave Gilbert"
      ],
      "reserve_umpires": [
        "AR Hamilton"
      ],
      "tv_umpires": [
        "GA Abood"
      ],
      "umpires": [
        "P Wilson",
        "SA Lightbody"
      ]
    },
    "outcome": {
      "winner": "Perth Scorchers",
      "by": {
        "wickets": 9
      }
    },
    "overs": 20,
    "player_of_match": [
      "AJ Tye"
    ],
    "players": {
      "Sydney Thunder": [
        "M Gilkes",
        "DA Warner",
        "SM Whiteman",
        "O Davies",
        "AI Ross",
        "DR Sams",
        "BCJ Cutting",
        "N McAndrew",
        "CJ Green",
        "B Doggett",
        "Usman Qadir"
      ],
      "Perth Scorchers": [
        "SS Eskinazi",
        "CT Bancroft",
        "AM Hardie",
        "JP Inglis",
        "AJ Turner",
        "NR Hobson",
        "AC Agar",
        "M Kelly",
        "AJ Tye",
        "DA Payne",
        "LR Morris"
      ]
    },
    "registry": {
      "people": {
        "AC Agar": "a2421394",
        "AI Ross": "fb0d68b4",
        "AJ Turner": "ff1e12a0",
        "AJ Tye": "7c7d63a2",
        "AM Hardie": "d405c0d5",
        "AR Hamilton": "95d26c59",
        "B Doggett": "898e628d",
        "BCJ Cutting": "2e11c706",
        "CJ Green": "19b9f399",
        "CT Bancroft": "399b0b94",
        "DA Payne": "6c79c098",
        "DA Warner": "dcce6f09",
        "DR Sams": "caf69bf7",
        "Dave Gilbert": "aa782370",
        "GA Abood": "a4af5528",
        "JP Inglis": "989889ff",
        "LR Morris": "b08e58e2",
        "M Gilkes": "d85b0f8b",
        "M Kelly": "68e26ec9",
        "N McAndrew": "38c276e1",
        "NR Hobson": "4312e0fd",
        "O Davies": "0ea54eca",
        "P Wilson": "68304a36",
        "SA Lightbody": "680b8cbf",
        "SM Whiteman": "f4427cc6",
        "SS Eskinazi": "75cbed9b",
        "Usman Qadir": "33742f04"
      }
    },
    "season": "2022/23",
    "team_type": "club",
    "teams": [
      "Sydney Thunder",
      "Perth Scorchers"
    ],
    "toss": {
      "decision": "field",
      "winner": "Perth Scorchers"
    },
    "venue": "Sydney Showground Stadium"
  },
  "innings": [
    {
      "team": "Sydney Thunder",
      "overs": [
        {
          "over": 0,
          "deliveries": [
            {
              "batter": "M Gilkes",
              "bowler": "DA Payne",
              "non_striker": "DA Warner",
              "runs": {
                "batter": 0,
                "extras": 0,
                "total": 0
              }
            },
            {
              "batter": "M Gilkes",
              "bowler": "DA Payne",
              "non_striker": "DA Warner",
              "runs": {
                "batter": 0,
                "extras": 0,
                "total": 0
              },
              "wickets": [
                {
                  "player_out": "M Gilkes",
                  "fielders": [
                    {
                      "name": "JP Inglis"
                    }
                  ],
                  "kind": "caught"
                }
              ]
            },
            {
              "batter": "SM Whiteman",
              "bowler": "DA Payne",
              "non_striker": "DA Warner",
              "runs": {
                "batter": 0,
                "extras": 0,
                "total": 0
              }
            },
            {
              "batter": "SM Whiteman",
              "bowler": "DA Payne",
              "non_striker": "DA Warner",
              "runs": {
                "batter": 0,
                "extras": 0,
                "total": 0
              }
            },
            {
              "batter": "SM Whiteman",
              "bowler": "DA Payne",
              "non_striker": "DA Warner",
              "runs": {
                "batter": 0,
                "extras": 0,
                "total": 0
              }
            },
            {
              "batter": "SM Whiteman",
              "bowler": "DA Payne",
              "non_striker": "DA Warner",
              "runs": {
                "batter": 2,
                "extras": 0,
                "total": 2
              }
            }
          ]
        },
        {
          "over": 1,
          "deliveries": [
            {
              "batter": "DA Warner",
              "bowler": "LR Morris",
              "non_striker": "SM Whiteman",
              "runs": {
                "batter": 1,
                "extras": 0,
                "total": 1
              }
            },
            {
              "batter": "SM Whiteman",
              "bowler": "LR Morris",
              "non_striker": "DA Warner",
              "runs": {
                "batter": 0,
                "extras": 0,
                "total": 0
              },
              "wickets": [
                {
                  "player_out": "SM Whiteman",
                  "fielders": [
                    {
                      "name": "AM Hardie"
                    }
                  ],
                  "kind": "caught"
                }
              ]
            },
            {
              "batter": "O Davies",
              "bowler": "LR Morris",
              "non_striker": "DA Warner",
              "runs": {
                "batter": 2,
                "extras": 0,
                "total": 2
              }
            },
            {
              "batter": "O Davies",
              "bowler": "LR Morris",
              "non_striker": "DA Warner",
              "runs": {
                "batter": 0,
                "extras": 0,
                "total": 0
              }
            },
            {
              "batter": "O Davies",
              "bowler": "LR Morris",
              "non_striker": "DA Warner",
              "runs": {
                "batter": 0,
                "extras": 0,
                "total": 0
              }
            },
            {
              "batter": "O Davies",
              "bowler": "LR Morris",
              "non_striker": "DA Warner",
              "runs": {
                "batter": 0,
                "extras": 0,
                "total": 0
              }
            }
          ]
        },
        {
          "over": 2,
          "deliveries": [
            {
              "batter": "DA Warner",
              "bowler": "DA Payne",
              "non_striker": "O Davies",
              "runs": {
                "batter": 1,
                "extras": 0,
                "total": 1
              }
            },
            {
              "batter": "O Davies",
              "bowler": "DA Payne",
              "non_striker": "DA Warner",
              "runs": {
                "batter": 4,
                "extras": 0,
                "total": 4
              }
            },
            {
              "batter": "O Davies",
              "bowler": "DA Payne",
              "non_striker": "DA Warner",
              "runs": {
                "batter": 0,
                "extras": 0,
                "total": 0
              }
            },
            {
              "batter": "O Davies",
              "bowler": "DA Payne",
              "non_striker": "DA Warner",
              "runs": {
                "batter": 4,
                "extras": 0,
                "total": 4
              }
            },
            {
              "batter": "O Davies",
              "bowler": "DA Payne",
              "non_striker": "DA Warner",
              "runs": {
                "batter": 0,
                "extras": 0,
                "total": 0
              }
            },
            {
              "batter": "O Davies",
              "bowler": "DA Payne",
              "non_striker": "DA Warner",
              "runs": {
                "batter": 1,
                "extras": 0,
                "total": 1
              }
            }
          ]
        },
        {
          "over": 3,
          "deliveries": [
            {
              "batter": "O Davies",
              "bowler": "LR Morris",
              "non_striker": "DA Warner",
              "runs": {
                "batter": 4,
                "extras": 0,
                "total": 4
              }
            },
            {
              "batter": "O Davies",
              "bowler": "LR Morris",
              "non_striker": "DA Warner",
              "runs": {
                "batter": 2,
                "extras": 0,
                "total": 2
              }
            },
            {
              "batter": "O Davies",
              "bowler": "LR Morris",
              "non_striker": "DA Warner",
              "runs": {
                "batter": 1,
                "extras": 0,
                "total": 1
              }
            },
            {
              "batter": "DA Warner",
              "bowler": "LR Morris",
              "non_striker": "O Davies",
              "runs": {
                "batter": 0,
                "extras": 0,
                "total": 0
              }
            },
            {
              "batter": "DA Warner",
              "bowler": "LR Morris",
              "non_striker": "O Davies",
              "runs": {
                "batter": 4,
                "extras": 0,
                "total": 4
              }
            },
            {
              "batter": "DA Warner",
              "bowler": "LR Morris",
              "non_striker": "O Davies",
              "runs": {
                "batter": 0,
                "extras": 0,
                "total": 0
              }
            }
          ]
        },
        {
          "over": 4,
          "deliveries": [
            {
              "batter": "O Davies",
              "bowler": "M Kelly",
              "non_striker": "DA Warner",
              "runs": {
                "batter": 0,
                "extras": 0,
                "total": 0
              }
            },
            {
              "batter": "O Davies",
              "bowler": "M Kelly",
              "non_striker": "DA Warner",
              "runs": {
                "batter": 0,
                "extras": 0,
                "total": 0
              }
            },
            {
              "batter": "O Davies",
              "bowler": "M Kelly",
              "non_striker": "DA Warner",
              "runs": {
                "batter": 2,
                "extras": 0,
                "total": 2
              }
            },
            {
              "batter": "O Davies",
              "bowler": "M Kelly",
              "non_striker": "DA Warner",
              "runs": {
                "batter": 0,
                "extras": 0,
                "total": 0
              }
            },
            {
              "batter": "O Davies",
              "bowler": "M Kelly",
              "non_striker": "DA Warner",
              "runs": {
                "batter": 4,
                "extras": 0,
                "total": 4
              }
            },
            {
              "batter": "O Davies",
              "bowler": "M Kelly",
              "non_striker": "DA Warner",
              "runs": {
                "batter": 1,
                "extras": 0,
                "total": 1
              }
            }
          ]
        },
        {
          "over": 5,
          "deliveries": [
            {
              "batter": "O Davies",
              "bowler": "AC Agar",
              "non_striker": "DA Warner",
              "runs": {
                "batter": 0,
                "extras": 0,
                "total": 0
              }
            },
            {
              "batter": "O Davies",
              "bowler": "AC Agar",
              "non_striker": "DA Warner",
              "runs": {
                "batter": 0,
                "extras": 0,
                "total": 0
              }
            },
            {
              "batter": "O Davies",
              "bowler": "AC Agar",
              "non_striker": "DA Warner",
              "runs": {
                "batter": 1,
                "extras": 0,
                "total": 1
              }
            },
            {
              "batter": "DA Warner",
              "bowler": "AC Agar",
              "non_striker": "O Davies",
              "runs": {
                "batter": 0,
                "extras": 0,
                "total": 0
              }
            },
            {
              "batter": "DA Warner",
              "bowler": "AC Agar",
              "non_striker": "O Davies",
              "runs": {
                "batter": 0,
                "extras": 0,
                "total": 0
              }
            },
            {
              "batter": "DA Warner",
              "bowler": "AC Agar",
              "non_striker": "O Davies",
              "runs": {
                "batter": 1,
                "extras": 0,
                "total": 1
              }
            }
          ]
        },
        {
          "over": 6,
          "deliveries": [
            {
              "batter": "DA Warner",
              "bowler": "AJ Tye",
              "non_striker": "O Davies",
              "runs": {
                "batter": 2,
                "extras": 0,
                "total": 2
              }
            },
            {
              "batter": "DA Warner",
              "bowler": "AJ Tye",
              "non_striker": "O Davies",
              "runs": {
                "batter": 0,
                "extras": 0,
                "total": 0
              }
            },
            {
              "batter": "DA Warner",
              "bowler": "AJ Tye",
              "non_striker": "O Davies",
              "runs": {
                "batter": 0,
                "extras": 0,
                "total": 0
              }
            },
            {
              "batter": "DA Warner",
              "bowler": "AJ Tye",
              "non_striker": "O Davies",
              "runs": {
                "batter": 1,
                "extras": 0,
                "total": 1
              }
            },
            {
              "batter": "O Davies",
              "bowler": "AJ Tye",
              "non_striker": "DA Warner",
              "runs": {
                "batter": 1,
                "extras": 0,
                "total": 1
              }
            },
            {
              "batter": "DA Warner",
              "bowler": "AJ Tye",
              "non_striker": "O Davies",
              "runs": {
                "batter": 4,
                "extras": 0,
                "total": 4
              }
            }
          ]
        },
        {
          "over": 7,
          "deliveries": [
            {
              "batter": "O Davies",
              "bowler": "AC Agar",
              "non_striker": "DA Warner",
              "runs": {
                "batter": 1,
                "extras": 0,
                "total": 1
              }
            },
            {
              "batter": "DA Warner",
              "bowler": "AC Agar",
              "non_striker": "O Davies",
              "runs": {
                "batter": 1,
                "extras": 0,
                "total": 1
              }
            },
            {
              "batter": "O Davies",
              "bowler": "AC Agar",
              "non_striker": "DA Warner",
              "runs": {
                "batter": 6,
                "extras": 0,
                "total": 6
              }
            },
            {
              "batter": "O Davies",
              "bowler": "AC Agar",
              "non_striker": "DA Warner",
              "runs": {
                "batter": 1,
                "extras": 0,
                "total": 1
              }
            },
            {
              "batter": "DA Warner",
              "bowler": "AC Agar",
              "non_striker": "O Davies",
              "runs": {
                "batter": 1,
                "extras": 0,
                "total": 1
              }
            },
            {
              "batter": "O Davies",
              "bowler": "AC Agar",
              "non_striker": "DA Warner",
              "runs": {
                "batter": 6,
                "extras": 0,
                "total": 6
              }
            }
          ]
        },
        {
          "over": 8,
          "deliveries": [
            {
              "batter": "DA Warner",
              "bowler": "AJ Tye",
              "non_striker": "O Davies",
              "runs": {
                "batter": 0,
                "extras": 0,
                "total": 0
              }
            },
            {
              "batter": "DA Warner",
              "bowler": "AJ Tye",
              "non_striker": "O Davies",
              "runs": {
                "batter": 1,
                "extras": 0,
                "total": 1
              }
            },
            {
              "batter": "O Davies",
              "bowler": "AJ Tye",
              "non_striker": "DA Warner",
              "runs": {
                "batter": 6,
                "extras": 0,
                "total": 6
              }
            },
            {
              "batter": "O Davies",
              "bowler": "AJ Tye",
              "non_striker": "DA Warner",
              "runs": {
                "batter": 1,
                "extras": 0,
                "total": 1
              }
            },
            {
              "batter": "DA Warner",
              "bowler": "AJ Tye",
              "non_striker": "O Davies",
              "runs": {
                "batter": 0,
                "extras": 0,
                "total": 0
              }
            },
            {
              "batter": "DA Warner",
              "bowler": "AJ Tye",
              "non_striker": "O Davies",
              "runs": {
                "batter": 2,
                "extras": 0,
                "total": 2
              }
            }
          ]
        },
        {
          "over": 9,
          "deliveries": [
            {
              "batter": "O Davies",
              "bowler": "M Kelly",
              "non_striker": "DA Warner",
              "runs": {
                "batter": 1,
                "extras": 0,
                "total": 1
              }
            },
            {
              "batter": "DA Warner",
              "bowler": "M Kelly",
              "non_striker": "O Davies",
              "runs": {
                "batter": 0,
                "extras": 0,
                "total": 0
              },
              "wickets": [
                {
                  "player_out": "DA Warner",
                  "fielders": [
                    {
                      "name": "JP Inglis"
                    }
                  ],
                  "kind": "caught"
                }
              ]
            },
            {
              "batter": "AI Ross",
              "bowler": "M Kelly",
              "non_striker": "O Davies",
              "runs": {
                "batter": 1,
                "extras": 0,
                "total": 1
              }
            },
            {
              "batter": "O Davies",
              "bowler": "M Kelly",
              "non_striker": "AI Ross",
              "runs": {
                "batter": 1,
                "extras": 0,
                "total": 1
              }
            },
            {
              "batter": "AI Ross",
              "bowler": "M Kelly",
              "non_striker": "O Davies",
              "runs": {
                "batter": 0,
                "extras": 0,
                "total": 0
              }
            },
            {
              "batter": "AI Ross",
              "bowler": "M Kelly",
              "non_striker": "O Davies",
              "runs": {
                "batter": 0,
                "extras": 0,
                "total": 0
              }
            }
          ]
        },
        {
          "over": 10,
          "deliveries": [
            {
              "batter": "O Davies",
              "bowler": "LR Morris",
              "non_striker": "AI Ross",
              "runs": {
                "batter": 0,
                "extras": 0,
                "total": 0
              }
            },
            {
              "batter": "O Davies",
              "bowler": "LR Morris",
              "non_striker": "AI Ross",
              "runs": {
                "batter": 0,
                "extras": 0,
                "total": 0
              }
            },
            {
              "batter": "O Davies",
              "bowler": "LR Morris",
              "non_striker": "AI Ross",
              "runs": {
                "batter": 0,
                "extras": 0,
                "total": 0
              }
            },
            {
              "batter": "O Davies",
              "bowler": "LR Morris",
              "non_striker": "AI Ross",
              "runs": {
                "batter": 1,
                "extras": 0,
                "total": 1
              }
            },
            {
              "batter": "AI Ross",
              "bowler": "LR Morris",
              "non_striker": "O Davies",
              "runs": {
                "batter": 0,
                "extras": 0,
                "total": 0
              }
            },
            {
              "batter": "AI Ross",
              "bowler": "LR Morris",
              "non_striker": "O Davies",
              "runs": {
                "batter": 2,
                "extras": 0,
                "total": 2
              }
            }
          ]
        },
        {
          "over": 11,
          "deliveries": [
            {
              "batter": "O Davies",
              "bowler": "M Kelly",
              "non_striker": "AI Ross",
              "runs": {
                "batter": 1,
                "extras": 0,
                "total": 1
              }
            },
            {
              "batter": "AI Ross",
              "bowler": "M Kelly",
              "non_striker": "O Davies",
              "runs": {
                "batter": 0,
                "extras": 0,
                "total": 0
              }
            },
            {
              "batter": "AI Ross",
              "bowler": "M Kelly",
              "non_striker": "O Davies",
              "runs": {
                "batter": 0,
                "extras": 0,
                "total": 0
              }
            },
            {
              "batter": "AI Ross",
              "bowler": "M Kelly",
              "non_striker": "O Davies",
              "runs": {
                "batter": 0,
                "extras": 0,
                "total": 0
              },
              "wickets": [
                {
                  "player_out": "AI Ross",
                  "fielders": [
                    {
                      "name": "DA Payne"
                    }
                  ],
                  "kind": "caught"
                }
              ]
            },
            {
              "batter": "DR Sams",
              "bowler": "M Kelly",
              "non_striker": "O Davies",
              "runs": {
                "batter": 0,
                "extras": 0,
                "total": 0
              }
            },
            {
              "batter": "DR Sams",
              "bowler": "M Kelly",
              "non_striker": "O Davies",
              "runs": {
                "batter": 0,
                "extras": 0,
                "total": 0
              }
            }
          ]
        },
        {
          "over": 12,
          "deliveries": [
            {
              "batter": "O Davies",
              "bowler": "AC Agar",
              "non_striker": "DR Sams",
              "runs": {
                "batter": 0,
                "extras": 0,
                "total": 0
              },
              "wickets": [
                {
                  "player_out": "O Davies",
                  "fielders": [
                    {
                      "name": "JP Inglis"
                    }
                  ],
                  "kind": "stumped"
                }
              ]
            },
            {
              "batter": "BCJ Cutting",
              "bowler": "AC Agar",
              "non_striker": "DR Sams",
              "runs": {
                "batter": 0,
                "extras": 0,
                "total": 0
              }
            },
            {
              "batter": "BCJ Cutting",
              "bowler": "AC Agar",
              "non_striker": "DR Sams",
              "runs": {
                "batter": 1,
                "extras": 0,
                "total": 1
              }
            },
            {
              "batter": "DR Sams",
              "bowler": "AC Agar",
              "non_striker": "BCJ Cutting",
              "runs": {
                "batter": 1,
                "extras": 0,
                "total": 1
              }
            },
            {
              "batter": "BCJ Cutting",
              "bowler": "AC Agar",
              "non_striker": "DR Sams",
              "runs": {
                "batter": 0,
                "extras": 0,
                "total": 0
              }
            },
            {
              "batter": "BCJ Cutting",
              "bowler": "AC Agar",
              "non_striker": "DR Sams",
              "runs": {
                "batter": 4,
                "extras": 0,
                "total": 4
              }
            }
          ]
        },
        {
          "over": 13,
          "deliveries": [
            {
              "batter": "DR Sams",
              "bowler": "LR Morris",
              "extras": {
                "legbyes": 1
              },
              "non_striker": "BCJ Cutting",
              "runs": {
                "batter": 0,
                "extras": 1,
                "total": 1
              }
            },
            {
              "batter": "BCJ Cutting",
              "bowler": "LR Morris",
              "non_striker": "DR Sams",
              "runs": {
                "batter": 4,
                "extras": 0,
                "total": 4
              }
            },
            {
              "batter": "BCJ Cutting",
              "bowler": "LR Morris",
              "non_striker": "DR Sams",
              "runs": {
                "batter": 0,
                "extras": 0,
                "total": 0
              }
            },
            {
              "batter": "BCJ Cutting",
              "bowler": "LR Morris",
              "non_striker": "DR Sams",
              "runs": {
                "batter": 0,
                "extras": 0,
                "total": 0
              }
            },
            {
              "batter": "BCJ Cutting",
              "bowler": "LR Morris",
              "non_striker": "DR Sams",
              "runs": {
                "batter": 0,
                "extras": 0,
                "total": 0
              },
              "wickets": [
                {
                  "player_out": "BCJ Cutting",
                  "fielders": [
                    {
                      "name": "CT Bancroft"
                    }
                  ],
                  "kind": "caught"
                }
              ]
            },
            {
              "batter": "N McAndrew",
              "bowler": "LR Morris",
              "non_striker": "DR Sams",
              "runs": {
                "batter": 0,
                "extras": 0,
                "total": 0
              }
            }
          ]
        },
        {
          "over": 14,
          "deliveries": [
            {
              "batter": "DR Sams",
              "bowler": "AC Agar",
              "non_striker": "N McAndrew",
              "runs": {
                "batter": 1,
                "extras": 0,
                "total": 1
              }
            },
            {
              "batter": "N McAndrew",
              "bowler": "AC Agar",
              "non_striker": "DR Sams",
              "runs": {
                "batter": 0,
                "extras": 0,
                "total": 0
              }
            },
            {
              "batter": "N McAndrew",
              "bowler": "AC Agar",
              "non_striker": "DR Sams",
              "runs": {
                "batter": 2,
                "extras": 0,
                "total": 2
              }
            },
            {
              "batter": "N McAndrew",
              "bowler": "AC Agar",
              "non_striker": "DR Sams",
              "runs": {
                "batter": 0,
                "extras": 0,
                "total": 0
              }
            },
            {
              "batter": "N McAndrew",
              "bowler": "AC Agar",
              "non_striker": "DR Sams",
              "runs": {
                "batter": 2,
                "extras": 0,
                "total": 2
              }
            },
            {
              "batter": "N McAndrew",
              "bowler": "AC Agar",
              "non_striker": "DR Sams",
              "runs": {
                "batter": 2,
                "extras": 0,
                "total": 2
              }
            }
          ]
        },
        {
          "over": 15,
          "deliveries": [
            {
              "batter": "DR Sams",
              "bowler": "DA Payne",
              "non_striker": "N McAndrew",
              "runs": {
                "batter": 0,
                "extras": 0,
                "total": 0
              },
              "wickets": [
                {
                  "player_out": "DR Sams",
                  "fielders": [
                    {
                      "name": "M Kelly"
                    }
                  ],
                  "kind": "caught"
                }
              ]
            },
            {
              "batter": "CJ Green",
              "bowler": "DA Payne",
              "non_striker": "N McAndrew",
              "runs": {
                "batter": 0,
                "extras": 0,
                "total": 0
              }
            },
            {
              "batter": "CJ Green",
              "bowler": "DA Payne",
              "non_striker": "N McAndrew",
              "runs": {
                "batter": 0,
                "extras": 0,
                "total": 0
              }
            },
            {
              "batter": "CJ Green",
              "bowler": "DA Payne",
              "non_striker": "N McAndrew",
              "runs": {
                "batter": 0,
                "extras": 0,
                "total": 0
              }
            },
            {
              "batter": "CJ Green",
              "bowler": "DA Payne",
              "non_striker": "N McAndrew",
              "runs": {
                "batter": 1,
                "extras": 0,
                "total": 1
              }
            },
            {
              "batter": "N McAndrew",
              "bowler": "DA Payne",
              "non_striker": "CJ Green",
              "runs": {
                "batter": 0,
                "extras": 0,
                "total": 0
              }
            }
          ]
        },
        {
          "over": 16,
          "deliveries": [
            {
              "batter": "CJ Green",
              "bowler": "AJ Tye",
              "non_striker": "N McAndrew",
              "runs": {
                "batter": 0,
                "extras": 0,
                "total": 0
              }
            },
            {
              "batter": "CJ Green",
              "bowler": "AJ Tye",
              "non_striker": "N McAndrew",
              "runs": {
                "batter": 0,
                "extras": 0,
                "total": 0
              },
              "wickets": [
                {
                  "player_out": "CJ Green",
                  "fielders": [
                    {
                      "name": "AC Agar"
                    }
                  ],
                  "kind": "caught"
                }
              ]
            },
            {
              "batter": "B Doggett",
              "bowler": "AJ Tye",
              "non_striker": "N McAndrew",
              "runs": {
                "batter": 0,
                "extras": 0,
                "total": 0
              }
            },
            {
              "batter": "B Doggett",
              "bowler": "AJ Tye",
              "non_striker": "N McAndrew",
              "runs": {
                "batter": 0,
                "extras": 0,
                "total": 0
              }
            },
            {
              "batter": "B Doggett",
              "bowler": "AJ Tye",
              "non_striker": "N McAndrew",
              "runs": {
                "batter": 0,
                "extras": 0,
                "total": 0
              }
            },
            {
              "batter": "B Doggett",
              "bowler": "AJ Tye",
              "non_striker": "N McAndrew",
              "runs": {
                "batter": 0,
                "extras": 0,
                "total": 0
              }
            }
          ]
        },
        {
          "over": 17,
          "deliveries": [
            {
              "batter": "N McAndrew",
              "bowler": "DA Payne",
              "non_striker": "B Doggett",
              "runs": {
                "batter": 0,
                "extras": 0,
                "total": 0
              }
            },
            {
              "batter": "N McAndrew",
              "bowler": "DA Payne",
              "non_striker": "B Doggett",
              "runs": {
                "batter": 4,
                "extras": 0,
                "total": 4
              }
            },
            {
              "batter": "N McAndrew",
              "bowler": "DA Payne",
              "non_striker": "B Doggett",
              "runs": {
                "batter": 0,
                "extras": 0,
                "total": 0
              }
            },
            {
              "batter": "N McAndrew",
              "bowler": "DA Payne",
              "non_striker": "B Doggett",
              "runs": {
                "batter": 2,
                "extras": 0,
                "total": 2
              }
            },
            {
              "batter": "N McAndrew",
              "bowler": "DA Payne",
              "non_striker": "B Doggett",
              "runs": {
                "batter": 0,
                "extras": 0,
                "total": 0
              }
            },
            {
              "batter": "N McAndrew",
              "bowler": "DA Payne",
              "non_striker": "B Doggett",
              "runs": {
                "batter": 1,
                "extras": 0,
                "total": 1
              }
            }
          ]
        },
        {
          "over": 18,
          "deliveries": [
            {
              "batter": "N McAndrew",
              "bowler": "AJ Tye",
              "non_striker": "B Doggett",
              "runs": {
                "batter": 4,
                "extras": 0,
                "total": 4
              }
            },
            {
              "batter": "N McAndrew",
              "bowler": "AJ Tye",
              "non_striker": "B Doggett",
              "runs": {
                "batter": 0,
                "extras": 0,
                "total": 0
              }
            },
            {
              "batter": "N McAndrew",
              "bowler": "AJ Tye",
              "non_striker": "B Doggett",
              "runs": {
                "batter": 4,
                "extras": 0,
                "total": 4
              }
            },
            {
              "batter": "N McAndrew",
              "bowler": "AJ Tye",
              "non_striker": "B Doggett",
              "runs": {
                "batter": 0,
                "extras": 0,
                "total": 0
              },
              "wickets": [
                {
                  "player_out": "N McAndrew",
                  "fielders": [
                    {
                      "name": "CT Bancroft"
                    }
                  ],
                  "kind": "caught"
                }
              ]
            },
            {
              "batter": "Usman Qadir",
              "bowler": "AJ Tye",
              "non_striker": "B Doggett",
              "runs": {
                "batter": 1,
                "extras": 0,
                "total": 1
              }
            },
            {
              "batter": "B Doggett",
              "bowler": "AJ Tye",
              "non_striker": "Usman Qadir",
              "runs": {
                "batter": 0,
                "extras": 0,
                "total": 0
              },
              "wickets": [
                {
                  "player_out": "B Doggett",
                  "kind": "bowled"
                }
              ]
            }
          ]
        }
      ],
      "powerplays": [
        {
          "from": 0.1,
          "to": 3.6,
          "type": "mandatory"
        },
        {
          "from": 16.1,
          "to": 17.6,
          "type": "batting"
        }
      ]
    },
    {
      "team": "Perth Scorchers",
      "overs": [
        {
          "over": 0,
          "deliveries": [
            {
              "batter": "SS Eskinazi",
              "bowler": "B Doggett",
              "non_striker": "CT Bancroft",
              "runs": {
                "batter": 0,
                "extras": 0,
                "total": 0
              }
            },
            {
              "batter": "SS Eskinazi",
              "bowler": "B Doggett",
              "non_striker": "CT Bancroft",
              "runs": {
                "batter": 0,
                "extras": 0,
                "total": 0
              }
            },
            {
              "batter": "SS Eskinazi",
              "bowler": "B Doggett",
              "extras": {
                "wides": 1
              },
              "non_striker": "CT Bancroft",
              "runs": {
                "batter": 0,
                "extras": 1,
                "total": 1
              }
            },
            {
              "batter": "SS Eskinazi",
              "bowler": "B Doggett",
              "non_striker": "CT Bancroft",
              "runs": {
                "batter": 0,
                "extras": 0,
                "total": 0
              }
            },
            {
              "batter": "SS Eskinazi",
              "bowler": "B Doggett",
              "non_striker": "CT Bancroft",
              "runs": {
                "batter": 1,
                "extras": 0,
                "total": 1
              }
            },
            {
              "batter": "CT Bancroft",
              "bowler": "B Doggett",
              "non_striker": "SS Eskinazi",
              "runs": {
                "batter": 3,
                "extras": 0,
                "total": 3
              }
            },
            {
              "batter": "SS Eskinazi",
              "bowler": "B Doggett",
              "non_striker": "CT Bancroft",
              "runs": {
                "batter": 0,
                "extras": 0,
                "total": 0
              }
            }
          ]
        },
        {
          "over": 1,
          "deliveries": [
            {
              "batter": "CT Bancroft",
              "bowler": "CJ Green",
              "non_striker": "SS Eskinazi",
              "runs": {
                "batter": 2,
                "extras": 0,
                "total": 2
              }
            },
            {
              "batter": "CT Bancroft",
              "bowler": "CJ Green",
              "non_striker": "SS Eskinazi",
              "runs": {
                "batter": 2,
                "extras": 0,
                "total": 2
              }
            },
            {
              "batter": "CT Bancroft",
              "bowler": "CJ Green",
              "non_striker": "SS Eskinazi",
              "runs": {
                "batter": 0,
                "extras": 0,
                "total": 0
              }
            },
            {
              "batter": "CT Bancroft",
              "bowler": "CJ Green",
              "non_striker": "SS Eskinazi",
              "runs": {
                "batter": 0,
                "extras": 0,
                "total": 0
              }
            },
            {
              "batter": "CT Bancroft",
              "bowler": "CJ Green",
              "non_striker": "SS Eskinazi",
              "runs": {
                "batter": 1,
                "extras": 0,
                "total": 1
              }
            },
            {
              "batter": "SS Eskinazi",
              "bowler": "CJ Green",
              "non_striker": "CT Bancroft",
              "runs": {
                "batter": 4,
                "extras": 0,
                "total": 4
              }
            }
          ]
        },
        {
          "over": 2,
          "deliveries": [
            {
              "batter": "CT Bancroft",
              "bowler": "B Doggett",
              "non_striker": "SS Eskinazi",
              "runs": {
                "batter": 1,
                "extras": 0,
                "total": 1
              }
            },
            {
              "batter": "SS Eskinazi",
              "bowler": "B Doggett",
              "non_striker": "CT Bancroft",
              "runs": {
                "batter": 4,
                "extras": 0,
                "total": 4
              }
            },
            {
              "batter": "SS Eskinazi",
              "bowler": "B Doggett",
              "non_striker": "CT Bancroft",
              "runs": {
                "batter": 6,
                "extras": 0,
                "total": 6
              }
            },
            {
              "batter": "SS Eskinazi",
              "bowler": "B Doggett",
              "non_striker": "CT Bancroft",
              "runs": {
                "batter": 4,
                "extras": 0,
                "total": 4
              }
            },
            {
              "batter": "SS Eskinazi",
              "bowler": "B Doggett",
              "non_striker": "CT Bancroft",
              "runs": {
                "batter": 2,
                "extras": 0,
                "total": 2
              }
            },
            {
              "batter": "SS Eskinazi",
              "bowler": "B Doggett",
              "non_striker": "CT Bancroft",
              "runs": {
                "batter": 1,
                "extras": 0,
                "total": 1
              }
            }
          ]
        },
        {
          "over": 3,
          "deliveries": [
            {
              "batter": "SS Eskinazi",
              "bowler": "N McAndrew",
              "non_striker": "CT Bancroft",
              "runs": {
                "batter": 0,
                "extras": 0,
                "total": 0
              }
            },
            {
              "batter": "SS Eskinazi",
              "bowler": "N McAndrew",
              "non_striker": "CT Bancroft",
              "runs": {
                "batter": 0,
                "extras": 0,
                "total": 0
              }
            },
            {
              "batter": "SS Eskinazi",
              "bowler": "N McAndrew",
              "non_striker": "CT Bancroft",
              "runs": {
                "batter": 3,
                "extras": 0,
                "total": 3
              }
            },
            {
              "batter": "CT Bancroft",
              "bowler": "N McAndrew",
              "non_striker": "SS Eskinazi",
              "runs": {
                "batter": 0,
                "extras": 0,
                "total": 0
              }
            },
            {
              "batter": "CT Bancroft",
              "bowler": "N McAndrew",
              "non_striker": "SS Eskinazi",
              "runs": {
                "batter": 2,
                "extras": 0,
                "total": 2
              }
            },
            {
              "batter": "CT Bancroft",
              "bowler": "N McAndrew",
              "non_striker": "SS Eskinazi",
              "runs": {
                "batter": 0,
                "extras": 0,
                "total": 0
              }
            }
          ]
        },
        {
          "over": 4,
          "deliveries": [
            {
              "batter": "SS Eskinazi",
              "bowler": "Usman Qadir",
              "non_striker": "CT Bancroft",
              "runs": {
                "batter": 1,
                "extras": 0,
                "total": 1
              }
            },
            {
              "batter": "CT Bancroft",
              "bowler": "Usman Qadir",
              "non_striker": "SS Eskinazi",
              "runs": {
                "batter": 1,
                "extras": 0,
                "total": 1
              }
            },
            {
              "batter": "SS Eskinazi",
              "bowler": "Usman Qadir",
              "non_striker": "CT Bancroft",
              "runs": {
                "batter": 1,
                "extras": 0,
                "total": 1
              }
            },
            {
              "batter": "CT Bancroft",
              "bowler": "Usman Qadir",
              "non_striker": "SS Eskinazi",
              "runs": {
                "batter": 1,
                "extras": 0,
                "total": 1
              }
            },
            {
              "batter": "SS Eskinazi",
              "bowler": "Usman Qadir",
              "non_striker": "CT Bancroft",
              "runs": {
                "batter": 0,
                "extras": 0,
                "total": 0
              }
            },
            {
              "batter": "SS Eskinazi",
              "bowler": "Usman Qadir",
              "non_striker": "CT Bancroft",
              "runs": {
                "batter": 0,
                "extras": 0,
                "total": 0
              }
            }
          ]
        },
        {
          "over": 5,
          "deliveries": [
            {
              "batter": "CT Bancroft",
              "bowler": "DR Sams",
              "non_striker": "SS Eskinazi",
              "runs": {
                "batter": 0,
                "extras": 0,
                "total": 0
              }
            },
            {
              "batter": "CT Bancroft",
              "bowler": "DR Sams",
              "non_striker": "SS Eskinazi",
              "runs": {
                "batter": 4,
                "extras": 0,
                "total": 4
              }
            },
            {
              "batter": "CT Bancroft",
              "bowler": "DR Sams",
              "non_striker": "SS Eskinazi",
              "runs": {
                "batter": 1,
                "extras": 0,
                "total": 1
              }
            },
            {
              "batter": "SS Eskinazi",
              "bowler": "DR Sams",
              "non_striker": "CT Bancroft",
              "runs": {
                "batter": 1,
                "extras": 0,
                "total": 1
              }
            },
            {
              "batter": "CT Bancroft",
              "bowler": "DR Sams",
              "non_striker": "SS Eskinazi",
              "runs": {
                "batter": 0,
                "extras": 0,
                "total": 0
              }
            },
            {
              "batter": "CT Bancroft",
              "bowler": "DR Sams",
              "non_striker": "SS Eskinazi",
              "runs": {
                "batter": 1,
                "extras": 0,
                "total": 1
              }
            }
          ]
        },
        {
          "over": 6,
          "deliveries": [
            {
              "batter": "CT Bancroft",
              "bowler": "Usman Qadir",
              "non_striker": "SS Eskinazi",
              "runs": {
                "batter": 4,
                "extras": 0,
                "total": 4
              }
            },
            {
              "batter": "CT Bancroft",
              "bowler": "Usman Qadir",
              "non_striker": "SS Eskinazi",
              "runs": {
                "batter": 0,
                "extras": 0,
                "total": 0
              }
            },
            {
              "batter": "CT Bancroft",
              "bowler": "Usman Qadir",
              "non_striker": "SS Eskinazi",
              "runs": {
                "batter": 6,
                "extras": 0,
                "total": 6
              }
            },
            {
              "batter": "CT Bancroft",
              "bowler": "Usman Qadir",
              "non_striker": "SS Eskinazi",
              "runs": {
                "batter": 1,
                "extras": 0,
                "total": 1
              }
            },
            {
              "batter": "SS Eskinazi",
              "bowler": "Usman Qadir",
              "non_striker": "CT Bancroft",
              "runs": {
                "batter": 2,
                "extras": 0,
                "total": 2
              }
            },
            {
              "batter": "SS Eskinazi",
              "bowler": "Usman Qadir",
              "non_striker": "CT Bancroft",
              "runs": {
                "batter": 4,
                "extras": 0,
                "total": 4
              }
            }
          ]
        },
        {
          "over": 7,
          "deliveries": [
            {
              "batter": "CT Bancroft",
              "bowler": "CJ Green",
              "non_striker": "SS Eskinazi",
              "runs": {
                "batter": 1,
                "extras": 0,
                "total": 1
              }
            },
            {
              "batter": "SS Eskinazi",
              "bowler": "CJ Green",
              "non_striker": "CT Bancroft",
              "runs": {
                "batter": 0,
                "extras": 0,
                "total": 0
              }
            },
            {
              "batter": "SS Eskinazi",
              "bowler": "CJ Green",
              "non_striker": "CT Bancroft",
              "runs": {
                "batter": 1,
                "extras": 0,
                "total": 1
              }
            },
            {
              "batter": "CT Bancroft",
              "bowler": "CJ Green",
              "non_striker": "SS Eskinazi",
              "runs": {
                "batter": 0,
                "extras": 0,
                "total": 0
              }
            },
            {
              "batter": "CT Bancroft",
              "bowler": "CJ Green",
              "non_striker": "SS Eskinazi",
              "runs": {
                "batter": 2,
                "extras": 0,
                "total": 2
              }
            },
            {
              "batter": "CT Bancroft",
              "bowler": "CJ Green",
              "non_striker": "SS Eskinazi",
              "runs": {
                "batter": 1,
                "extras": 0,
                "total": 1
              }
            }
          ]
        },
        {
          "over": 8,
          "deliveries": [
            {
              "batter": "CT Bancroft",
              "bowler": "N McAndrew",
              "non_striker": "SS Eskinazi",
              "runs": {
                "batter": 1,
                "extras": 0,
                "total": 1
              }
            },
            {
              "batter": "SS Eskinazi",
              "bowler": "N McAndrew",
              "non_striker": "CT Bancroft",
              "runs": {
                "batter": 4,
                "extras": 0,
                "total": 4
              }
            },
            {
              "batter": "SS Eskinazi",
              "bowler": "N McAndrew",
              "non_striker": "CT Bancroft",
              "runs": {
                "batter": 1,
                "extras": 0,
                "total": 1
              }
            },
            {
              "batter": "CT Bancroft",
              "bowler": "N McAndrew",
              "non_striker": "SS Eskinazi",
              "runs": {
                "batter": 1,
                "extras": 0,
                "total": 1
              }
            },
            {
              "batter": "SS Eskinazi",
              "bowler": "N McAndrew",
              "non_striker": "CT Bancroft",
              "runs": {
                "batter": 0,
                "extras": 0,
                "total": 0
              },
              "wickets": [
                {
                  "player_out": "SS Eskinazi",
                  "fielders": [
                    {
                      "name": "B Doggett"
                    }
                  ],
                  "kind": "caught"
                }
              ]
            },
            {
              "batter": "AM Hardie",
              "bowler": "N McAndrew",
              "non_striker": "CT Bancroft",
              "runs": {
                "batter": 0,
                "extras": 0,
                "total": 0
              }
            }
          ]
        },
        {
          "over": 9,
          "deliveries": [
            {
              "batter": "CT Bancroft",
              "bowler": "CJ Green",
              "non_striker": "AM Hardie",
              "runs": {
                "batter": 1,
                "extras": 0,
                "total": 1
              }
            },
            {
              "batter": "AM Hardie",
              "bowler": "CJ Green",
              "non_striker": "CT Bancroft",
              "runs": {
                "batter": 0,
                "extras": 0,
                "total": 0
              }
            },
            {
              "batter": "AM Hardie",
              "bowler": "CJ Green",
              "non_striker": "CT Bancroft",
              "runs": {
                "batter": 1,
                "extras": 0,
                "total": 1
              }
            },
            {
              "batter": "CT Bancroft",
              "bowler": "CJ Green",
              "non_striker": "AM Hardie",
              "runs": {
                "batter": 1,
                "extras": 0,
                "total": 1
              }
            },
            {
              "batter": "AM Hardie",
              "bowler": "CJ Green",
              "non_striker": "CT Bancroft",
              "runs": {
                "batter": 1,
                "extras": 0,
                "total": 1
              }
            },
            {
              "batter": "CT Bancroft",
              "bowler": "CJ Green",
              "non_striker": "AM Hardie",
              "runs": {
                "batter": 2,
                "extras": 0,
                "total": 2
              }
            }
          ]
        },
        {
          "over": 10,
          "deliveries": [
            {
              "batter": "AM Hardie",
              "bowler": "N McAndrew",
              "non_striker": "CT Bancroft",
              "runs": {
                "batter": 1,
                "extras": 0,
                "total": 1
              }
            },
            {
              "batter": "CT Bancroft",
              "bowler": "N McAndrew",
              "non_striker": "AM Hardie",
              "runs": {
                "batter": 1,
                "extras": 0,
                "total": 1
              }
            },
            {
              "batter": "AM Hardie",
              "bowler": "N McAndrew",
              "extras": {
                "wides": 1
              },
              "non_striker": "CT Bancroft",
              "runs": {
                "batter": 0,
                "extras": 1,
                "total": 1
              }
            },
            {
              "batter": "AM Hardie",
              "bowler": "N McAndrew",
              "non_striker": "CT Bancroft",
              "runs": {
                "batter": 1,
                "extras": 0,
                "total": 1
              }
            },
            {
              "batter": "CT Bancroft",
              "bowler": "N McAndrew",
              "non_striker": "AM Hardie",
              "runs": {
                "batter": 0,
                "extras": 0,
                "total": 0
              }
            },
            {
              "batter": "CT Bancroft",
              "bowler": "N McAndrew",
              "non_striker": "AM Hardie",
              "runs": {
                "batter": 0,
                "extras": 0,
                "total": 0
              }
            },
            {
              "batter": "CT Bancroft",
              "bowler": "N McAndrew",
              "non_striker": "AM Hardie",
              "runs": {
                "batter": 1,
                "extras": 0,
                "total": 1
              }
            }
          ]
        },
        {
          "over": 11,
          "deliveries": [
            {
              "batter": "CT Bancroft",
              "bowler": "Usman Qadir",
              "non_striker": "AM Hardie",
              "runs": {
                "batter": 6,
                "extras": 0,
                "total": 6
              }
            },
            {
              "batter": "CT Bancroft",
              "bowler": "Usman Qadir",
              "non_striker": "AM Hardie",
              "runs": {
                "batter": 4,
                "extras": 0,
                "total": 4
              }
            },
            {
              "batter": "CT Bancroft",
              "bowler": "Usman Qadir",
              "non_striker": "AM Hardie",
              "runs": {
                "batter": 1,
                "extras": 0,
                "total": 1
              }
            },
            {
              "batter": "AM Hardie",
              "bowler": "Usman Qadir",
              "extras": {
                "byes": 4
              },
              "non_striker": "CT Bancroft",
              "runs": {
                "batter": 0,
                "extras": 4,
                "total": 4
              }
            },
            {
              "batter": "AM Hardie",
              "bowler": "Usman Qadir",
              "non_striker": "CT Bancroft",
              "runs": {
                "batter": 0,
                "extras": 0,
                "total": 0
              }
            },
            {
              "batter": "AM Hardie",
              "bowler": "Usman Qadir",
              "non_striker": "CT Bancroft",
              "runs": {
                "batter": 0,
                "extras": 0,
                "total": 0
              }
            }
          ]
        },
        {
          "over": 12,
          "deliveries": [
            {
              "batter": "CT Bancroft",
              "bowler": "DR Sams",
              "non_striker": "AM Hardie",
              "runs": {
                "batter": 1,
                "extras": 0,
                "total": 1
              }
            },
            {
              "batter": "AM Hardie",
              "bowler": "DR Sams",
              "non_striker": "CT Bancroft",
              "runs": {
                "batter": 1,
                "extras": 0,
                "total": 1
              }
            },
            {
              "batter": "CT Bancroft",
              "bowler": "DR Sams",
              "non_striker": "AM Hardie",
              "runs": {
                "batter": 0,
                "extras": 0,
                "total": 0
              }
            },
            {
              "batter": "CT Bancroft",
              "bowler": "DR Sams",
              "non_striker": "AM Hardie",
              "runs": {
                "batter": 1,
                "extras": 0,
                "total": 1
              }
            },
            {
              "batter": "AM Hardie",
              "bowler": "DR Sams",
              "non_striker": "CT Bancroft",
              "runs": {
                "batter": 6,
                "extras": 0,
                "total": 6
              }
            }
          ]
        }
      ],
      "powerplays": [
        {
          "from": 0.1,
          "to": 3.6,
          "type": "mandatory"
        }
      ],
      "target": {
        "overs": 20,
        "runs": 112
      }
    }
  ]
}