{
  "meta": {
    "data_version": "1.1.0",
    "created": "2023-01-02",
    "revision": 1
  },
  "info": {
    "balls_per_over": 6,
    "city": "Hobart",
    "dates": [
      "2023-01-02"
    ],
    "event": {
      "name": "Big Bash League",
      "match_number": 26
    },
    "gender": "male",
    "match_type": "T20",
    "officials": {
      "match_referees": [
        "David Johnston"
      ],
      "reserve_umpires": [
        "M Qureshi"
      ],
      "tv_umpires": [
        "P Wilson"
      ],
      "umpires": [
        "MW Graham-Smith",
        "SJ Nogajski"
      ]
    },
    "outcome": {
      "winner": "Hobart Hurricanes",
      "by": {
        "wickets": 7
      }
    },
    "overs": 20,
    "player_of_match": [
      "CP Jewell"
    ],
    "players": {
      "Adelaide Strikers": [
        "MW Short",
        "HJ Hunt",
        "CA Lynn",
        "AJ Hose",
        "C de Grandhomme",
        "Rashid Khan",
        "T Kelly",
        "HJ Nielsen",
        "WA Agar",
        "HNA Conway",
        "PM Siddle"
      ],
      "Hobart Hurricanes": [
        "CP Jewell",
        "BR McDermott",
        "MS Wade",
        "DJM Short",
        "TH David",
        "Asif Ali",
        "MJ Owen",
        "Faheem Ashraf",
        "NT Ellis",
        "PG Dooley",
        "RP Meredith"
      ]
    },
    "registry": {
      "people": {
        "AJ Hose": "104e88a4",
        "Asif Ali": "0a4736eb",
        "BR McDermott": "c41043e6",
        "C de Grandhomme": "94d7f855",
        "CA Lynn": "45eda7c8",
        "CP Jewell": "806c4e58",
        "DJM Short": "1a156c88",
        "David Johnston": "92cef862",
        "Faheem Ashraf": "bd4ea627",
        "HJ Hunt": "62ef4abe",
        "HJ Nielsen": "0ea1455a",
        "HNA Conway": "272fc5ad",
        "M Qureshi": "cf34fbef",
        "MJ Owen": "f2c936d7",
        "MS Wade": "afa7e784",
        "MW Graham-Smith": "18aca3ce",
        "MW Short": "a90e53ec",
        "NT Ellis": "9eb1455b",
        "P Wilson": "68304a36",
        "PG Dooley": "5e3054d0",
        "PM Siddle": "bd93fea4",
        "RP Meredith": "64775749",
        "Rashid Khan": "5f547c8b",
        "SJ Nogajski": "9b3f9323",
        "T Kelly": "6ceb94d0",
        "TH David": "f1f99156",
        "WA Agar": "15de1f5d"
      }
    },
    "season": "2022/23",
    "team_type": "club",
    "teams": [
      "Adelaide Strikers",
      "Hobart Hurricanes"
    ],
    "toss": {
      "decision": "bat",
      "winner": "Adelaide Strikers"
    },
    "venue": "Bellerive Oval, Hobart"
  },
  "innings": [
    {
      "team": "Adelaide Strikers",
      "overs": [
        {
          "over": 0,
          "deliveries": [
            {
              "batter": "MW Short",
              "bowler": "Faheem Ashraf",
              "non_striker": "HJ Hunt",
              "runs": {
                "batter": 0,
                "extras": 0,
                "total": 0
              }
            },
            {
              "batter": "MW Short",
              "bowler": "Faheem Ashraf",
              "non_striker": "HJ Hunt",
              "runs": {
                "batter": 4,
                "extras": 0,
                "total": 4
              }
            },
            {
              "batter": "MW Short",
              "bowler": "Faheem Ashraf",
              "extras": {
                "legbyes": 1
              },
              "non_striker": "HJ Hunt",
              "runs": {
                "batter": 0,
                "extras": 1,
                "total": 1
              }
            },
            {
              "batter": "HJ Hunt",
              "bowler": "Faheem Ashraf",
              "extras": {
                "wides": 1
              },
              "non_striker": "MW Short",
              "runs": {
                "batter": 0,
                "extras": 1,
                "total": 1
              }
            },
            {
              "batter": "HJ Hunt",
              "bowler": "Faheem Ashraf",
              "non_striker": "MW Short",
              "runs": {
                "batter": 0,
                "extras": 0,
                "total": 0
              }
            },
            {
              "batter": "HJ Hunt",
              "bowler": "Faheem Ashraf",
              "non_striker": "MW Short",
              "runs": {
                "batter": 0,
                "extras": 0,
                "total": 0
              }
            },
            {
              "batter": "HJ Hunt",
              "bowler": "Faheem Ashraf",
              "non_striker": "MW Short",
              "runs": {
                "batter": 0,
                "extras": 0,
                "total": 0
              }
            }
          ]
        },
        {
          "over": 1,
          "deliveries": [
            {
              "batter": "MW Short",
              "bowler": "PG Dooley",
              "non_striker": "HJ Hunt",
              "runs": {
                "batter": 0,
                "extras": 0,
                "total": 0
              }
            },
            {
              "batter": "MW Short",
              "bowler": "PG Dooley",
              "non_striker": "HJ Hunt",
              "runs": {
                "batter": 1,
                "extras": 0,
                "total": 1
              }
            },
            {
              "batter": "HJ Hunt",
              "bowler": "PG Dooley",
              "non_striker": "MW Short",
              "runs": {
                "batter": 0,
                "extras": 0,
                "total": 0
              }
            },
            {
              "batter": "HJ Hunt",
              "bowler": "PG Dooley",
              "non_striker": "MW Short",
              "runs": {
                "batter": 0,
                "extras": 0,
                "total": 0
              }
            },
            {
              "batter": "HJ Hunt",
              "bowler": "PG Dooley",
              "non_striker": "MW Short",
              "runs": {
                "batter": 0,
                "extras": 0,
                "total": 0
              }
            },
            {
              "batter": "HJ Hunt",
              "bowler": "PG Dooley",
              "non_striker": "MW Short",
              "runs": {
                "batter": 1,
                "extras": 0,
                "total": 1
              }
            }
          ]
        },
        {
          "over": 2,
          "deliveries": [
            {
              "batter": "HJ Hunt",
              "bowler": "RP Meredith",
              "non_striker": "MW Short",
              "runs": {
                "batter": 2,
                "extras": 0,
                "total": 2
              }
            },
            {
              "batter": "HJ Hunt",
              "bowler": "RP Meredith",
              "non_striker": "MW Short",
              "runs": {
                "batter": 0,
                "extras": 0,
                "total": 0
              }
            },
            {
              "batter": "HJ Hunt",
              "bowler": "RP Meredith",
              "non_striker": "MW Short",
              "runs": {
                "batter": 0,
                "extras": 0,
                "total": 0
              },
              "wickets": [
                {
                  "player_out": "HJ Hunt",
                  "fielders": [
                    {
                      "name": "CP Jewell"
                    }
                  ],
                  "kind": "caught"
                }
              ]
            },
            {
              "batter": "CA Lynn",
              "bowler": "RP Meredith",
              "non_striker": "MW Short",
              "runs": {
                "batter": 0,
                "extras": 0,
                "total": 0
              }
            },
            {
              "batter": "CA Lynn",
              "bowler": "RP Meredith",
              "non_striker": "MW Short",
              "runs": {
                "batter": 0,
                "extras": 0,
                "total": 0
              }
            },
            {
              "batter": "CA Lynn",
              "bowler": "RP Meredith",
              "non_striker": "MW Short",
              "runs": {
                "batter": 2,
                "extras": 0,
                "total": 2
              }
            }
          ]
        },
        {
          "over": 3,
          "deliveries": [
            {
              "batter": "MW Short",
              "bowler": "PG Dooley",
              "non_striker": "CA Lynn",
              "runs": {
                "batter": 3,
                "extras": 0,
                "total": 3
              }
            },
            {
              "batter": "CA Lynn",
              "bowler": "PG Dooley",
              "non_striker": "MW Short",
              "runs": {
                "batter": 0,
                "extras": 0,
                "total": 0
              }
            },
            {
              "batter": "CA Lynn",
              "bowler": "PG Dooley",
              "non_striker": "MW Short",
              "runs": {
                "batter": 0,
                "extras": 0,
                "total": 0
              }
            },
            {
              "batter": "CA Lynn",
              "bowler": "PG Dooley",
              "non_striker": "MW Short",
              "runs": {
                "batter": 1,
                "extras": 0,
                "total": 1
              }
            },
            {
              "batter": "MW Short",
              "bowler": "PG Dooley",
              "non_striker": "CA Lynn",
              "runs": {
                "batter": 4,
                "extras": 0,
                "total": 4
              }
            },
            {
              "batter": "MW Short",
              "bowler": "PG Dooley",
              "non_striker": "CA Lynn",
              "runs": {
                "batter": 0,
                "extras": 0,
                "total": 0
              }
            }
          ]
        },
        {
          "over": 4,
          "deliveries": [
            {
              "batter": "CA Lynn",
              "bowler": "Faheem Ashraf",
              "non_striker": "MW Short",
              "runs": {
                "batter": 4,
                "extras": 0,
                "total": 4
              }
            },
            {
              "batter": "CA Lynn",
              "bowler": "Faheem Ashraf",
              "non_striker": "MW Short",
              "runs": {
                "batter": 1,
                "extras": 0,
                "total": 1
              }
            },
            {
              "batter": "MW Short",
              "bowler": "Faheem Ashraf",
              "non_striker": "CA Lynn",
              "runs": {
                "batter": 1,
                "extras": 0,
                "total": 1
              }
            },
            {
              "batter": "CA Lynn",
              "bowler": "Faheem Ashraf",
              "non_striker": "MW Short",
              "runs": {
                "batter": 0,
                "extras": 0,
                "total": 0
              }
            },
            {
              "batter": "CA Lynn",
              "bowler": "Faheem Ashraf",
              "non_striker": "MW Short",
              "runs": {
                "batter": 1,
                "extras": 0,
                "total": 1
              }
            },
            {
              "batter": "MW Short",
              "bowler": "Faheem Ashraf",
              "non_striker": "CA Lynn",
              "runs": {
                "batter": 2,
                "extras": 0,
                "total": 2
              }
            }
          ]
        },
        {
          "over": 5,
          "deliveries": [
            {
              "batter": "CA Lynn",
              "bowler": "DJM Short",
              "non_striker": "MW Short",
              "runs": {
                "batter": 1,
                "extras": 0,
                "total": 1
              }
            },
            {
              "batter": "MW Short",
              "bowler": "DJM Short",
              "non_striker": "CA Lynn",
              "runs": {
                "batter": 1,
                "extras": 0,
                "total": 1
              }
            },
            {
              "batter": "CA Lynn",
              "bowler": "DJM Short",
              "non_striker": "MW Short",
              "runs": {
                "batter": 4,
                "extras": 0,
                "total": 4
              }
            },
            {
              "batter": "CA Lynn",
              "bowler": "DJM Short",
              "non_striker": "MW Short",
              "runs": {
                "batter": 1,
                "extras": 0,
                "total": 1
              }
            },
            {
              "batter": "MW Short",
              "bowler": "DJM Short",
              "non_striker": "CA Lynn",
              "runs": {
                "batter": 4,
                "extras": 0,
                "total": 4
              }
            },
            {
              "batter": "MW Short",
              "bowler": "DJM Short",
              "non_striker": "CA Lynn",
              "runs": {
                "batter": 1,
                "extras": 0,
                "total": 1
              }
            }
          ]
        },
        {
          "over": 6,
          "deliveries": [
            {
              "batter": "MW Short",
              "bowler": "RP Meredith",
              "non_striker": "CA Lynn",
              "runs": {
                "batter": 1,
                "extras": 0,
                "total": 1
              }
            },
            {
              "batter": "CA Lynn",
              "bowler": "RP Meredith",
              "non_striker": "MW Short",
              "runs": {
                "batter": 0,
                "extras": 0,
                "total": 0
              }
            },
            {
              "batter": "CA Lynn",
              "bowler": "RP Meredith",
              "non_striker": "MW Short",
              "runs": {
                "batter": 1,
                "extras": 0,
                "total": 1
              }
            },
            {
              "batter": "MW Short",
              "bowler": "RP Meredith",
              "non_striker": "CA Lynn",
              "runs": {
                "batter": 1,
                "extras": 0,
                "total": 1
              }
            },
            {
              "batter": "CA Lynn",
              "bowler": "RP Meredith",
              "non_striker": "MW Short",
              "runs": {
                "batter": 4,
                "extras": 0,
                "total": 4
              }
            },
            {
              "batter": "CA Lynn",
              "bowler": "RP Meredith",
              "non_striker": "MW Short",
              "runs": {
                "batter": 1,
                "extras": 0,
                "total": 1
              }
            }
          ]
        },
        {
          "over": 7,
          "deliveries": [
            {
              "batter": "CA Lynn",
              "bowler": "NT Ellis",
              "non_striker": "MW Short",
              "runs": {
                "batter": 0,
                "extras": 0,
                "total": 0
              }
            },
            {
              "batter": "CA Lynn",
              "bowler": "NT Ellis",
              "non_striker": "MW Short",
              "runs": {
                "batter": 0,
                "extras": 0,
                "total": 0
              }
            },
            {
              "batter": "CA Lynn",
              "bowler": "NT Ellis",
              "non_striker": "MW Short",
              "runs": {
                "batter": 1,
                "extras": 0,
                "total": 1
              }
            },
            {
              "batter": "MW Short",
              "bowler": "NT Ellis",
              "extras": {
                "legbyes": 1
              },
              "non_striker": "CA Lynn",
              "runs": {
                "batter": 0,
                "extras": 1,
                "total": 1
              }
            },
            {
              "batter": "CA Lynn",
              "bowler": "NT Ellis",
              "non_striker": "MW Short",
              "runs": {
                "batter": 1,
                "extras": 0,
                "total": 1
              }
            },
            {
              "batter": "MW Short",
              "bowler": "NT Ellis",
              "non_striker": "CA Lynn",
              "runs": {
                "batter": 1,
                "extras": 0,
                "total": 1
              }
            }
          ]
        },
        {
          "over": 8,
          "deliveries": [
            {
              "batter": "MW Short",
              "bowler": "PG Dooley",
              "non_striker": "CA Lynn",
              "runs": {
                "batter": 6,
                "extras": 0,
                "total": 6
              }
            },
            {
              "batter": "MW Short",
              "bowler": "PG Dooley",
              "non_striker": "CA Lynn",
              "runs": {
                "batter": 1,
                "extras": 0,
                "total": 1
              }
            },
            {
              "batter": "CA Lynn",
              "bowler": "PG Dooley",
              "non_striker": "MW Short",
              "runs": {
                "batter": 1,
                "extras": 0,
                "total": 1
              }
            },
            {
              "batter": "MW Short",
              "bowler": "PG Dooley",
              "non_striker": "CA Lynn",
              "runs": {
                "batter": 2,
                "extras": 0,
                "total": 2
              }
            },
            {
              "batter": "MW Short",
              "bowler": "PG Dooley",
              "non_striker": "CA Lynn",
              "runs": {
                "batter": 1,
                "extras": 0,
                "total": 1
              }
            },
            {
              "batter": "CA Lynn",
              "bowler": "PG Dooley",
              "non_striker": "MW Short",
              "runs": {
                "batter": 1,
                "extras": 0,
                "total": 1
              }
            }
          ]
        },
        {
          "over": 9,
          "deliveries": [
            {
              "batter": "CA Lynn",
              "bowler": "MJ Owen",
              "non_striker": "MW Short",
              "runs": {
                "batter": 0,
                "extras": 0,
                "total": 0
              }
            },
            {
              "batter": "CA Lynn",
              "bowler": "MJ Owen",
              "non_striker": "MW Short",
              "runs": {
                "batter": 4,
                "extras": 0,
                "total": 4
              }
            },
            {
              "batter": "CA Lynn",
              "bowler": "MJ Owen",
              "non_striker": "MW Short",
              "runs": {
                "batter": 1,
                "extras": 0,
                "total": 1
              }
            },
            {
              "batter": "MW Short",
              "bowler": "MJ Owen",
              "non_striker": "CA Lynn",
              "runs": {
                "batter": 2,
                "extras": 0,
                "total": 2
              }
            },
            {
              "batter": "MW Short",
              "bowler": "MJ Owen",
              "non_striker": "CA Lynn",
              "runs": {
                "batter": 0,
                "extras": 0,
                "total": 0
              }
            },
            {
              "batter": "MW Short",
              "bowler": "MJ Owen",
              "extras": {
                "wides": 1
              },
              "non_striker": "CA Lynn",
              "runs": {
                "batter": 0,
                "extras": 1,
                "total": 1
              }
            },
            {
              "batter": "MW Short",
              "bowler": "MJ Owen",
              "non_striker": "CA Lynn",
              "runs": {
                "batter": 1,
                "extras": 0,
                "total": 1
              }
            }
          ]
        },
        {
          "over": 10,
          "deliveries": [
            {
              "batter": "MW Short",
              "bowler": "NT Ellis",
              "non_striker": "CA Lynn",
              "runs": {
                "batter": 1,
                "extras": 0,
                "total": 1
              }
            },
            {
              "batter": "CA Lynn",
              "bowler": "NT Ellis",
              "non_striker": "MW Short",
              "runs": {
                "batter": 6,
                "extras": 0,
                "total": 6
              }
            },
            {
              "batter": "CA Lynn",
              "bowler": "NT Ellis",
              "non_striker": "MW Short",
              "runs": {
                "batter": 0,
                "extras": 0,
                "total": 0
              }
            },
            {
              "batter": "CA Lynn",
              "bowler": "NT Ellis",
              "non_striker": "MW Short",
              "runs": {
                "batter": 1,
                "extras": 0,
                "total": 1
              }
            },
            {
              "batter": "MW Short",
              "bowler": "NT Ellis",
              "non_striker": "CA Lynn",
              "runs": {
                "batter": 0,
                "extras": 0,
                "total": 0
              },
              "wickets": [
                {
                  "player_out": "MW Short",
                  "fielders": [
                    {
                      "name": "BR McDermott"
                    }
                  ],
                  "kind": "caught"
                }
              ]
            },
            {
              "batter": "AJ Hose",
              "bowler": "NT Ellis",
              "non_striker": "CA Lynn",
              "runs": {
                "batter": 4,
                "extras": 0,
                "total": 4
              }
            }
          ]
        },
        {
          "over": 11,
          "deliveries": [
            {
              "batter": "CA Lynn",
              "bowler": "PG Dooley",
              "non_striker": "AJ Hose",
              "runs": {
                "batter": 0,
                "extras": 0,
                "total": 0
              }
            },
            {
              "batter": "CA Lynn",
              "bowler": "PG Dooley",
              "non_striker": "AJ Hose",
              "runs": {
                "batter": 1,
                "extras": 0,
                "total": 1
              }
            },
            {
              "batter": "AJ Hose",
              "bowler": "PG Dooley",
              "non_striker": "CA Lynn",
              "runs": {
                "batter": 1,
                "extras": 0,
                "total": 1
              }
            },
            {
              "batter": "CA Lynn",
              "bowler": "PG Dooley",
              "non_striker": "AJ Hose",
              "runs": {
                "batter": 0,
                "extras": 0,
                "total": 0
              }
            },
            {
              "batter": "CA Lynn",
              "bowler": "PG Dooley",
              "non_striker": "AJ Hose",
              "runs": {
                "batter": 1,
                "extras": 0,
                "total": 1
              }
            },
            {
              "batter": "AJ Hose",
              "bowler": "PG Dooley",
              "non_striker": "CA Lynn",
              "runs": {
                "batter": 0,
                "extras": 0,
                "total": 0
              },
              "wickets": [
                {
                  "player_out": "AJ Hose",
                  "kind": "bowled"
                }
              ]
            }
          ]
        },
        {
          "over": 12,
          "deliveries": [
            {
              "batter": "CA Lynn",
              "bowler": "RP Meredith",
              "non_striker": "C de Grandhomme",
              "runs": {
                "batter": 1,
                "extras": 0,
                "total": 1
              }
            },
            {
              "batter": "C de Grandhomme",
              "bowler": "RP Meredith",
              "extras": {
                "wides": 1
              },
              "non_striker": "CA Lynn",
              "runs": {
                "batter": 0,
                "extras": 1,
                "total": 1
              }
            },
            {
              "batter": "C de Grandhomme",
              "bowler": "RP Meredith",
              "non_striker": "CA Lynn",
              "runs": {
                "batter": 0,
                "extras": 0,
                "total": 0
              }
            },
            {
              "batter": "C de Grandhomme",
              "bowler": "RP Meredith",
              "non_striker": "CA Lynn",
              "runs": {
                "batter": 4,
                "extras": 0,
                "total": 4
              }
            },
            {
              "batter": "C de Grandhomme",
              "bowler": "RP Meredith",
              "extras": {
                "legbyes": 1
              },
              "non_striker": "CA Lynn",
              "runs": {
                "batter": 0,
                "extras": 1,
                "total": 1
              }
            },
            {
              "batter": "CA Lynn",
              "bowler": "RP Meredith",
              "non_striker": "C de Grandhomme",
              "runs": {
                "batter": 0,
                "extras": 0,
                "total": 0
              }
            },
            {
              "batter": "CA Lynn",
              "bowler": "RP Meredith",
              "non_striker": "C de Grandhomme",
              "runs": {
                "batter": 1,
                "extras": 0,
                "total": 1
              }
            }
          ]
        },
        {
          "over": 13,
          "deliveries": [
            {
              "batter": "CA Lynn",
              "bowler": "DJM Short",
              "non_striker": "C de Grandhomme",
              "runs": {
                "batter": 6,
                "extras": 0,
                "total": 6
              }
            },
            {
              "batter": "CA Lynn",
              "bowler": "DJM Short",
              "non_striker": "C de Grandhomme",
              "runs": {
                "batter": 4,
                "extras": 0,
                "total": 4
              }
            },
            {
              "batter": "CA Lynn",
              "bowler": "DJM Short",
              "non_striker": "C de Grandhomme",
              "runs": {
                "batter": 4,
                "extras": 0,
                "total": 4
              }
            },
            {
              "batter": "CA Lynn",
              "bowler": "DJM Short",
              "non_striker": "C de Grandhomme",
              "runs": {
                "batter": 0,
                "extras": 0,
                "total": 0
              }
            },
            {
              "batter": "CA Lynn",
              "bowler": "DJM Short",
              "non_striker": "C de Grandhomme",
              "runs": {
                "batter": 1,
                "extras": 0,
                "total": 1
              }
            },
            {
              "batter": "C de Grandhomme",
              "bowler": "DJM Short",
              "non_striker": "CA Lynn",
              "runs": {
                "batter": 1,
                "extras": 0,
                "total": 1
              }
            }
          ]
        },
        {
          "over": 14,
          "deliveries": [
            {
              "batter": "C de Grandhomme",
              "bowler": "Faheem Ashraf",
              "non_striker": "CA Lynn",
              "runs": {
                "batter": 1,
                "extras": 0,
                "total": 1
              }
            },
            {
              "batter": "CA Lynn",
              "bowler": "Faheem Ashraf",
              "extras": {
                "wides": 1
              },
              "non_striker": "C de Grandhomme",
              "runs": {
                "batter": 0,
                "extras": 1,
                "total": 1
              }
            },
            {
              "batter": "CA Lynn",
              "bowler": "Faheem Ashraf",
              "non_striker": "C de Grandhomme",
              "runs": {
                "batter": 1,
                "extras": 0,
                "total": 1
              }
            },
            {
              "batter": "C de Grandhomme",
              "bowler": "Faheem Ashraf",
              "non_striker": "CA Lynn",
              "runs": {
                "batter": 1,
                "extras": 0,
                "total": 1
              }
            },
            {
              "batter": "CA Lynn",
              "bowler": "Faheem Ashraf",
              "non_striker": "C de Grandhomme",
              "runs": {
                "batter": 1,
                "extras": 0,
                "total": 1
              }
            },
            {
              "batter": "C de Grandhomme",
              "bowler": "Faheem Ashraf",
              "non_striker": "CA Lynn",
              "runs": {
                "batter": 0,
                "extras": 0,
                "total": 0
              }
            },
            {
              "batter": "C de Grandhomme",
              "bowler": "Faheem Ashraf",
              "non_striker": "CA Lynn",
              "runs": {
                "batter": 1,
                "extras": 0,
                "total": 1
              }
            }
          ]
        },
        {
          "over": 15,
          "deliveries": [
            {
              "batter": "C de Grandhomme",
              "bowler": "RP Meredith",
              "non_striker": "CA Lynn",
              "runs": {
                "batter": 4,
                "extras": 0,
                "total": 4
              }
            },
            {
              "batter": "C de Grandhomme",
              "bowler": "RP Meredith",
              "non_striker": "CA Lynn",
              "runs": {
                "batter": 1,
                "extras": 0,
                "total": 1
              }
            },
            {
              "batter": "CA Lynn",
              "bowler": "RP Meredith",
              "non_striker": "C de Grandhomme",
              "runs": {
                "batter": 0,
                "extras": 0,
                "total": 0
              }
            },
            {
              "batter": "CA Lynn",
              "bowler": "RP Meredith",
              "non_striker": "C de Grandhomme",
              "runs": {
                "batter": 4,
                "extras": 0,
                "total": 4
              }
            },
            {
              "batter": "CA Lynn",
              "bowler": "RP Meredith",
              "non_striker": "C de Grandhomme",
              "runs": {
                "batter": 2,
                "extras": 0,
                "total": 2
              }
            },
            {
              "batter": "CA Lynn",
              "bowler": "RP Meredith",
              "non_striker": "C de Grandhomme",
              "runs": {
                "batter": 1,
                "extras": 0,
                "total": 1
              }
            }
          ]
        },
        {
          "over": 16,
          "deliveries": [
            {
              "batter": "CA Lynn",
              "bowler": "NT Ellis",
              "non_striker": "C de Grandhomme",
              "runs": {
                "batter": 0,
                "extras": 0,
                "total": 0
              }
            },
            {
              "batter": "CA Lynn",
              "bowler": "NT Ellis",
              "non_striker": "C de Grandhomme",
              "runs": {
                "batter": 2,
                "extras": 0,
                "total": 2
              }
            },
            {
              "batter": "CA Lynn",
              "bowler": "NT Ellis",
              "non_striker": "C de Grandhomme",
              "runs": {
                "batter": 4,
                "extras": 0,
                "total": 4
              }
            },
            {
              "batter": "CA Lynn",
              "bowler": "NT Ellis",
              "non_striker": "C de Grandhomme",
              "runs": {
                "batter": 1,
                "extras": 0,
                "total": 1
              }
            },
            {
              "batter": "C de Grandhomme",
              "bowler": "NT Ellis",
              "non_striker": "CA Lynn",
              "runs": {
                "batter": 2,
                "extras": 0,
                "total": 2
              }
            },
            {
              "batter": "C de Grandhomme",
              "bowler": "NT Ellis",
              "non_striker": "CA Lynn",
              "runs": {
                "batter": 4,
                "extras": 0,
                "total": 4
              }
            }
          ]
        },
        {
          "over": 17,
          "deliveries": [
            {
              "batter": "CA Lynn",
              "bowler": "Faheem Ashraf",
              "non_striker": "C de Grandhomme",
              "runs": {
                "batter": 6,
                "extras": 0,
                "total": 6
              }
            },
            {
              "batter": "CA Lynn",
              "bowler": "Faheem Ashraf",
              "non_striker": "C de Grandhomme",
              "runs": {
                "batter": 1,
                "extras": 0,
                "total": 1
              }
            },
            {
              "batter": "C de Grandhomme",
              "bowler": "Faheem Ashraf",
              "non_striker": "CA Lynn",
              "runs": {
                "batter": 4,
                "extras": 0,
                "total": 4
              }
            },
            {
              "batter": "C de Grandhomme",
              "bowler": "Faheem Ashraf",
              "non_striker": "CA Lynn",
              "runs": {
                "batter": 1,
                "extras": 0,
                "total": 1
              }
            },
            {
              "batter": "CA Lynn",
              "bowler": "Faheem Ashraf",
              "non_striker": "C de Grandhomme",
              "runs": {
                "batter": 1,
                "extras": 0,
                "total": 1
              }
            },
            {
              "batter": "C de Grandhomme",
              "bowler": "Faheem Ashraf",
              "non_striker": "CA Lynn",
              "runs": {
                "batter": 1,
                "extras": 0,
                "total": 1
              }
            }
          ]
        },
        {
          "over": 18,
          "deliveries": [
            {
              "batter": "C de Grandhomme",
              "bowler": "NT Ellis",
              "extras": {
                "wides": 1
              },
              "non_striker": "CA Lynn",
              "runs": {
                "batter": 0,
                "extras": 1,
                "total": 1
              }
            },
            {
              "batter": "C de Grandhomme",
              "bowler": "NT Ellis",
              "non_striker": "CA Lynn",
              "runs": {
                "batter": 4,
                "extras": 0,
                "total": 4
              }
            },
            {
              "batter": "C de Grandhomme",
              "bowler": "NT Ellis",
              "non_striker": "CA Lynn",
              "runs": {
                "batter": 1,
                "extras": 0,
                "total": 1
              }
            },
            {
              "batter": "CA Lynn",
              "bowler": "NT Ellis",
              "non_striker": "C de Grandhomme",
              "runs": {
                "batter": 2,
                "extras": 0,
                "total": 2
              }
            },
            {
              "batter": "CA Lynn",
              "bowler": "NT Ellis",
              "non_striker": "C de Grandhomme",
              "runs": {
                "batter": 1,
                "extras": 0,
                "total": 1
              }
            },
            {
              "batter": "C de Grandhomme",
              "bowler": "NT Ellis",
              "non_striker": "CA Lynn",
              "runs": {
                "batter": 0,
                "extras": 0,
                "total": 0
              },
              "wickets": [
                {
                  "player_out": "C de Grandhomme",
                  "fielders": [
                    {
                      "name": "DJM Short"
                    }
                  ],
                  "kind": "caught"
                }
              ]
            },
            {
              "batter": "Rashid Khan",
              "bowler": "NT Ellis",
              "extras": {
                "wides": 1
              },
              "non_striker": "CA Lynn",
              "runs": {
                "batter": 0,
                "extras": 1,
                "total": 1
              }
            },
            {
              "batter": "Rashid Khan",
              "bowler": "NT Ellis",
              "non_striker": "CA Lynn",
              "runs": {
                "batter": 1,
                "extras": 0,
                "total": 1
              }
            }
          ]
        },
        {
          "over": 19,
          "deliveries": [
            {
              "batter": "Rashid Khan",
              "bowler": "MJ Owen",
              "non_striker": "CA Lynn",
              "runs": {
                "batter": 1,
                "extras": 0,
                "total": 1
              }
            },
            {
              "batter": "CA Lynn",
              "bowler": "MJ Owen",
              "non_striker": "Rashid Khan",
              "runs": {
                "batter": 4,
                "extras": 0,
                "total": 4
              }
            },
            {
              "batter": "CA Lynn",
              "bowler": "MJ Owen",
              "non_striker": "Rashid Khan",
              "runs": {
                "batter": 0,
                "extras": 0,
                "total": 0
              },
              "wickets": [
                {
                  "player_out": "CA Lynn",
                  "fielders": [
                    {
                      "name": "CP Jewell"
                    }
                  ],
                  "kind": "caught"
                }
              ]
            },
            {
              "batter": "T Kelly",
              "bowler": "MJ Owen",
              "non_striker": "Rashid Khan",
              "runs": {
                "batter": 2,
                "extras": 0,
                "total": 2
              }
            },
            {
              "batter": "T Kelly",
              "bowler": "MJ Owen",
              "non_striker": "Rashid Khan",
              "runs": {
                "batter": 1,
                "extras": 0,
                "total": 1
              }
            },
            {
              "batter": "Rashid Khan",
              "bowler": "MJ Owen",
              "non_striker": "T Kelly",
              "runs": {
                "batter": 0,
                "extras": 0,
                "total": 0
              },
              "wickets": [
                {
                  "player_out": "Rashid Khan",
                  "fielders": [
                    {
                      "name": "MS Wade"
                    },
                    {
                      "name": "MJ Owen"
                    }
                  ],
                  "kind": "run out"
                }
              ]
            }
          ]
        }
      ],
      "powerplays": [
        {
          "from": 0.1,
          "to": 3.6,
          "type": "mandatory"
        },
        {
          "from": 10.1,
          "to": 11.6,
          "type": "batting"
        }
      ]
    },
    {
      "team": "Hobart Hurricanes",
      "overs": [
        {
          "over": 0,
          "deliveries": [
            {
              "batter": "CP Jewell",
              "bowler": "HNA Conway",
              "non_striker": "BR McDermott",
              "runs": {
                "batter": 1,
                "extras": 0,
                "total": 1
              }
            },
            {
              "batter": "BR McDermott",
              "bowler": "HNA Conway",
              "non_striker": "CP Jewell",
              "runs": {
                "batter": 0,
                "extras": 0,
                "total": 0
              }
            },
            {
              "batter": "BR McDermott",
              "bowler": "HNA Conway",
              "non_striker": "CP Jewell",
              "runs": {
                "batter": 0,
                "extras": 0,
                "total": 0
              }
            },
            {
              "batter": "BR McDermott",
              "bowler": "HNA Conway",
              "non_striker": "CP Jewell",
              "runs": {
                "batter": 0,
                "extras": 0,
                "total": 0
              }
            },
            {
              "batter": "BR McDermott",
              "bowler": "HNA Conway",
              "non_striker": "CP Jewell",
              "runs": {
                "batter": 1,
                "extras": 0,
                "total": 1
              }
            },
            {
              "batter": "CP Jewell",
              "bowler": "HNA Conway",
              "non_striker": "BR McDermott",
              "runs": {
                "batter": 6,
                "extras": 0,
                "total": 6
              }
            }
          ]
        },
        {
          "over": 1,
          "deliveries": [
            {
              "batter": "BR McDermott",
              "bowler": "MW Short",
              "non_striker": "CP Jewell",
              "runs": {
                "batter": 4,
                "extras": 0,
                "total": 4
              }
            },
            {
              "batter": "BR McDermott",
              "bowler": "MW Short",
              "non_striker": "CP Jewell",
              "runs": {
                "batter": 2,
                "extras": 0,
                "total": 2
              }
            },
            {
              "batter": "BR McDermott",
              "bowler": "MW Short",
              "non_striker": "CP Jewell",
              "runs": {
                "batter": 0,
                "extras": 0,
                "total": 0
              }
            },
            {
              "batter": "BR McDermott",
              "bowler": "MW Short",
              "non_striker": "CP Jewell",
              "runs": {
                "batter": 4,
                "extras": 0,
                "total": 4
              }
            },
            {
              "batter": "BR McDermott",
              "bowler": "MW Short",
              "non_striker": "CP Jewell",
              "runs": {
                "batter": 1,
                "extras": 0,
                "total": 1
              }
            },
            {
              "batter": "CP Jewell",
              "bowler": "MW Short",
              "non_striker": "BR McDermott",
              "runs": {
                "batter": 0,
                "extras": 0,
                "total": 0
              }
            }
          ]
        },
        {
          "over": 2,
          "deliveries": [
            {
              "batter": "BR McDermott",
              "bowler": "WA Agar",
              "non_striker": "CP Jewell",
              "runs": {
                "batter": 0,
                "extras": 0,
                "total": 0
              }
            },
            {
              "batter": "BR McDermott",
              "bowler": "WA Agar",
              "extras": {
                "wides": 1
              },
              "non_striker": "CP Jewell",
              "runs": {
                "batter": 0,
                "extras": 1,
                "total": 1
              }
            },
            {
              "batter": "BR McDermott",
              "bowler": "WA Agar",
              "non_striker": "CP Jewell",
              "runs": {
                "batter": 1,
                "extras": 0,
                "total": 1
              }
            },
            {
              "batter": "CP Jewell",
              "bowler": "WA Agar",
              "non_striker": "BR McDermott",
              "runs": {
                "batter": 4,
                "extras": 0,
                "total": 4
              }
            },
            {
              "batter": "CP Jewell",
              "bowler": "WA Agar",
              "non_striker": "BR McDermott",
              "runs": {
                "batter": 4,
                "extras": 0,
                "total": 4
              }
            },
            {
              "batter": "CP Jewell",
              "bowler": "WA Agar",
              "non_striker": "BR McDermott",
              "runs": {
                "batter": 2,
                "extras": 0,
                "total": 2
              }
            },
            {
              "batter": "CP Jewell",
              "bowler": "WA Agar",
              "non_striker": "BR McDermott",
              "runs": {
                "batter": 1,
                "extras": 0,
                "total": 1
              }
            }
          ]
        },
        {
          "over": 3,
          "deliveries": [
            {
              "batter": "CP Jewell",
              "bowler": "MW Short",
              "non_striker": "BR McDermott",
              "runs": {
                "batter": 0,
                "extras": 0,
                "total": 0
              }
            },
            {
              "batter": "CP Jewell",
              "bowler": "MW Short",
              "non_striker": "BR McDermott",
              "runs": {
                "batter": 4,
                "extras": 0,
                "total": 4
              }
            },
            {
              "batter": "CP Jewell",
              "bowler": "MW Short",
              "non_striker": "BR McDermott",
              "runs": {
                "batter": 1,
                "extras": 0,
                "total": 1
              }
            },
            {
              "batter": "BR McDermott",
              "bowler": "MW Short",
              "non_striker": "CP Jewell",
              "runs": {
                "batter": 1,
                "extras": 0,
                "total": 1
              }
            },
            {
              "batter": "CP Jewell",
              "bowler": "MW Short",
              "non_striker": "BR McDermott",
              "runs": {
                "batter": 0,
                "extras": 0,
                "total": 0
              }
            },
            {
              "batter": "CP Jewell",
              "bowler": "MW Short",
              "non_striker": "BR McDermott",
              "runs": {
                "batter": 6,
                "extras": 0,
                "total": 6
              }
            }
          ]
        },
        {
          "over": 4,
          "deliveries": [
            {
              "batter": "BR McDermott",
              "bowler": "Rashid Khan",
              "non_striker": "CP Jewell",
              "runs": {
                "batter": 1,
                "extras": 0,
                "total": 1
              }
            },
            {
              "batter": "CP Jewell",
              "bowler": "Rashid Khan",
              "non_striker": "BR McDermott",
              "runs": {
                "batter": 0,
                "extras": 0,
                "total": 0
              }
            },
            {
              "batter": "CP Jewell",
              "bowler": "Rashid Khan",
              "non_striker": "BR McDermott",
              "runs": {
                "batter": 0,
                "extras": 0,
                "total": 0
              }
            },
            {
              "batter": "CP Jewell",
              "bowler": "Rashid Khan",
              "non_striker": "BR McDermott",
              "runs": {
                "batter": 1,
                "extras": 0,
                "total": 1
              }
            },
            {
              "batter": "BR McDermott",
              "bowler": "Rashid Khan",
              "non_striker": "CP Jewell",
              "runs": {
                "batter": 4,
                "extras": 0,
                "total": 4
              }
            },
            {
              "batter": "BR McDermott",
              "bowler": "Rashid Khan",
              "non_striker": "CP Jewell",
              "runs": {
                "batter": 1,
                "extras": 0,
                "total": 1
              }
            }
          ]
        },
        {
          "over": 5,
          "deliveries": [
            {
              "batter": "BR McDermott",
              "bowler": "C de Grandhomme",
              "non_striker": "CP Jewell",
              "runs": {
                "batter": 1,
                "extras": 0,
                "total": 1
              }
            },
            {
              "batter": "CP Jewell",
              "bowler": "C de Grandhomme",
              "non_striker": "BR McDermott",
              "runs": {
                "batter": 6,
                "extras": 0,
                "total": 6
              }
            },
            {
              "batter": "CP Jewell",
              "bowler": "C de Grandhomme",
              "extras": {
                "noballs": 1
              },
              "non_striker": "BR McDermott",
              "runs": {
                "batter": 1,
                "extras": 1,
                "total": 2
              }
            },
            {
              "batter": "BR McDermott",
              "bowler": "C de Grandhomme",
              "non_striker": "CP Jewell",
              "runs": {
                "batter": 2,
                "extras": 0,
                "total": 2
              }
            },
            {
              "batter": "BR McDermott",
              "bowler": "C de Grandhomme",
              "non_striker": "CP Jewell",
              "runs": {
                "batter": 1,
                "extras": 0,
                "total": 1
              }
            },
            {
              "batter": "CP Jewell",
              "bowler": "C de Grandhomme",
              "non_striker": "BR McDermott",
              "runs": {
                "batter": 1,
                "extras": 0,
                "total": 1
              }
            },
            {
              "batter": "BR McDermott",
              "bowler": "C de Grandhomme",
              "non_striker": "CP Jewell",
              "runs": {
                "batter": 4,
                "extras": 0,
                "total": 4
              }
            }
          ]
        },
        {
          "over": 6,
          "deliveries": [
            {
              "batter": "CP Jewell",
              "bowler": "PM Siddle",
              "non_striker": "BR McDermott",
              "runs": {
                "batter": 1,
                "extras": 0,
                "total": 1
              }
            },
            {
              "batter": "BR McDermott",
              "bowler": "PM Siddle",
              "non_striker": "CP Jewell",
              "runs": {
                "batter": 1,
                "extras": 0,
                "total": 1
              }
            },
            {
              "batter": "CP Jewell",
              "bowler": "PM Siddle",
              "non_striker": "BR McDermott",
              "runs": {
                "batter": 1,
                "extras": 0,
                "total": 1
              }
            },
            {
              "batter": "BR McDermott",
              "bowler": "PM Siddle",
              "non_striker": "CP Jewell",
              "runs": {
                "batter": 0,
                "extras": 0,
                "total": 0
              }
            },
            {
              "batter": "BR McDermott",
              "bowler": "PM Siddle",
              "non_striker": "CP Jewell",
              "runs": {
                "batter": 1,
                "extras": 0,
                "total": 1
              }
            },
            {
              "batter": "CP Jewell",
              "bowler": "PM Siddle",
              "non_striker": "BR McDermott",
              "runs": {
                "batter": 1,
                "extras": 0,
                "total": 1
              }
            }
          ]
        },
        {
          "over": 7,
          "deliveries": [
            {
              "batter": "CP Jewell",
              "bowler": "Rashid Khan",
              "non_striker": "BR McDermott",
              "runs": {
                "batter": 4,
                "extras": 0,
                "total": 4
              }
            },
            {
              "batter": "CP Jewell",
              "bowler": "Rashid Khan",
              "non_striker": "BR McDermott",
              "runs": {
                "batter": 0,
                "extras": 0,
                "total": 0
              }
            },
            {
              "batter": "CP Jewell",
              "bowler": "Rashid Khan",
              "non_striker": "BR McDermott",
              "runs": {
                "batter": 2,
                "extras": 0,
                "total": 2
              }
            },
            {
              "batter": "CP Jewell",
              "bowler": "Rashid Khan",
              "non_striker": "BR McDermott",
              "runs": {
                "batter": 6,
                "extras": 0,
                "total": 6
              }
            },
            {
              "batter": "CP Jewell",
              "bowler": "Rashid Khan",
              "non_striker": "BR McDermott",
              "runs": {
                "batter": 0,
                "extras": 0,
                "total": 0
              }
            },
            {
              "batter": "CP Jewell",
              "bowler": "Rashid Khan",
              "non_striker": "BR McDermott",
              "runs": {
                "batter": 1,
                "extras": 0,
                "total": 1
              }
            }
          ]
        },
        {
          "over": 8,
          "deliveries": [
            {
              "batter": "CP Jewell",
              "bowler": "PM Siddle",
              "non_striker": "BR McDermott",
              "runs": {
                "batter": 0,
                "extras": 0,
                "total": 0
              },
              "wickets": [
                {
                  "player_out": "CP Jewell",
                  "kind": "bowled"
                }
              ]
            },
            {
              "batter": "MS Wade",
              "bowler": "PM Siddle",
              "non_striker": "BR McDermott",
              "runs": {
                "batter": 0,
                "extras": 0,
                "total": 0
              }
            },
            {
              "batter": "MS Wade",
              "bowler": "PM Siddle",
              "non_striker": "BR McDermott",
              "runs": {
                "batter": 1,
                "extras": 0,
                "total": 1
              }
            },
            {
              "batter": "BR McDermott",
              "bowler": "PM Siddle",
              "non_striker": "MS Wade",
              "runs": {
                "batter": 1,
                "extras": 0,
                "total": 1
              }
            },
            {
              "batter": "MS Wade",
              "bowler": "PM Siddle",
              "non_striker": "BR McDermott",
              "runs": {
                "batter": 1,
                "extras": 0,
                "total": 1
              }
            },
            {
              "batter": "BR McDermott",
              "bowler": "PM Siddle",
              "non_striker": "MS Wade",
              "runs": {
                "batter": 2,
                "extras": 0,
                "total": 2
              }
            }
          ]
        },
        {
          "over": 9,
          "deliveries": [
            {
              "batter": "MS Wade",
              "bowler": "MW Short",
              "non_striker": "BR McDermott",
              "runs": {
                "batter": 1,
                "extras": 0,
                "total": 1
              }
            },
            {
              "batter": "BR McDermott",
              "bowler": "MW Short",
              "non_striker": "MS Wade",
              "runs": {
                "batter": 4,
                "extras": 0,
                "total": 4
              }
            },
            {
              "batter": "BR McDermott",
              "bowler": "MW Short",
              "non_striker": "MS Wade",
              "runs": {
                "batter": 0,
                "extras": 0,
                "total": 0
              }
            },
            {
              "batter": "BR McDermott",
              "bowler": "MW Short",
              "non_striker": "MS Wade",
              "runs": {
                "batter": 6,
                "extras": 0,
                "total": 6
              }
            },
            {
              "batter": "BR McDermott",
              "bowler": "MW Short",
              "non_striker": "MS Wade",
              "runs": {
                "batter": 1,
                "extras": 0,
                "total": 1
              }
            },
            {
              "batter": "MS Wade",
              "bowler": "MW Short",
              "non_striker": "BR McDermott",
              "runs": {
                "batter": 1,
                "extras": 0,
                "total": 1
              }
            }
          ]
        },
        {
          "over": 10,
          "deliveries": [
            {
              "batter": "MS Wade",
              "bowler": "Rashid Khan",
              "non_striker": "BR McDermott",
              "runs": {
                "batter": 1,
                "extras": 0,
                "total": 1
              }
            },
            {
              "batter": "BR McDermott",
              "bowler": "Rashid Khan",
              "non_striker": "MS Wade",
              "runs": {
                "batter": 6,
                "extras": 0,
                "total": 6
              }
            },
            {
              "batter": "BR McDermott",
              "bowler": "Rashid Khan",
              "non_striker": "MS Wade",
              "runs": {
                "batter": 1,
                "extras": 0,
                "total": 1
              }
            },
            {
              "batter": "MS Wade",
              "bowler": "Rashid Khan",
              "non_striker": "BR McDermott",
              "runs": {
                "batter": 0,
                "extras": 0,
                "total": 0
              }
            },
            {
              "batter": "MS Wade",
              "bowler": "Rashid Khan",
              "non_striker": "BR McDermott",
              "runs": {
                "batter": 4,
                "extras": 0,
                "total": 4
              }
            },
            {
              "batter": "MS Wade",
              "bowler": "Rashid Khan",
              "non_striker": "BR McDermott",
              "runs": {
                "batter": 0,
                "extras": 0,
                "total": 0
              },
              "wickets": [
                {
                  "player_out": "MS Wade",
                  "fielders": [
                    {
                      "name": "AJ Hose"
                    }
                  ],
                  "kind": "caught"
                }
              ]
            }
          ]
        },
        {
          "over": 11,
          "deliveries": [
            {
              "batter": "BR McDermott",
              "bowler": "WA Agar",
              "non_striker": "DJM Short",
              "runs": {
                "batter": 1,
                "extras": 0,
                "total": 1
              }
            },
            {
              "batter": "DJM Short",
              "bowler": "WA Agar",
              "non_striker": "BR McDermott",
              "runs": {
                "batter": 1,
                "extras": 0,
                "total": 1
              }
            },
            {
              "batter": "BR McDermott",
              "bowler": "WA Agar",
              "non_striker": "DJM Short",
              "runs": {
                "batter": 1,
                "extras": 0,
                "total": 1
              }
            },
            {
              "batter": "DJM Short",
              "bowler": "WA Agar",
              "extras": {
                "wides": 1
              },
              "non_striker": "BR McDermott",
              "runs": {
                "batter": 0,
                "extras": 1,
                "total": 1
              }
            },
            {
              "batter": "DJM Short",
              "bowler": "WA Agar",
              "extras": {
                "wides": 1
              },
              "non_striker": "BR McDermott",
              "runs": {
                "batter": 0,
                "extras": 1,
                "total": 1
              }
            },
            {
              "batter": "DJM Short",
              "bowler": "WA Agar",
              "non_striker": "BR McDermott",
              "runs": {
                "batter": 4,
                "extras": 0,
                "total": 4
              }
            },
            {
              "batter": "DJM Short",
              "bowler": "WA Agar",
              "non_striker": "BR McDermott",
              "runs": {
                "batter": 1,
                "extras": 0,
                "total": 1
              }
            },
            {
              "batter": "BR McDermott",
              "bowler": "WA Agar",
              "non_striker": "DJM Short",
              "runs": {
                "batter": 0,
                "extras": 0,
                "total": 0
              },
              "wickets": [
                {
                  "player_out": "BR McDermott",
                  "kind": "bowled"
                }
              ]
            }
          ]
        },
        {
          "over": 12,
          "deliveries": [
            {
              "batter": "DJM Short",
              "bowler": "HNA Conway",
              "non_striker": "TH David",
              "runs": {
                "batter": 0,
                "extras": 0,
                "total": 0
              }
            },
            {
              "batter": "DJM Short",
              "bowler": "HNA Conway",
              "non_striker": "TH David",
              "runs": {
                "batter": 1,
                "extras": 0,
                "total": 1
              }
            },
            {
              "batter": "TH David",
              "bowler": "HNA Conway",
              "extras": {
                "wides": 1
              },
              "non_striker": "DJM Short",
              "runs": {
                "batter": 0,
                "extras": 1,
                "total": 1
              }
            },
            {
              "batter": "TH David",
              "bowler": "HNA Conway",
              "non_striker": "DJM Short",
              "runs": {
                "batter": 1,
                "extras": 0,
                "total": 1
              }
            },
            {
              "batter": "DJM Short",
              "bowler": "HNA Conway",
              "non_striker": "TH David",
              "runs": {
                "batter": 1,
                "extras": 0,
                "total": 1
              }
            },
            {
              "batter": "TH David",
              "bowler": "HNA Conway",
              "non_striker": "DJM Short",
              "runs": {
                "batter": 1,
                "extras": 0,
                "total": 1
              }
            },
            {
              "batter": "DJM Short",
              "bowler": "HNA Conway",
              "non_striker": "TH David",
              "runs": {
                "batter": 1,
                "extras": 0,
                "total": 1
              }
            }
          ]
        },
        {
          "over": 13,
          "deliveries": [
            {
              "batter": "DJM Short",
              "bowler": "PM Siddle",
              "non_striker": "TH David",
              "runs": {
                "batter": 1,
                "extras": 0,
                "total": 1
              }
            },
            {
              "batter": "TH David",
              "bowler": "PM Siddle",
              "non_striker": "DJM Short",
              "runs": {
                "batter": 0,
                "extras": 0,
                "total": 0
              }
            },
            {
              "batter": "TH David",
              "bowler": "PM Siddle",
              "extras": {
                "wides": 1
              },
              "non_striker": "DJM Short",
              "runs": {
                "batter": 0,
                "extras": 1,
                "total": 1
              }
            },
            {
              "batter": "TH David",
              "bowler": "PM Siddle",
              "non_striker": "DJM Short",
              "runs": {
                "batter": 1,
                "extras": 0,
                "total": 1
              }
            },
            {
              "batter": "DJM Short",
              "bowler": "PM Siddle",
              "non_striker": "TH David",
              "runs": {
                "batter": 0,
                "extras": 0,
                "total": 0
              }
            },
            {
              "batter": "DJM Short",
              "bowler": "PM Siddle",
              "non_striker": "TH David",
              "runs": {
                "batter": 0,
                "extras": 0,
                "total": 0
              }
            },
            {
              "batter": "DJM Short",
              "bowler": "PM Siddle",
              "non_striker": "TH David",
              "runs": {
                "batter": 4,
                "extras": 0,
                "total": 4
              }
            }
          ]
        },
        {
          "over": 14,
          "deliveries": [
            {
              "batter": "TH David",
              "bowler": "Rashid Khan",
              "non_striker": "DJM Short",
              "runs": {
                "batter": 4,
                "extras": 0,
                "total": 4
              }
            },
            {
              "batter": "TH David",
              "bowler": "Rashid Khan",
              "non_striker": "DJM Short",
              "runs": {
                "batter": 4,
                "extras": 0,
                "total": 4
              }
            },
            {
              "batter": "TH David",
              "bowler": "Rashid Khan",
              "non_striker": "DJM Short",
              "runs": {
                "batter": 1,
                "extras": 0,
                "total": 1
              }
            },
            {
              "batter": "DJM Short",
              "bowler": "Rashid Khan",
              "non_striker": "TH David",
              "runs": {
                "batter": 1,
                "extras": 0,
                "total": 1
              }
            },
            {
              "batter": "TH David",
              "bowler": "Rashid Khan",
              "extras": {
                "legbyes": 1
              },
              "non_striker": "DJM Short",
              "runs": {
                "batter": 0,
                "extras": 1,
                "total": 1
              }
            },
            {
              "batter": "DJM Short",
              "bowler": "Rashid Khan",
              "non_striker": "TH David",
              "runs": {
                "batter": 1,
                "extras": 0,
                "total": 1
              }
            }
          ]
        },
        {
          "over": 15,
          "deliveries": [
            {
              "batter": "DJM Short",
              "bowler": "PM Siddle",
              "non_striker": "TH David",
              "runs": {
                "batter": 0,
                "extras": 0,
                "total": 0
              }
            },
            {
              "batter": "DJM Short",
              "bowler": "PM Siddle",
              "non_striker": "TH David",
              "runs": {
                "batter": 1,
                "extras": 0,
                "total": 1
              }
            },
            {
              "batter": "TH David",
              "bowler": "PM Siddle",
              "non_striker": "DJM Short",
              "runs": {
                "batter": 1,
                "extras": 0,
                "total": 1
              }
            },
            {
              "batter": "DJM Short",
              "bowler": "PM Siddle",
              "non_striker": "TH David",
              "runs": {
                "batter": 0,
                "extras": 0,
                "total": 0
              }
            },
            {
              "batter": "DJM Short",
              "bowler": "PM Siddle",
              "non_striker": "TH David",
              "runs": {
                "batter": 1,
                "extras": 0,
                "total": 1
              }
            },
            {
              "batter": "TH David",
              "bowler": "PM Siddle",
              "non_striker": "DJM Short",
              "runs": {
                "batter": 1,
                "extras": 0,
                "total": 1
              }
            }
          ]
        },
        {
          "over": 16,
          "deliveries": [
            {
              "batter": "TH David",
              "bowler": "WA Agar",
              "non_striker": "DJM Short",
              "runs": {
                "batter": 1,
                "extras": 0,
                "total": 1
              }
            },
            {
              "batter": "DJM Short",
              "bowler": "WA Agar",
              "non_striker": "TH David",
              "runs": {
                "batter": 4,
                "extras": 0,
                "total": 4
              }
            },
            {
              "batter": "DJM Short",
              "bowler": "WA Agar",
              "non_striker": "TH David",
              "runs": {
                "batter": 4,
                "extras": 0,
                "total": 4
              }
            },
            {
              "batter": "DJM Short",
              "bowler": "WA Agar",
              "extras": {
                "legbyes": 1
              },
              "non_striker": "TH David",
              "runs": {
                "batter": 0,
                "extras": 1,
                "total": 1
              }
            },
            {
              "batter": "TH David",
              "bowler": "WA Agar",
              "non_striker": "DJM Short",
              "runs": {
                "batter": 6,
                "extras": 0,
                "total": 6
              }
            },
            {
              "batter": "TH David",
              "bowler": "WA Agar",
              "non_striker": "DJM Short",
              "runs": {
                "batter": 6,
                "extras": 0,
                "total": 6
              }
            }
          ]
        },
        {
          "over": 17,
          "deliveries": [
            {
              "batter": "DJM Short",
              "bowler": "HNA Conway",
              "non_striker": "TH David",
              "runs": {
                "batter": 0,
                "extras": 0,
                "total": 0
              }
            },
            {
              "batter": "DJM Short",
              "bowler": "HNA Conway",
              "non_striker": "TH David",
              "runs": {
                "batter": 1,
                "extras": 0,
                "total": 1
              }
            }
          ]
        }
      ],
      "powerplays": [
        {
          "from": 0.1,
          "to": 3.6,
          "type": "mandatory"
        },
        {
          "from": 10.1,
          "to": 11.8,
          "type": "batting"
        }
      ],
      "target": {
        "overs": 20,
        "runs": 178
      }
    }
  ]
}