{
  "meta": {
    "data_version": "1.1.0",
    "created": "2023-01-17",
    "revision": 1
  },
  "info": {
    "balls_per_over": 6,
    "city": "Coffs Harbour",
    "dates": [
      "2023-01-17"
    ],
    "event": {
      "name": "Big Bash League",
      "match_number": 45
    },
    "gender": "male",
    "match_type": "T20",
    "officials": {
      "match_referees": [
        "SR Bernard"
      ],
      "reserve_umpires": [
        "AR Hamilton"
      ],
      "tv_umpires": [
        "Sharad Patel"
      ],
      "umpires": [
        "BNJ Oxenford",
        "SA Lightbody"
      ]
    },
    "outcome": {
      "winner": "Sydney Sixers",
      "by": {
        "runs": 59
      }
    },
    "overs": 20,
    "player_of_match": [
      "SPD Smith"
    ],
    "players": {
      "Sydney Sixers": [
        "JR Philippe",
        "SPD Smith",
        "KR Patterson",
        "MC Henriques",
        "JC Silk",
        "DT Christian",
        "H Kerr",
        "BJ Dwarshuis",
        "SA Abbott",
        "SNJ O'Keefe",
        "T Murphy"
      ],
      "Adelaide Strikers": [
        "TM Head",
        "MW Short",
        "AT Carey",
        "AJ Hose",
        "C de Grandhomme",
        "T Kelly",
        "BAD Manenti",
        "CJ Boyce",
        "WA Agar",
        "HTRY Thornton",
        "HNA Conway"
      ]
    },
    "registry": {
      "people": {
        "AJ Hose": "104e88a4",
        "AR Hamilton": "95d26c59",
        "AT Carey": "69d03465",
        "BAD Manenti": "ab21795b",
        "BJ Dwarshuis": "e1b9f3a9",
        "BNJ Oxenford": "c1add349",
        "C de Grandhomme": "94d7f855",
        "CJ Boyce": "51a60c16",
        "DT Christian": "2a2e6343",
        "H Kerr": "f422728b",
        "HNA Conway": "272fc5ad",
        "HTRY Thornton": "055be93a",
        "JC Silk": "7a6dc294",
        "JR Philippe": "39086549",
        "KR Patterson": "e3bf8356",
        "MC Henriques": "32198ae0",
        "MW Short": "a90e53ec",
        "SA Abbott": "1a2676c5",
        "SA Lightbody": "680b8cbf",
        "SNJ O'Keefe": "3540beff",
        "SPD Smith": "30a45b23",
        "SR Bernard": "800187dc",
        "Sharad Patel": "8e6dd3ba",
        "T Kelly": "6ceb94d0",
        "T Murphy": "ac2e7ec0",
        "TM Head": "12b610c2",
        "WA Agar": "15de1f5d"
      }
    },
    "season": "2022/23",
    "team_type": "club",
    "teams": [
      "Sydney Sixers",
      "Adelaide Strikers"
    ],
    "toss": {
      "decision": "field",
      "winner": "Adelaide Strikers"
    },
    "venue": "International Sports Stadium, Coffs Harbour"
  },
  "innings": [
    {
      "team": "Sydney Sixers",
      "overs": [
        {
          "over": 0,
          "deliveries": [
            {
              "batter": "JR Philippe",
              "bowler": "MW Short",
              "non_striker": "SPD Smith",
              "runs": {
                "batter": 1,
                "extras": 0,
                "total": 1
              }
            },
            {
              "batter": "SPD Smith",
              "bowler": "MW Short",
              "extras": {
                "wides": 2
              },
              "non_striker": "JR Philippe",
              "runs": {
                "batter": 0,
                "extras": 2,
                "total": 2
              }
            },
            {
              "batter": "JR Philippe",
              "bowler": "MW Short",
              "non_striker": "SPD Smith",
              "runs": {
                "batter": 0,
                "extras": 0,
                "total": 0
              }
            },
            {
              "batter": "JR Philippe",
              "bowler": "MW Short",
              "non_striker": "SPD Smith",
              "runs": {
                "batter": 0,
                "extras": 0,
                "total": 0
              },
              "wickets": [
                {
                  "player_out": "JR Philippe",
                  "kind": "bowled"
                }
              ]
            },
            {
              "batter": "KR Patterson",
              "bowler": "MW Short",
              "non_striker": "SPD Smith",
              "runs": {
                "batter": 0,
                "extras": 0,
                "total": 0
              }
            },
            {
              "batter": "KR Patterson",
              "bowler": "MW Short",
              "non_striker": "SPD Smith",
              "runs": {
                "batter": 1,
                "extras": 0,
                "total": 1
              }
            },
            {
              "batter": "SPD Smith",
              "bowler": "MW Short",
              "non_striker": "KR Patterson",
              "runs": {
                "batter": 1,
                "extras": 0,
                "total": 1
              }
            }
          ]
        },
        {
          "over": 1,
          "deliveries": [
            {
              "batter": "SPD Smith",
              "bowler": "HNA Conway",
              "non_striker": "KR Patterson",
              "runs": {
                "batter": 1,
                "extras": 0,
                "total": 1
              }
            },
            {
              "batter": "KR Patterson",
              "bowler": "HNA Conway",
              "non_striker": "SPD Smith",
              "runs": {
                "batter": 0,
                "extras": 0,
                "total": 0
              }
            },
            {
              "batter": "KR Patterson",
              "bowler": "HNA Conway",
              "non_striker": "SPD Smith",
              "runs": {
                "batter": 1,
                "extras": 0,
                "total": 1
              }
            },
            {
              "batter": "SPD Smith",
              "bowler": "HNA Conway",
              "non_striker": "KR Patterson",
              "runs": {
                "batter": 0,
                "extras": 0,
                "total": 0
              }
            },
            {
              "batter": "SPD Smith",
              "bowler": "HNA Conway",
              "non_striker": "KR Patterson",
              "runs": {
                "batter": 6,
                "extras": 0,
                "total": 6
              }
            },
            {
              "batter": "SPD Smith",
              "bowler": "HNA Conway",
              "non_striker": "KR Patterson",
              "runs": {
                "batter": 1,
                "extras": 0,
                "total": 1
              }
            }
          ]
        },
        {
          "over": 2,
          "deliveries": [
            {
              "batter": "SPD Smith",
              "bowler": "HTRY Thornton",
              "non_striker": "KR Patterson",
              "runs": {
                "batter": 0,
                "extras": 0,
                "total": 0
              }
            },
            {
              "batter": "SPD Smith",
              "bowler": "HTRY Thornton",
              "non_striker": "KR Patterson",
              "runs": {
                "batter": 0,
                "extras": 0,
                "total": 0
              }
            },
            {
              "batter": "SPD Smith",
              "bowler": "HTRY Thornton",
              "non_striker": "KR Patterson",
              "runs": {
                "batter": 0,
                "extras": 0,
                "total": 0
              }
            },
            {
              "batter": "SPD Smith",
              "bowler": "HTRY Thornton",
              "non_striker": "KR Patterson",
              "runs": {
                "batter": 2,
                "extras": 0,
                "total": 2
              }
            },
            {
              "batter": "SPD Smith",
              "bowler": "HTRY Thornton",
              "extras": {
                "wides": 1
              },
              "non_striker": "KR Patterson",
              "runs": {
                "batter": 0,
                "extras": 1,
                "total": 1
              }
            },
            {
              "batter": "SPD Smith",
              "bowler": "HTRY Thornton",
              "non_striker": "KR Patterson",
              "runs": {
                "batter": 0,
                "extras": 0,
                "total": 0
              }
            },
            {
              "batter": "SPD Smith",
              "bowler": "HTRY Thornton",
              "extras": {
                "byes": 1
              },
              "non_striker": "KR Patterson",
              "runs": {
                "batter": 0,
                "extras": 1,
                "total": 1
              }
            }
          ]
        },
        {
          "over": 3,
          "deliveries": [
            {
              "batter": "SPD Smith",
              "bowler": "WA Agar",
              "non_striker": "KR Patterson",
              "runs": {
                "batter": 4,
                "extras": 0,
                "total": 4
              }
            },
            {
              "batter": "SPD Smith",
              "bowler": "WA Agar",
              "non_striker": "KR Patterson",
              "runs": {
                "batter": 6,
                "extras": 0,
                "total": 6
              }
            },
            {
              "batter": "SPD Smith",
              "bowler": "WA Agar",
              "non_striker": "KR Patterson",
              "runs": {
                "batter": 1,
                "extras": 0,
                "total": 1
              }
            },
            {
              "batter": "KR Patterson",
              "bowler": "WA Agar",
              "non_striker": "SPD Smith",
              "runs": {
                "batter": 0,
                "extras": 0,
                "total": 0
              }
            },
            {
              "batter": "KR Patterson",
              "bowler": "WA Agar",
              "non_striker": "SPD Smith",
              "runs": {
                "batter": 2,
                "extras": 0,
                "total": 2
              }
            },
            {
              "batter": "KR Patterson",
              "bowler": "WA Agar",
              "non_striker": "SPD Smith",
              "runs": {
                "batter": 0,
                "extras": 0,
                "total": 0
              }
            }
          ]
        },
        {
          "over": 4,
          "deliveries": [
            {
              "batter": "SPD Smith",
              "bowler": "MW Short",
              "non_striker": "KR Patterson",
              "runs": {
                "batter": 6,
                "extras": 0,
                "total": 6
              }
            },
            {
              "batter": "SPD Smith",
              "bowler": "MW Short",
              "non_striker": "KR Patterson",
              "runs": {
                "batter": 1,
                "extras": 0,
                "total": 1
              }
            },
            {
              "batter": "KR Patterson",
              "bowler": "MW Short",
              "non_striker": "SPD Smith",
              "runs": {
                "batter": 1,
                "extras": 0,
                "total": 1
              }
            },
            {
              "batter": "SPD Smith",
              "bowler": "MW Short",
              "non_striker": "KR Patterson",
              "runs": {
                "batter": 1,
                "extras": 0,
                "total": 1
              }
            },
            {
              "batter": "KR Patterson",
              "bowler": "MW Short",
              "non_striker": "SPD Smith",
              "runs": {
                "batter": 1,
                "extras": 0,
                "total": 1
              }
            },
            {
              "batter": "SPD Smith",
              "bowler": "MW Short",
              "non_striker": "KR Patterson",
              "runs": {
                "batter": 1,
                "extras": 0,
                "total": 1
              }
            }
          ]
        },
        {
          "over": 5,
          "deliveries": [
            {
              "batter": "SPD Smith",
              "bowler": "HTRY Thornton",
              "non_striker": "KR Patterson",
              "runs": {
                "batter": 6,
                "extras": 0,
                "total": 6
              }
            },
            {
              "batter": "SPD Smith",
              "bowler": "HTRY Thornton",
              "non_striker": "KR Patterson",
              "runs": {
                "batter": 1,
                "extras": 0,
                "total": 1
              }
            },
            {
              "batter": "KR Patterson",
              "bowler": "HTRY Thornton",
              "non_striker": "SPD Smith",
              "runs": {
                "batter": 1,
                "extras": 0,
                "total": 1
              }
            },
            {
              "batter": "SPD Smith",
              "bowler": "HTRY Thornton",
              "non_striker": "KR Patterson",
              "runs": {
                "batter": 1,
                "extras": 0,
                "total": 1
              }
            },
            {
              "batter": "KR Patterson",
              "bowler": "HTRY Thornton",
              "non_striker": "SPD Smith",
              "runs": {
                "batter": 4,
                "extras": 0,
                "total": 4
              }
            },
            {
              "batter": "KR Patterson",
              "bowler": "HTRY Thornton",
              "non_striker": "SPD Smith",
              "runs": {
                "batter": 0,
                "extras": 0,
                "total": 0
              }
            }
          ]
        },
        {
          "over": 6,
          "deliveries": [
            {
              "batter": "SPD Smith",
              "bowler": "CJ Boyce",
              "non_striker": "KR Patterson",
              "runs": {
                "batter": 1,
                "extras": 0,
                "total": 1
              }
            },
            {
              "batter": "KR Patterson",
              "bowler": "CJ Boyce",
              "non_striker": "SPD Smith",
              "runs": {
                "batter": 1,
                "extras": 0,
                "total": 1
              }
            },
            {
              "batter": "SPD Smith",
              "bowler": "CJ Boyce",
              "non_striker": "KR Patterson",
              "runs": {
                "batter": 0,
                "extras": 0,
                "total": 0
              }
            },
            {
              "batter": "SPD Smith",
              "bowler": "CJ Boyce",
              "non_striker": "KR Patterson",
              "runs": {
                "batter": 0,
                "extras": 0,
                "total": 0
              }
            },
            {
              "batter": "SPD Smith",
              "bowler": "CJ Boyce",
              "non_striker": "KR Patterson",
              "runs": {
                "batter": 2,
                "extras": 0,
                "total": 2
              }
            },
            {
              "batter": "SPD Smith",
              "bowler": "CJ Boyce",
              "non_striker": "KR Patterson",
              "runs": {
                "batter": 1,
                "extras": 0,
                "total": 1
              }
            }
          ]
        },
        {
          "over": 7,
          "deliveries": [
            {
              "batter": "SPD Smith",
              "bowler": "C de Grandhomme",
              "non_striker": "KR Patterson",
              "runs": {
                "batter": 0,
                "extras": 0,
                "total": 0
              }
            },
            {
              "batter": "SPD Smith",
              "bowler": "C de Grandhomme",
              "non_striker": "KR Patterson",
              "runs": {
                "batter": 1,
                "extras": 0,
                "total": 1
              }
            },
            {
              "batter": "KR Patterson",
              "bowler": "C de Grandhomme",
              "non_striker": "SPD Smith",
              "runs": {
                "batter": 1,
                "extras": 0,
                "total": 1
              }
            },
            {
              "batter": "SPD Smith",
              "bowler": "C de Grandhomme",
              "non_striker": "KR Patterson",
              "runs": {
                "batter": 2,
                "extras": 0,
                "total": 2
              }
            },
            {
              "batter": "SPD Smith",
              "bowler": "C de Grandhomme",
              "non_striker": "KR Patterson",
              "runs": {
                "batter": 4,
                "extras": 0,
                "total": 4
              }
            },
            {
              "batter": "SPD Smith",
              "bowler": "C de Grandhomme",
              "non_striker": "KR Patterson",
              "runs": {
                "batter": 1,
                "extras": 0,
                "total": 1
              }
            }
          ]
        },
        {
          "over": 8,
          "deliveries": [
            {
              "batter": "SPD Smith",
              "bowler": "CJ Boyce",
              "non_striker": "KR Patterson",
              "runs": {
                "batter": 1,
                "extras": 0,
                "total": 1
              }
            },
            {
              "batter": "KR Patterson",
              "bowler": "CJ Boyce",
              "extras": {
                "legbyes": 1
              },
              "non_striker": "SPD Smith",
              "runs": {
                "batter": 0,
                "extras": 1,
                "total": 1
              }
            },
            {
              "batter": "SPD Smith",
              "bowler": "CJ Boyce",
              "non_striker": "KR Patterson",
              "runs": {
                "batter": 0,
                "extras": 0,
                "total": 0
              }
            },
            {
              "batter": "SPD Smith",
              "bowler": "CJ Boyce",
              "non_striker": "KR Patterson",
              "runs": {
                "batter": 1,
                "extras": 0,
                "total": 1
              }
            },
            {
              "batter": "KR Patterson",
              "bowler": "CJ Boyce",
              "non_striker": "SPD Smith",
              "runs": {
                "batter": 1,
                "extras": 0,
                "total": 1
              }
            },
            {
              "batter": "SPD Smith",
              "bowler": "CJ Boyce",
              "non_striker": "KR Patterson",
              "runs": {
                "batter": 1,
                "extras": 0,
                "total": 1
              }
            }
          ]
        },
        {
          "over": 9,
          "deliveries": [
            {
              "batter": "SPD Smith",
              "bowler": "HNA Conway",
              "non_striker": "KR Patterson",
              "runs": {
                "batter": 4,
                "extras": 0,
                "total": 4
              }
            },
            {
              "batter": "SPD Smith",
              "bowler": "HNA Conway",
              "non_striker": "KR Patterson",
              "runs": {
                "batter": 4,
                "extras": 0,
                "total": 4
              }
            },
            {
              "batter": "SPD Smith",
              "bowler": "HNA Conway",
              "non_striker": "KR Patterson",
              "runs": {
                "batter": 2,
                "extras": 0,
                "total": 2
              }
            },
            {
              "batter": "SPD Smith",
              "bowler": "HNA Conway",
              "non_striker": "KR Patterson",
              "runs": {
                "batter": 1,
                "extras": 0,
                "total": 1
              }
            },
            {
              "batter": "KR Patterson",
              "bowler": "HNA Conway",
              "non_striker": "SPD Smith",
              "runs": {
                "batter": 1,
                "extras": 0,
                "total": 1
              }
            },
            {
              "batter": "SPD Smith",
              "bowler": "HNA Conway",
              "non_striker": "KR Patterson",
              "runs": {
                "batter": 1,
                "extras": 0,
                "total": 1
              }
            }
          ]
        },
        {
          "over": 10,
          "deliveries": [
            {
              "batter": "SPD Smith",
              "bowler": "CJ Boyce",
              "non_striker": "KR Patterson",
              "runs": {
                "batter": 2,
                "extras": 0,
                "total": 2
              }
            },
            {
              "batter": "SPD Smith",
              "bowler": "CJ Boyce",
              "non_striker": "KR Patterson",
              "runs": {
                "batter": 1,
                "extras": 0,
                "total": 1
              }
            },
            {
              "batter": "KR Patterson",
              "bowler": "CJ Boyce",
              "non_striker": "SPD Smith",
              "runs": {
                "batter": 1,
                "extras": 0,
                "total": 1
              }
            },
            {
              "batter": "SPD Smith",
              "bowler": "CJ Boyce",
              "non_striker": "KR Patterson",
              "runs": {
                "batter": 1,
                "extras": 0,
                "total": 1
              }
            },
            {
              "batter": "KR Patterson",
              "bowler": "CJ Boyce",
              "non_striker": "SPD Smith",
              "runs": {
                "batter": 1,
                "extras": 0,
                "total": 1
              }
            },
            {
              "batter": "SPD Smith",
              "bowler": "CJ Boyce",
              "non_striker": "KR Patterson",
              "runs": {
                "batter": 0,
                "extras": 0,
                "total": 0
              }
            }
          ]
        },
        {
          "over": 11,
          "deliveries": [
            {
              "batter": "KR Patterson",
              "bowler": "WA Agar",
              "non_striker": "SPD Smith",
              "runs": {
                "batter": 4,
                "extras": 0,
                "total": 4
              }
            },
            {
              "batter": "KR Patterson",
              "bowler": "WA Agar",
              "non_striker": "SPD Smith",
              "runs": {
                "batter": 2,
                "extras": 0,
                "total": 2
              }
            },
            {
              "batter": "KR Patterson",
              "bowler": "WA Agar",
              "non_striker": "SPD Smith",
              "runs": {
                "batter": 0,
                "extras": 0,
                "total": 0
              }
            },
            {
              "batter": "KR Patterson",
              "bowler": "WA Agar",
              "non_striker": "SPD Smith",
              "runs": {
                "batter": 4,
                "extras": 0,
                "total": 4
              }
            },
            {
              "batter": "KR Patterson",
              "bowler": "WA Agar",
              "non_striker": "SPD Smith",
              "runs": {
                "batter": 1,
                "extras": 0,
                "total": 1
              }
            },
            {
              "batter": "SPD Smith",
              "bowler": "WA Agar",
              "non_striker": "KR Patterson",
              "runs": {
                "batter": 1,
                "extras": 0,
                "total": 1
              }
            }
          ]
        },
        {
          "over": 12,
          "deliveries": [
            {
              "batter": "SPD Smith",
              "bowler": "HNA Conway",
              "non_striker": "KR Patterson",
              "runs": {
                "batter": 6,
                "extras": 0,
                "total": 6
              }
            },
            {
              "batter": "SPD Smith",
              "bowler": "HNA Conway",
              "non_striker": "KR Patterson",
              "runs": {
                "batter": 1,
                "extras": 0,
                "total": 1
              }
            },
            {
              "batter": "KR Patterson",
              "bowler": "HNA Conway",
              "non_striker": "SPD Smith",
              "runs": {
                "batter": 1,
                "extras": 0,
                "total": 1
              }
            },
            {
              "batter": "SPD Smith",
              "bowler": "HNA Conway",
              "non_striker": "KR Patterson",
              "runs": {
                "batter": 4,
                "extras": 0,
                "total": 4
              }
            },
            {
              "batter": "SPD Smith",
              "bowler": "HNA Conway",
              "non_striker": "KR Patterson",
              "runs": {
                "batter": 1,
                "extras": 0,
                "total": 1
              }
            },
            {
              "batter": "KR Patterson",
              "bowler": "HNA Conway",
              "non_striker": "SPD Smith",
              "runs": {
                "batter": 2,
                "extras": 0,
                "total": 2
              }
            }
          ]
        },
        {
          "over": 13,
          "deliveries": [
            {
              "batter": "SPD Smith",
              "bowler": "C de Grandhomme",
              "non_striker": "KR Patterson",
              "runs": {
                "batter": 2,
                "extras": 0,
                "total": 2
              }
            },
            {
              "batter": "SPD Smith",
              "bowler": "C de Grandhomme",
              "extras": {
                "legbyes": 1
              },
              "non_striker": "KR Patterson",
              "runs": {
                "batter": 0,
                "extras": 1,
                "total": 1
              }
            },
            {
              "batter": "KR Patterson",
              "bowler": "C de Grandhomme",
              "non_striker": "SPD Smith",
              "runs": {
                "batter": 1,
                "extras": 0,
                "total": 1
              }
            },
            {
              "batter": "SPD Smith",
              "bowler": "C de Grandhomme",
              "non_striker": "KR Patterson",
              "runs": {
                "batter": 2,
                "extras": 0,
                "total": 2
              }
            },
            {
              "batter": "SPD Smith",
              "bowler": "C de Grandhomme",
              "extras": {
                "wides": 1
              },
              "non_striker": "KR Patterson",
              "runs": {
                "batter": 0,
                "extras": 1,
                "total": 1
              }
            },
            {
              "batter": "SPD Smith",
              "bowler": "C de Grandhomme",
              "non_striker": "KR Patterson",
              "runs": {
                "batter": 6,
                "extras": 0,
                "total": 6
              }
            },
            {
              "batter": "SPD Smith",
              "bowler": "C de Grandhomme",
              "non_striker": "KR Patterson",
              "runs": {
                "batter": 1,
                "extras": 0,
                "total": 1
              }
            }
          ]
        },
        {
          "over": 14,
          "deliveries": [
            {
              "batter": "SPD Smith",
              "bowler": "BAD Manenti",
              "non_striker": "KR Patterson",
              "runs": {
                "batter": 1,
                "extras": 0,
                "total": 1
              }
            },
            {
              "batter": "KR Patterson",
              "bowler": "BAD Manenti",
              "non_striker": "SPD Smith",
              "runs": {
                "batter": 2,
                "extras": 0,
                "total": 2
              }
            },
            {
              "batter": "KR Patterson",
              "bowler": "BAD Manenti",
              "non_striker": "SPD Smith",
              "runs": {
                "batter": 2,
                "extras": 0,
                "total": 2
              }
            },
            {
              "batter": "KR Patterson",
              "bowler": "BAD Manenti",
              "non_striker": "SPD Smith",
              "runs": {
                "batter": 0,
                "extras": 0,
                "total": 0
              }
            },
            {
              "batter": "KR Patterson",
              "bowler": "BAD Manenti",
              "non_striker": "SPD Smith",
              "runs": {
                "batter": 1,
                "extras": 0,
                "total": 1
              }
            },
            {
              "batter": "SPD Smith",
              "bowler": "BAD Manenti",
              "non_striker": "KR Patterson",
              "runs": {
                "batter": 6,
                "extras": 0,
                "total": 6
              }
            }
          ]
        },
        {
          "over": 15,
          "deliveries": [
            {
              "batter": "KR Patterson",
              "bowler": "WA Agar",
              "non_striker": "SPD Smith",
              "runs": {
                "batter": 6,
                "extras": 0,
                "total": 6
              }
            },
            {
              "batter": "KR Patterson",
              "bowler": "WA Agar",
              "non_striker": "SPD Smith",
              "runs": {
                "batter": 0,
                "extras": 0,
                "total": 0
              },
              "wickets": [
                {
                  "player_out": "KR Patterson",
                  "fielders": [
                    {
                      "name": "TM Head"
                    }
                  ],
                  "kind": "caught"
                }
              ]
            },
            {
              "batter": "MC Henriques",
              "bowler": "WA Agar",
              "non_striker": "SPD Smith",
              "runs": {
                "batter": 1,
                "extras": 0,
                "total": 1
              },
              "wickets": [
                {
                  "player_out": "SPD Smith",
                  "fielders": [
                    {
                      "name": "MW Short"
                    },
                    {
                      "name": "AT Carey"
                    }
                  ],
                  "kind": "run out"
                }
              ]
            },
            {
              "batter": "JC Silk",
              "bowler": "WA Agar",
              "non_striker": "MC Henriques",
              "runs": {
                "batter": 1,
                "extras": 0,
                "total": 1
              }
            },
            {
              "batter": "MC Henriques",
              "bowler": "WA Agar",
              "non_striker": "JC Silk",
              "runs": {
                "batter": 2,
                "extras": 0,
                "total": 2
              }
            },
            {
              "batter": "MC Henriques",
              "bowler": "WA Agar",
              "non_striker": "JC Silk",
              "runs": {
                "batter": 1,
                "extras": 0,
                "total": 1
              }
            }
          ]
        },
        {
          "over": 16,
          "deliveries": [
            {
              "batter": "MC Henriques",
              "bowler": "CJ Boyce",
              "non_striker": "JC Silk",
              "runs": {
                "batter": 0,
                "extras": 0,
                "total": 0
              },
              "wickets": [
                {
                  "player_out": "MC Henriques",
                  "fielders": [
                    {
                      "name": "MW Short"
                    }
                  ],
                  "kind": "caught"
                }
              ]
            },
            {
              "batter": "DT Christian",
              "bowler": "CJ Boyce",
              "non_striker": "JC Silk",
              "runs": {
                "batter": 1,
                "extras": 0,
                "total": 1
              }
            },
            {
              "batter": "JC Silk",
              "bowler": "CJ Boyce",
              "non_striker": "DT Christian",
              "runs": {
                "batter": 1,
                "extras": 0,
                "total": 1
              }
            },
            {
              "batter": "DT Christian",
              "bowler": "CJ Boyce",
              "non_striker": "JC Silk",
              "runs": {
                "batter": 1,
                "extras": 0,
                "total": 1
              }
            },
            {
              "batter": "JC Silk",
              "bowler": "CJ Boyce",
              "non_striker": "DT Christian",
              "runs": {
                "batter": 1,
                "extras": 0,
                "total": 1
              }
            },
            {
              "batter": "DT Christian",
              "bowler": "CJ Boyce",
              "non_striker": "JC Silk",
              "runs": {
                "batter": 6,
                "extras": 0,
                "total": 6
              }
            }
          ]
        },
        {
          "over": 17,
          "deliveries": [
            {
              "batter": "JC Silk",
              "bowler": "HTRY Thornton",
              "non_striker": "DT Christian",
              "runs": {
                "batter": 4,
                "extras": 0,
                "total": 4
              }
            },
            {
              "batter": "JC Silk",
              "bowler": "HTRY Thornton",
              "non_striker": "DT Christian",
              "runs": {
                "batter": 0,
                "extras": 0,
                "total": 0
              }
            },
            {
              "batter": "JC Silk",
              "bowler": "HTRY Thornton",
              "non_striker": "DT Christian",
              "runs": {
                "batter": 2,
                "extras": 0,
                "total": 2
              }
            },
            {
              "batter": "JC Silk",
              "bowler": "HTRY Thornton",
              "non_striker": "DT Christian",
              "runs": {
                "batter": 4,
                "extras": 0,
                "total": 4
              }
            },
            {
              "batter": "JC Silk",
              "bowler": "HTRY Thornton",
              "non_striker": "DT Christian",
              "runs": {
                "batter": 2,
                "extras": 0,
                "total": 2
              }
            },
            {
              "batter": "JC Silk",
              "bowler": "HTRY Thornton",
              "non_striker": "DT Christian",
              "runs": {
                "batter": 1,
                "extras": 0,
                "total": 1
              }
            }
          ]
        },
        {
          "over": 18,
          "deliveries": [
            {
              "batter": "JC Silk",
              "bowler": "HNA Conway",
              "non_striker": "DT Christian",
              "runs": {
                "batter": 2,
                "extras": 0,
                "total": 2
              }
            },
            {
              "batter": "JC Silk",
              "bowler": "HNA Conway",
              "non_striker": "DT Christian",
              "runs": {
                "batter": 6,
                "extras": 0,
                "total": 6
              }
            },
            {
              "batter": "JC Silk",
              "bowler": "HNA Conway",
              "non_striker": "DT Christian",
              "runs": {
                "batter": 0,
                "extras": 0,
                "total": 0
              }
            },
            {
              "batter": "JC Silk",
              "bowler": "HNA Conway",
              "non_striker": "DT Christian",
              "runs": {
                "batter": 1,
                "extras": 0,
                "total": 1
              }
            },
            {
              "batter": "DT Christian",
              "bowler": "HNA Conway",
              "non_striker": "JC Silk",
              "runs": {
                "batter": 2,
                "extras": 0,
                "total": 2
              }
            },
            {
              "batter": "DT Christian",
              "bowler": "HNA Conway",
              "non_striker": "JC Silk",
              "runs": {
                "batter": 0,
                "extras": 0,
                "total": 0
              }
            }
          ]
        },
        {
          "over": 19,
          "deliveries": [
            {
              "batter": "JC Silk",
              "bowler": "WA Agar",
              "extras": {
                "wides": 1
              },
              "non_striker": "DT Christian",
              "runs": {
                "batter": 0,
                "extras": 1,
                "total": 1
              }
            },
            {
              "batter": "JC Silk",
              "bowler": "WA Agar",
              "non_striker": "DT Christian",
              "runs": {
                "batter": 1,
                "extras": 0,
                "total": 1
              }
            },
            {
              "batter": "DT Christian",
              "bowler": "WA Agar",
              "non_striker": "JC Silk",
              "runs": {
                "batter": 2,
                "extras": 0,
                "total": 2
              }
            },
            {
              "batter": "DT Christian",
              "bowler": "WA Agar",
              "non_striker": "JC Silk",
              "runs": {
                "batter": 3,
                "extras": 0,
                "total": 3
              }
            },
            {
              "batter": "JC Silk",
              "bowler": "WA Agar",
              "non_striker": "DT Christian",
              "runs": {
                "batter": 4,
                "extras": 0,
                "total": 4
              }
            },
            {
              "batter": "JC Silk",
              "bowler": "WA Agar",
              "non_striker": "DT Christian",
              "runs": {
                "batter": 1,
                "extras": 0,
                "total": 1
              }
            },
            {
              "batter": "DT Christian",
              "bowler": "WA Agar",
              "non_striker": "JC Silk",
              "runs": {
                "batter": 0,
                "extras": 0,
                "total": 0
              },
              "wickets": [
                {
                  "player_out": "DT Christian",
                  "kind": "bowled"
                }
              ]
            }
          ]
        }
      ],
      "powerplays": [
        {
          "from": 0.1,
          "to": 3.6,
          "type": "mandatory"
        },
        {
          "from": 11.1,
          "to": 12.6,
          "type": "batting"
        }
      ]
    },
    {
      "team": "Adelaide Strikers",
      "overs": [
        {
          "over": 0,
          "deliveries": [
            {
              "batter": "MW Short",
              "bowler": "T Murphy",
              "non_striker": "TM Head",
              "runs": {
                "batter": 1,
                "extras": 0,
                "total": 1
              }
            },
            {
              "batter": "TM Head",
              "bowler": "T Murphy",
              "non_striker": "MW Short",
              "runs": {
                "batter": 0,
                "extras": 0,
                "total": 0
              }
            },
            {
              "batter": "TM Head",
              "bowler": "T Murphy",
              "non_striker": "MW Short",
              "runs": {
                "batter": 1,
                "extras": 0,
                "total": 1
              }
            },
            {
              "batter": "MW Short",
              "bowler": "T Murphy",
              "non_striker": "TM Head",
              "runs": {
                "batter": 6,
                "extras": 0,
                "total": 6
              }
            },
            {
              "batter": "MW Short",
              "bowler": "T Murphy",
              "non_striker": "TM Head",
              "runs": {
                "batter": 0,
                "extras": 0,
                "total": 0
              }
            },
            {
              "batter": "MW Short",
              "bowler": "T Murphy",
              "non_striker": "TM Head",
              "runs": {
                "batter": 1,
                "extras": 0,
                "total": 1
              }
            }
          ]
        },
        {
          "over": 1,
          "deliveries": [
            {
              "batter": "MW Short",
              "bowler": "SA Abbott",
              "non_striker": "TM Head",
              "runs": {
                "batter": 0,
                "extras": 0,
                "total": 0
              }
            },
            {
              "batter": "MW Short",
              "bowler": "SA Abbott",
              "non_striker": "TM Head",
              "runs": {
                "batter": 2,
                "extras": 0,
                "total": 2
              }
            },
            {
              "batter": "MW Short",
              "bowler": "SA Abbott",
              "non_striker": "TM Head",
              "runs": {
                "batter": 0,
                "extras": 0,
                "total": 0
              }
            },
            {
              "batter": "MW Short",
              "bowler": "SA Abbott",
              "non_striker": "TM Head",
              "runs": {
                "batter": 2,
                "extras": 0,
                "total": 2
              }
            },
            {
              "batter": "MW Short",
              "bowler": "SA Abbott",
              "non_striker": "TM Head",
              "runs": {
                "batter": 0,
                "extras": 0,
                "total": 0
              }
            },
            {
              "batter": "MW Short",
              "bowler": "SA Abbott",
              "non_striker": "TM Head",
              "runs": {
                "batter": 4,
                "extras": 0,
                "total": 4
              }
            }
          ]
        },
        {
          "over": 2,
          "deliveries": [
            {
              "batter": "TM Head",
              "bowler": "BJ Dwarshuis",
              "non_striker": "MW Short",
              "runs": {
                "batter": 4,
                "extras": 0,
                "total": 4
              }
            },
            {
              "batter": "TM Head",
              "bowler": "BJ Dwarshuis",
              "non_striker": "MW Short",
              "runs": {
                "batter": 0,
                "extras": 0,
                "total": 0
              },
              "wickets": [
                {
                  "player_out": "TM Head",
                  "fielders": [
                    {
                      "name": "JR Philippe"
                    }
                  ],
                  "kind": "caught"
                }
              ]
            },
            {
              "batter": "AT Carey",
              "bowler": "BJ Dwarshuis",
              "non_striker": "MW Short",
              "runs": {
                "batter": 1,
                "extras": 0,
                "total": 1
              }
            },
            {
              "batter": "MW Short",
              "bowler": "BJ Dwarshuis",
              "non_striker": "AT Carey",
              "review": {
                "by": "Adelaide Strikers",
                "umpire": "SA Lightbody",
                "batter": "MW Short",
                "decision": "upheld"
              },
              "runs": {
                "batter": 0,
                "extras": 0,
                "total": 0
              }
            },
            {
              "batter": "MW Short",
              "bowler": "BJ Dwarshuis",
              "non_striker": "AT Carey",
              "runs": {
                "batter": 6,
                "extras": 0,
                "total": 6
              }
            },
            {
              "batter": "MW Short",
              "bowler": "BJ Dwarshuis",
              "non_striker": "AT Carey",
              "review": {
                "by": "Sydney Sixers",
                "umpire": "SA Lightbody",
                "batter": "MW Short",
                "decision": "struck down"
              },
              "runs": {
                "batter": 0,
                "extras": 0,
                "total": 0
              }
            }
          ]
        },
        {
          "over": 3,
          "deliveries": [
            {
              "batter": "AT Carey",
              "bowler": "SA Abbott",
              "non_striker": "MW Short",
              "runs": {
                "batter": 0,
                "extras": 0,
                "total": 0
              }
            },
            {
              "batter": "AT Carey",
              "bowler": "SA Abbott",
              "non_striker": "MW Short",
              "runs": {
                "batter": 1,
                "extras": 0,
                "total": 1
              }
            },
            {
              "batter": "MW Short",
              "bowler": "SA Abbott",
              "non_striker": "AT Carey",
              "runs": {
                "batter": 1,
                "extras": 0,
                "total": 1
              }
            },
            {
              "batter": "AT Carey",
              "bowler": "SA Abbott",
              "non_striker": "MW Short",
              "runs": {
                "batter": 0,
                "extras": 0,
                "total": 0
              }
            },
            {
              "batter": "AT Carey",
              "bowler": "SA Abbott",
              "non_striker": "MW Short",
              "runs": {
                "batter": 1,
                "extras": 0,
                "total": 1
              }
            },
            {
              "batter": "MW Short",
              "bowler": "SA Abbott",
              "non_striker": "AT Carey",
              "runs": {
                "batter": 0,
                "extras": 0,
                "total": 0
              }
            }
          ]
        },
        {
          "over": 4,
          "deliveries": [
            {
              "batter": "AT Carey",
              "bowler": "SNJ O'Keefe",
              "non_striker": "MW Short",
              "runs": {
                "batter": 1,
                "extras": 0,
                "total": 1
              }
            },
            {
              "batter": "MW Short",
              "bowler": "SNJ O'Keefe",
              "non_striker": "AT Carey",
              "runs": {
                "batter": 0,
                "extras": 0,
                "total": 0
              }
            },
            {
              "batter": "MW Short",
              "bowler": "SNJ O'Keefe",
              "non_striker": "AT Carey",
              "runs": {
                "batter": 1,
                "extras": 0,
                "total": 1
              }
            },
            {
              "batter": "AT Carey",
              "bowler": "SNJ O'Keefe",
              "non_striker": "MW Short",
              "runs": {
                "batter": 1,
                "extras": 0,
                "total": 1
              }
            },
            {
              "batter": "MW Short",
              "bowler": "SNJ O'Keefe",
              "non_striker": "AT Carey",
              "runs": {
                "batter": 1,
                "extras": 0,
                "total": 1
              }
            },
            {
              "batter": "AT Carey",
              "bowler": "SNJ O'Keefe",
              "non_striker": "MW Short",
              "runs": {
                "batter": 2,
                "extras": 0,
                "total": 2
              }
            }
          ]
        },
        {
          "over": 5,
          "deliveries": [
            {
              "batter": "MW Short",
              "bowler": "H Kerr",
              "non_striker": "AT Carey",
              "runs": {
                "batter": 1,
                "extras": 0,
                "total": 1
              }
            },
            {
              "batter": "AT Carey",
              "bowler": "H Kerr",
              "non_striker": "MW Short",
              "runs": {
                "batter": 1,
                "extras": 0,
                "total": 1
              }
            },
            {
              "batter": "MW Short",
              "bowler": "H Kerr",
              "non_striker": "AT Carey",
              "runs": {
                "batter": 6,
                "extras": 0,
                "total": 6
              }
            },
            {
              "batter": "MW Short",
              "bowler": "H Kerr",
              "non_striker": "AT Carey",
              "runs": {
                "batter": 4,
                "extras": 0,
                "total": 4
              }
            },
            {
              "batter": "MW Short",
              "bowler": "H Kerr",
              "non_striker": "AT Carey",
              "runs": {
                "batter": 4,
                "extras": 0,
                "total": 4
              }
            },
            {
              "batter": "MW Short",
              "bowler": "H Kerr",
              "non_striker": "AT Carey",
              "runs": {
                "batter": 0,
                "extras": 0,
                "total": 0
              }
            }
          ]
        },
        {
          "over": 6,
          "deliveries": [
            {
              "batter": "AT Carey",
              "bowler": "T Murphy",
              "non_striker": "MW Short",
              "runs": {
                "batter": 2,
                "extras": 0,
                "total": 2
              }
            },
            {
              "batter": "AT Carey",
              "bowler": "T Murphy",
              "non_striker": "MW Short",
              "runs": {
                "batter": 2,
                "extras": 0,
                "total": 2
              }
            },
            {
              "batter": "AT Carey",
              "bowler": "T Murphy",
              "non_striker": "MW Short",
              "runs": {
                "batter": 1,
                "extras": 0,
                "total": 1
              }
            },
            {
              "batter": "MW Short",
              "bowler": "T Murphy",
              "non_striker": "AT Carey",
              "runs": {
                "batter": 0,
                "extras": 0,
                "total": 0
              },
              "wickets": [
                {
                  "player_out": "MW Short",
                  "fielders": [
                    {
                      "name": "KR Patterson"
                    }
                  ],
                  "kind": "caught"
                }
              ]
            },
            {
              "batter": "AJ Hose",
              "bowler": "T Murphy",
              "non_striker": "AT Carey",
              "runs": {
                "batter": 0,
                "extras": 0,
                "total": 0
              }
            },
            {
              "batter": "AJ Hose",
              "bowler": "T Murphy",
              "non_striker": "AT Carey",
              "runs": {
                "batter": 0,
                "extras": 0,
                "total": 0
              }
            }
          ]
        },
        {
          "over": 7,
          "deliveries": [
            {
              "batter": "AT Carey",
              "bowler": "SNJ O'Keefe",
              "non_striker": "AJ Hose",
              "runs": {
                "batter": 0,
                "extras": 0,
                "total": 0
              }
            },
            {
              "batter": "AT Carey",
              "bowler": "SNJ O'Keefe",
              "non_striker": "AJ Hose",
              "runs": {
                "batter": 2,
                "extras": 0,
                "total": 2
              }
            },
            {
              "batter": "AT Carey",
              "bowler": "SNJ O'Keefe",
              "non_striker": "AJ Hose",
              "runs": {
                "batter": 2,
                "extras": 0,
                "total": 2
              }
            },
            {
              "batter": "AT Carey",
              "bowler": "SNJ O'Keefe",
              "non_striker": "AJ Hose",
              "runs": {
                "batter": 0,
                "extras": 0,
                "total": 0
              }
            },
            {
              "batter": "AT Carey",
              "bowler": "SNJ O'Keefe",
              "non_striker": "AJ Hose",
              "runs": {
                "batter": 1,
                "extras": 0,
                "total": 1
              }
            },
            {
              "batter": "AJ Hose",
              "bowler": "SNJ O'Keefe",
              "non_striker": "AT Carey",
              "runs": {
                "batter": 1,
                "extras": 0,
                "total": 1
              }
            }
          ]
        },
        {
          "over": 8,
          "deliveries": [
            {
              "batter": "AJ Hose",
              "bowler": "T Murphy",
              "non_striker": "AT Carey",
              "runs": {
                "batter": 0,
                "extras": 0,
                "total": 0
              },
              "wickets": [
                {
                  "player_out": "AJ Hose",
                  "fielders": [
                    {
                      "name": "H Kerr"
                    }
                  ],
                  "kind": "caught"
                }
              ]
            },
            {
              "batter": "C de Grandhomme",
              "bowler": "T Murphy",
              "non_striker": "AT Carey",
              "runs": {
                "batter": 6,
                "extras": 0,
                "total": 6
              }
            },
            {
              "batter": "C de Grandhomme",
              "bowler": "T Murphy",
              "non_striker": "AT Carey",
              "runs": {
                "batter": 0,
                "extras": 0,
                "total": 0
              }
            },
            {
              "batter": "C de Grandhomme",
              "bowler": "T Murphy",
              "non_striker": "AT Carey",
              "runs": {
                "batter": 1,
                "extras": 0,
                "total": 1
              }
            },
            {
              "batter": "AT Carey",
              "bowler": "T Murphy",
              "non_striker": "C de Grandhomme",
              "runs": {
                "batter": 1,
                "extras": 0,
                "total": 1
              },
              "wickets": [
                {
                  "player_out": "C de Grandhomme",
                  "fielders": [
                    {
                      "name": "SPD Smith"
                    },
                    {
                      "name": "T Murphy"
                    }
                  ],
                  "kind": "run out"
                }
              ]
            },
            {
              "batter": "AT Carey",
              "bowler": "T Murphy",
              "non_striker": "T Kelly",
              "runs": {
                "batter": 4,
                "extras": 0,
                "total": 4
              }
            }
          ]
        },
        {
          "over": 9,
          "deliveries": [
            {
              "batter": "T Kelly",
              "bowler": "BJ Dwarshuis",
              "non_striker": "AT Carey",
              "runs": {
                "batter": 0,
                "extras": 0,
                "total": 0
              }
            },
            {
              "batter": "T Kelly",
              "bowler": "BJ Dwarshuis",
              "non_striker": "AT Carey",
              "runs": {
                "batter": 0,
                "extras": 0,
                "total": 0
              }
            },
            {
              "batter": "T Kelly",
              "bowler": "BJ Dwarshuis",
              "non_striker": "AT Carey",
              "runs": {
                "batter": 0,
                "extras": 0,
                "total": 0
              }
            },
            {
              "batter": "T Kelly",
              "bowler": "BJ Dwarshuis",
              "non_striker": "AT Carey",
              "runs": {
                "batter": 1,
                "extras": 0,
                "total": 1
              }
            },
            {
              "batter": "AT Carey",
              "bowler": "BJ Dwarshuis",
              "non_striker": "T Kelly",
              "runs": {
                "batter": 2,
                "extras": 0,
                "total": 2
              }
            },
            {
              "batter": "AT Carey",
              "bowler": "BJ Dwarshuis",
              "non_striker": "T Kelly",
              "runs": {
                "batter": 2,
                "extras": 0,
                "total": 2
              }
            }
          ]
        },
        {
          "over": 10,
          "deliveries": [
            {
              "batter": "T Kelly",
              "bowler": "SA Abbott",
              "non_striker": "AT Carey",
              "runs": {
                "batter": 1,
                "extras": 0,
                "total": 1
              }
            },
            {
              "batter": "AT Carey",
              "bowler": "SA Abbott",
              "non_striker": "T Kelly",
              "runs": {
                "batter": 2,
                "extras": 0,
                "total": 2
              }
            },
            {
              "batter": "AT Carey",
              "bowler": "SA Abbott",
              "non_striker": "T Kelly",
              "runs": {
                "batter": 1,
                "extras": 0,
                "total": 1
              }
            },
            {
              "batter": "T Kelly",
              "bowler": "SA Abbott",
              "non_striker": "AT Carey",
              "runs": {
                "batter": 1,
                "extras": 0,
                "total": 1
              }
            },
            {
              "batter": "AT Carey",
              "bowler": "SA Abbott",
              "non_striker": "T Kelly",
              "runs": {
                "batter": 4,
                "extras": 0,
                "total": 4
              }
            },
            {
              "batter": "AT Carey",
              "bowler": "SA Abbott",
              "non_striker": "T Kelly",
              "runs": {
                "batter": 6,
                "extras": 0,
                "total": 6
              }
            }
          ]
        },
        {
          "over": 11,
          "deliveries": [
            {
              "batter": "T Kelly",
              "bowler": "H Kerr",
              "non_striker": "AT Carey",
              "runs": {
                "batter": 1,
                "extras": 0,
                "total": 1
              }
            },
            {
              "batter": "AT Carey",
              "bowler": "H Kerr",
              "non_striker": "T Kelly",
              "runs": {
                "batter": 0,
                "extras": 0,
                "total": 0
              }
            },
            {
              "batter": "AT Carey",
              "bowler": "H Kerr",
              "non_striker": "T Kelly",
              "runs": {
                "batter": 0,
                "extras": 0,
                "total": 0
              }
            },
            {
              "batter": "AT Carey",
              "bowler": "H Kerr",
              "non_striker": "T Kelly",
              "runs": {
                "batter": 1,
                "extras": 0,
                "total": 1
              }
            },
            {
              "batter": "T Kelly",
              "bowler": "H Kerr",
              "non_striker": "AT Carey",
              "runs": {
                "batter": 1,
                "extras": 0,
                "total": 1
              }
            },
            {
              "batter": "AT Carey",
              "bowler": "H Kerr",
              "non_striker": "T Kelly",
              "runs": {
                "batter": 4,
                "extras": 0,
                "total": 4
              }
            }
          ]
        },
        {
          "over": 12,
          "deliveries": [
            {
              "batter": "T Kelly",
              "bowler": "SNJ O'Keefe",
              "non_striker": "AT Carey",
              "runs": {
                "batter": 2,
                "extras": 0,
                "total": 2
              }
            },
            {
              "batter": "T Kelly",
              "bowler": "SNJ O'Keefe",
              "non_striker": "AT Carey",
              "runs": {
                "batter": 1,
                "extras": 0,
                "total": 1
              }
            },
            {
              "batter": "AT Carey",
              "bowler": "SNJ O'Keefe",
              "non_striker": "T Kelly",
              "runs": {
                "batter": 1,
                "extras": 0,
                "total": 1
              }
            },
            {
              "batter": "T Kelly",
              "bowler": "SNJ O'Keefe",
              "non_striker": "AT Carey",
              "runs": {
                "batter": 0,
                "extras": 0,
                "total": 0
              },
              "wickets": [
                {
                  "player_out": "T Kelly",
                  "fielders": [
                    {
                      "name": "SA Abbott"
                    }
                  ],
                  "kind": "caught"
                }
              ]
            },
            {
              "batter": "BAD Manenti",
              "bowler": "SNJ O'Keefe",
              "non_striker": "AT Carey",
              "runs": {
                "batter": 1,
                "extras": 0,
                "total": 1
              }
            },
            {
              "batter": "AT Carey",
              "bowler": "SNJ O'Keefe",
              "non_striker": "BAD Manenti",
              "runs": {
                "batter": 2,
                "extras": 0,
                "total": 2
              }
            }
          ]
        },
        {
          "over": 13,
          "deliveries": [
            {
              "batter": "BAD Manenti",
              "bowler": "BJ Dwarshuis",
              "non_striker": "AT Carey",
              "runs": {
                "batter": 1,
                "extras": 0,
                "total": 1
              }
            },
            {
              "batter": "AT Carey",
              "bowler": "BJ Dwarshuis",
              "non_striker": "BAD Manenti",
              "runs": {
                "batter": 2,
                "extras": 0,
                "total": 2
              }
            },
            {
              "batter": "AT Carey",
              "bowler": "BJ Dwarshuis",
              "extras": {
                "legbyes": 1
              },
              "non_striker": "BAD Manenti",
              "runs": {
                "batter": 0,
                "extras": 1,
                "total": 1
              }
            },
            {
              "batter": "BAD Manenti",
              "bowler": "BJ Dwarshuis",
              "non_striker": "AT Carey",
              "runs": {
                "batter": 1,
                "extras": 0,
                "total": 1
              }
            },
            {
              "batter": "AT Carey",
              "bowler": "BJ Dwarshuis",
              "extras": {
                "wides": 1
              },
              "non_striker": "BAD Manenti",
              "runs": {
                "batter": 0,
                "extras": 1,
                "total": 1
              }
            },
            {
              "batter": "AT Carey",
              "bowler": "BJ Dwarshuis",
              "extras": {
                "wides": 1
              },
              "non_striker": "BAD Manenti",
              "runs": {
                "batter": 0,
                "extras": 1,
                "total": 1
              }
            },
            {
              "batter": "AT Carey",
              "bowler": "BJ Dwarshuis",
              "non_striker": "BAD Manenti",
              "runs": {
                "batter": 4,
                "extras": 0,
                "total": 4
              }
            },
            {
              "batter": "AT Carey",
              "bowler": "BJ Dwarshuis",
              "non_striker": "BAD Manenti",
              "runs": {
                "batter": 0,
                "extras": 0,
                "total": 0
              },
              "wickets": [
                {
                  "player_out": "AT Carey",
                  "kind": "bowled"
                }
              ]
            }
          ]
        },
        {
          "over": 14,
          "deliveries": [
            {
              "batter": "BAD Manenti",
              "bowler": "T Murphy",
              "non_striker": "CJ Boyce",
              "runs": {
                "batter": 0,
                "extras": 0,
                "total": 0
              }
            },
            {
              "batter": "BAD Manenti",
              "bowler": "T Murphy",
              "non_striker": "CJ Boyce",
              "runs": {
                "batter": 6,
                "extras": 0,
                "total": 6
              }
            },
            {
              "batter": "BAD Manenti",
              "bowler": "T Murphy",
              "non_striker": "CJ Boyce",
              "runs": {
                "batter": 0,
                "extras": 0,
                "total": 0
              },
              "wickets": [
                {
                  "player_out": "BAD Manenti",
                  "fielders": [
                    {
                      "name": "MC Henriques"
                    }
                  ],
                  "kind": "caught"
                }
              ]
            },
            {
              "batter": "WA Agar",
              "bowler": "T Murphy",
              "non_striker": "CJ Boyce",
              "runs": {
                "batter": 1,
                "extras": 0,
                "total": 1
              }
            },
            {
              "batter": "CJ Boyce",
              "bowler": "T Murphy",
              "non_striker": "WA Agar",
              "runs": {
                "batter": 1,
                "extras": 0,
                "total": 1
              }
            },
            {
              "batter": "WA Agar",
              "bowler": "T Murphy",
              "non_striker": "CJ Boyce",
              "runs": {
                "batter": 1,
                "extras": 0,
                "total": 1
              }
            }
          ]
        },
        {
          "over": 15,
          "deliveries": [
            {
              "batter": "WA Agar",
              "bowler": "H Kerr",
              "non_striker": "CJ Boyce",
              "runs": {
                "batter": 0,
                "extras": 0,
                "total": 0
              }
            },
            {
              "batter": "WA Agar",
              "bowler": "H Kerr",
              "non_striker": "CJ Boyce",
              "runs": {
                "batter": 1,
                "extras": 0,
                "total": 1
              }
            },
            {
              "batter": "CJ Boyce",
              "bowler": "H Kerr",
              "non_striker": "WA Agar",
              "runs": {
                "batter": 0,
                "extras": 0,
                "total": 0
              }
            },
            {
              "batter": "CJ Boyce",
              "bowler": "H Kerr",
              "non_striker": "WA Agar",
              "runs": {
                "batter": 1,
                "extras": 0,
                "total": 1
              }
            },
            {
              "batter": "WA Agar",
              "bowler": "H Kerr",
              "non_striker": "CJ Boyce",
              "runs": {
                "batter": 0,
                "extras": 0,
                "total": 0
              }
            },
            {
              "batter": "WA Agar",
              "bowler": "H Kerr",
              "non_striker": "CJ Boyce",
              "runs": {
                "batter": 2,
                "extras": 0,
                "total": 2
              }
            }
          ]
        },
        {
          "over": 16,
          "deliveries": [
            {
              "batter": "CJ Boyce",
              "bowler": "SNJ O'Keefe",
              "non_striker": "WA Agar",
              "runs": {
                "batter": 1,
                "extras": 0,
                "total": 1
              }
            },
            {
              "batter": "WA Agar",
              "bowler": "SNJ O'Keefe",
              "non_striker": "CJ Boyce",
              "runs": {
                "batter": 0,
                "extras": 0,
                "total": 0
              },
              "wickets": [
                {
                  "player_out": "WA Agar",
                  "fielders": [
                    {
                      "name": "SPD Smith"
                    }
                  ],
                  "kind": "caught"
                }
              ]
            },
            {
              "batter": "HTRY Thornton",
              "bowler": "SNJ O'Keefe",
              "non_striker": "CJ Boyce",
              "runs": {
                "batter": 1,
                "extras": 0,
                "total": 1
              }
            },
            {
              "batter": "CJ Boyce",
              "bowler": "SNJ O'Keefe",
              "non_striker": "HTRY Thornton",
              "runs": {
                "batter": 1,
                "extras": 0,
                "total": 1
              }
            },
            {
              "batter": "HTRY Thornton",
              "bowler": "SNJ O'Keefe",
              "non_striker": "CJ Boyce",
              "runs": {
                "batter": 1,
                "extras": 0,
                "total": 1
              }
            },
            {
              "batter": "CJ Boyce",
              "bowler": "SNJ O'Keefe",
              "non_striker": "HTRY Thornton",
              "runs": {
                "batter": 1,
                "extras": 0,
                "total": 1
              }
            }
          ]
        },
        {
          "over": 17,
          "deliveries": [
            {
              "batter": "CJ Boyce",
              "bowler": "BJ Dwarshuis",
              "non_striker": "HTRY Thornton",
              "runs": {
                "batter": 0,
                "extras": 0,
                "total": 0
              }
            },
            {
              "batter": "CJ Boyce",
              "bowler": "BJ Dwarshuis",
              "non_striker": "HTRY Thornton",
              "runs": {
                "batter": 0,
                "extras": 0,
                "total": 0
              }
            },
            {
              "batter": "CJ Boyce",
              "bowler": "BJ Dwarshuis",
              "non_striker": "HTRY Thornton",
              "runs": {
                "batter": 0,
                "extras": 0,
                "total": 0
              }
            },
            {
              "batter": "CJ Boyce",
              "bowler": "BJ Dwarshuis",
              "non_striker": "HTRY Thornton",
              "runs": {
                "batter": 0,
                "extras": 0,
                "total": 0
              },
              "wickets": [
                {
                  "player_out": "CJ Boyce",
                  "fielders": [
                    {
                      "name": "KR Patterson"
                    }
                  ],
                  "kind": "caught"
                }
              ]
            },
            {
              "batter": "HNA Conway",
              "bowler": "BJ Dwarshuis",
              "non_striker": "HTRY Thornton",
              "runs": {
                "batter": 0,
                "extras": 0,
                "total": 0
              }
            },
            {
              "batter": "HNA Conway",
              "bowler": "BJ Dwarshuis",
              "non_striker": "HTRY Thornton",
              "runs": {
                "batter": 2,
                "extras": 0,
                "total": 2
              }
            }
          ]
        },
        {
          "over": 18,
          "deliveries": [
            {
              "batter": "HTRY Thornton",
              "bowler": "SA Abbott",
              "non_striker": "HNA Conway",
              "runs": {
                "batter": 1,
                "extras": 0,
                "total": 1
              }
            },
            {
              "batter": "HNA Conway",
              "bowler": "SA Abbott",
              "non_striker": "HTRY Thornton",
              "runs": {
                "batter": 1,
                "extras": 0,
                "total": 1
              }
            },
            {
              "batter": "HTRY Thornton",
              "bowler": "SA Abbott",
              "non_striker": "HNA Conway",
              "runs": {
                "batter": 1,
                "extras": 0,
                "total": 1
              }
            },
            {
              "batter": "HNA Conway",
              "bowler": "SA Abbott",
              "non_striker": "HTRY Thornton",
              "runs": {
                "batter": 0,
                "extras": 0,
                "total": 0
              }
            },
            {
              "batter": "HNA Conway",
              "bowler": "SA Abbott",
              "non_striker": "HTRY Thornton",
              "runs": {
                "batter": 0,
                "extras": 0,
                "total": 0
              }
            },
            {
              "batter": "HNA Conway",
              "bowler": "SA Abbott",
              "non_striker": "HTRY Thornton",
              "runs": {
                "batter": 0,
                "extras": 0,
                "total": 0
              },
              "wickets": [
                {
                  "player_out": "HNA Conway",
                  "kind": "bowled"
                }
              ]
            }
          ]
        }
      ],
      "powerplays": [
        {
          "from": 0.1,
          "to": 3.6,
          "type": "mandatory"
        },
        {
          "from": 10.1,
          "to": 11.6,
          "type": "batting"
        }
      ],
      "target": {
        "overs": 20,
        "runs": 204
      }
    }
  ]
}