{
  "meta": {
    "data_version": "1.1.0",
    "created": "2022-12-29",
    "revision": 1
  },
  "info": {
    "balls_per_over": 6,
    "city": "Perth",
    "dates": [
      "2022-12-29"
    ],
    "event": {
      "name": "Big Bash League",
      "match_number": 20
    },
    "gender": "male",
    "match_type": "T20",
    "officials": {
      "match_referees": [
        "SR Bernard"
      ],
      "reserve_umpires": [
        "Ashlee Gibbons"
      ],
      "tv_umpires": [
        "NR Johnstone"
      ],
      "umpires": [
        "BC Treloar",
        "SJ Nogajski"
      ]
    },
    "outcome": {
      "winner": "Perth Scorchers",
      "by": {
        "wickets": 6
      }
    },
    "overs": 20,
    "player_of_match": [
      "JA Richardson"
    ],
    "players": {
      "Melbourne Stars": [
        "JM Clarke",
        "TF Rogers",
        "BJ Webster",
        "NCR Larkin",
        "MP Stoinis",
        "HWR Cartwright",
        "C Kellaway",
        "NM Coulter-Nile",
        "L Wood",
        "TA Boult",
        "A Zampa"
      ],
      "Perth Scorchers": [
        "A Lyth",
        "F du Plessis",
        "AM Hardie",
        "JP Inglis",
        "AJ Turner",
        "NR Hobson",
        "AC Agar",
        "JA Richardson",
        "AJ Tye",
        "JP Behrendorff",
        "P Hatzoglou"
      ]
    },
    "registry": {
      "people": {
        "A Lyth": "70b8fd28",
        "A Zampa": "14f96089",
        "AC Agar": "a2421394",
        "AJ Turner": "ff1e12a0",
        "AJ Tye": "7c7d63a2",
        "AM Hardie": "d405c0d5",
        "Ashlee Gibbons": "b81712f7",
        "BC Treloar": "f7e8ee52",
        "BJ Webster": "56b93d46",
        "C Kellaway": "60c28835",
        "F du Plessis": "3355b542",
        "HWR Cartwright": "ab965cad",
        "JA Richardson": "1ee08e9a",
        "JM Clarke": "2eca67f5",
        "JP Behrendorff": "4933f499",
        "JP Inglis": "989889ff",
        "L Wood": "65b6943c",
        "MP Stoinis": "d9273ee7",
        "NCR Larkin": "02bce9a8",
        "NM Coulter-Nile": "56ab442f",
        "NR Hobson": "4312e0fd",
        "NR Johnstone": "ce274b6a",
        "P Hatzoglou": "6f95e5fa",
        "SJ Nogajski": "9b3f9323",
        "SR Bernard": "800187dc",
        "TA Boult": "a818c1be",
        "TF Rogers": "7f232d46"
      }
    },
    "season": "2022/23",
    "team_type": "club",
    "teams": [
      "Melbourne Stars",
      "Perth Scorchers"
    ],
    "toss": {
      "decision": "bat",
      "winner": "Melbourne Stars"
    },
    "venue": "Perth Stadium"
  },
  "innings": [
    {
      "team": "Melbourne Stars",
      "overs": [
        {
          "over": 0,
          "deliveries": [
            {
              "batter": "JM Clarke",
              "bowler": "JP Behrendorff",
              "non_striker": "TF Rogers",
              "runs": {
                "batter": 0,
                "extras": 0,
                "total": 0
              }
            },
            {
              "batter": "JM Clarke",
              "bowler": "JP Behrendorff",
              "non_striker": "TF Rogers",
              "runs": {
                "batter": 0,
                "extras": 0,
                "total": 0
              }
            },
            {
              "batter": "JM Clarke",
              "bowler": "JP Behrendorff",
              "non_striker": "TF Rogers",
              "runs": {
                "batter": 0,
                "extras": 0,
                "total": 0
              }
            },
            {
              "batter": "JM Clarke",
              "bowler": "JP Behrendorff",
              "non_striker": "TF Rogers",
              "runs": {
                "batter": 0,
                "extras": 0,
                "total": 0
              }
            },
            {
              "batter": "JM Clarke",
              "bowler": "JP Behrendorff",
              "non_striker": "TF Rogers",
              "runs": {
                "batter": 0,
                "extras": 0,
                "total": 0
              }
            },
            {
              "batter": "JM Clarke",
              "bowler": "JP Behrendorff",
              "non_striker": "TF Rogers",
              "runs": {
                "batter": 4,
                "extras": 0,
                "total": 4
              }
            }
          ]
        },
        {
          "over": 1,
          "deliveries": [
            {
              "batter": "TF Rogers",
              "bowler": "JA Richardson",
              "non_striker": "JM Clarke",
              "runs": {
                "batter": 0,
                "extras": 0,
                "total": 0
              }
            },
            {
              "batter": "TF Rogers",
              "bowler": "JA Richardson",
              "non_striker": "JM Clarke",
              "runs": {
                "batter": 4,
                "extras": 0,
                "total": 4
              }
            },
            {
              "batter": "TF Rogers",
              "bowler": "JA Richardson",
              "non_striker": "JM Clarke",
              "runs": {
                "batter": 2,
                "extras": 0,
                "total": 2
              }
            },
            {
              "batter": "TF Rogers",
              "bowler": "JA Richardson",
              "non_striker": "JM Clarke",
              "runs": {
                "batter": 1,
                "extras": 0,
                "total": 1
              }
            },
            {
              "batter": "JM Clarke",
              "bowler": "JA Richardson",
              "non_striker": "TF Rogers",
              "runs": {
                "batter": 1,
                "extras": 0,
                "total": 1
              }
            },
            {
              "batter": "TF Rogers",
              "bowler": "JA Richardson",
              "non_striker": "JM Clarke",
              "runs": {
                "batter": 0,
                "extras": 0,
                "total": 0
              }
            }
          ]
        },
        {
          "over": 2,
          "deliveries": [
            {
              "batter": "JM Clarke",
              "bowler": "JP Behrendorff",
              "non_striker": "TF Rogers",
              "runs": {
                "batter": 1,
                "extras": 0,
                "total": 1
              }
            },
            {
              "batter": "TF Rogers",
              "bowler": "JP Behrendorff",
              "non_striker": "JM Clarke",
              "runs": {
                "batter": 0,
                "extras": 0,
                "total": 0
              }
            },
            {
              "batter": "TF Rogers",
              "bowler": "JP Behrendorff",
              "non_striker": "JM Clarke",
              "runs": {
                "batter": 0,
                "extras": 0,
                "total": 0
              }
            },
            {
              "batter": "TF Rogers",
              "bowler": "JP Behrendorff",
              "non_striker": "JM Clarke",
              "runs": {
                "batter": 0,
                "extras": 0,
                "total": 0
              }
            },
            {
              "batter": "TF Rogers",
              "bowler": "JP Behrendorff",
              "non_striker": "JM Clarke",
              "runs": {
                "batter": 0,
                "extras": 0,
                "total": 0
              }
            },
            {
              "batter": "TF Rogers",
              "bowler": "JP Behrendorff",
              "non_striker": "JM Clarke",
              "runs": {
                "batter": 1,
                "extras": 0,
                "total": 1
              }
            }
          ]
        },
        {
          "over": 3,
          "deliveries": [
            {
              "batter": "TF Rogers",
              "bowler": "JA Richardson",
              "non_striker": "JM Clarke",
              "runs": {
                "batter": 4,
                "extras": 0,
                "total": 4
              }
            },
            {
              "batter": "TF Rogers",
              "bowler": "JA Richardson",
              "non_striker": "JM Clarke",
              "runs": {
                "batter": 4,
                "extras": 0,
                "total": 4
              }
            },
            {
              "batter": "TF Rogers",
              "bowler": "JA Richardson",
              "non_striker": "JM Clarke",
              "runs": {
                "batter": 4,
                "extras": 0,
                "total": 4
              }
            },
            {
              "batter": "TF Rogers",
              "bowler": "JA Richardson",
              "non_striker": "JM Clarke",
              "runs": {
                "batter": 0,
                "extras": 0,
                "total": 0
              },
              "wickets": [
                {
                  "player_out": "TF Rogers",
                  "fielders": [
                    {
                      "name": "JP Inglis"
                    }
                  ],
                  "kind": "caught"
                }
              ]
            },
            {
              "batter": "BJ Webster",
              "bowler": "JA Richardson",
              "non_striker": "JM Clarke",
              "runs": {
                "batter": 0,
                "extras": 0,
                "total": 0
              },
              "wickets": [
                {
                  "player_out": "BJ Webster",
                  "kind": "lbw"
                }
              ]
            },
            {
              "batter": "NCR Larkin",
              "bowler": "JA Richardson",
              "non_striker": "JM Clarke",
              "runs": {
                "batter": 0,
                "extras": 0,
                "total": 0
              }
            }
          ]
        },
        {
          "over": 4,
          "deliveries": [
            {
              "batter": "JM Clarke",
              "bowler": "P Hatzoglou",
              "non_striker": "NCR Larkin",
              "runs": {
                "batter": 1,
                "extras": 0,
                "total": 1
              }
            },
            {
              "batter": "NCR Larkin",
              "bowler": "P Hatzoglou",
              "non_striker": "JM Clarke",
              "runs": {
                "batter": 1,
                "extras": 0,
                "total": 1
              }
            },
            {
              "batter": "JM Clarke",
              "bowler": "P Hatzoglou",
              "non_striker": "NCR Larkin",
              "runs": {
                "batter": 1,
                "extras": 0,
                "total": 1
              }
            },
            {
              "batter": "NCR Larkin",
              "bowler": "P Hatzoglou",
              "non_striker": "JM Clarke",
              "runs": {
                "batter": 1,
                "extras": 0,
                "total": 1
              }
            },
            {
              "batter": "JM Clarke",
              "bowler": "P Hatzoglou",
              "non_striker": "NCR Larkin",
              "runs": {
                "batter": 0,
                "extras": 0,
                "total": 0
              }
            },
            {
              "batter": "JM Clarke",
              "bowler": "P Hatzoglou",
              "non_striker": "NCR Larkin",
              "runs": {
                "batter": 1,
                "extras": 0,
                "total": 1
              }
            }
          ]
        },
        {
          "over": 5,
          "deliveries": [
            {
              "batter": "JM Clarke",
              "bowler": "AC Agar",
              "non_striker": "NCR Larkin",
              "runs": {
                "batter": 1,
                "extras": 0,
                "total": 1
              }
            },
            {
              "batter": "NCR Larkin",
              "bowler": "AC Agar",
              "non_striker": "JM Clarke",
              "runs": {
                "batter": 2,
                "extras": 0,
                "total": 2
              }
            },
            {
              "batter": "NCR Larkin",
              "bowler": "AC Agar",
              "non_striker": "JM Clarke",
              "runs": {
                "batter": 0,
                "extras": 0,
                "total": 0
              }
            },
            {
              "batter": "NCR Larkin",
              "bowler": "AC Agar",
              "non_striker": "JM Clarke",
              "runs": {
                "batter": 0,
                "extras": 0,
                "total": 0
              },
              "wickets": [
                {
                  "player_out": "NCR Larkin",
                  "fielders": [
                    {
                      "name": "JP Inglis"
                    }
                  ],
                  "kind": "stumped"
                }
              ]
            },
            {
              "batter": "MP Stoinis",
              "bowler": "AC Agar",
              "non_striker": "JM Clarke",
              "runs": {
                "batter": 1,
                "extras": 0,
                "total": 1
              }
            },
            {
              "batter": "JM Clarke",
              "bowler": "AC Agar",
              "non_striker": "MP Stoinis",
              "runs": {
                "batter": 0,
                "extras": 0,
                "total": 0
              }
            }
          ]
        },
        {
          "over": 6,
          "deliveries": [
            {
              "batter": "MP Stoinis",
              "bowler": "P Hatzoglou",
              "non_striker": "JM Clarke",
              "runs": {
                "batter": 1,
                "extras": 0,
                "total": 1
              }
            },
            {
              "batter": "JM Clarke",
              "bowler": "P Hatzoglou",
              "non_striker": "MP Stoinis",
              "runs": {
                "batter": 1,
                "extras": 0,
                "total": 1
              }
            },
            {
              "batter": "MP Stoinis",
              "bowler": "P Hatzoglou",
              "non_striker": "JM Clarke",
              "runs": {
                "batter": 1,
                "extras": 0,
                "total": 1
              }
            },
            {
              "batter": "JM Clarke",
              "bowler": "P Hatzoglou",
              "non_striker": "MP Stoinis",
              "runs": {
                "batter": 1,
                "extras": 0,
                "total": 1
              }
            },
            {
              "batter": "MP Stoinis",
              "bowler": "P Hatzoglou",
              "non_striker": "JM Clarke",
              "runs": {
                "batter": 1,
                "extras": 0,
                "total": 1
              }
            },
            {
              "batter": "JM Clarke",
              "bowler": "P Hatzoglou",
              "non_striker": "MP Stoinis",
              "runs": {
                "batter": 1,
                "extras": 0,
                "total": 1
              }
            }
          ]
        },
        {
          "over": 7,
          "deliveries": [
            {
              "batter": "JM Clarke",
              "bowler": "AC Agar",
              "non_striker": "MP Stoinis",
              "runs": {
                "batter": 2,
                "extras": 0,
                "total": 2
              }
            },
            {
              "batter": "JM Clarke",
              "bowler": "AC Agar",
              "non_striker": "MP Stoinis",
              "runs": {
                "batter": 6,
                "extras": 0,
                "total": 6
              }
            },
            {
              "batter": "JM Clarke",
              "bowler": "AC Agar",
              "non_striker": "MP Stoinis",
              "runs": {
                "batter": 2,
                "extras": 0,
                "total": 2
              }
            },
            {
              "batter": "JM Clarke",
              "bowler": "AC Agar",
              "non_striker": "MP Stoinis",
              "runs": {
                "batter": 1,
                "extras": 0,
                "total": 1
              }
            },
            {
              "batter": "MP Stoinis",
              "bowler": "AC Agar",
              "non_striker": "JM Clarke",
              "runs": {
                "batter": 2,
                "extras": 0,
                "total": 2
              }
            },
            {
              "batter": "MP Stoinis",
              "bowler": "AC Agar",
              "non_striker": "JM Clarke",
              "runs": {
                "batter": 0,
                "extras": 0,
                "total": 0
              }
            }
          ]
        },
        {
          "over": 8,
          "deliveries": [
            {
              "batter": "JM Clarke",
              "bowler": "P Hatzoglou",
              "non_striker": "MP Stoinis",
              "runs": {
                "batter": 1,
                "extras": 0,
                "total": 1
              }
            },
            {
              "batter": "MP Stoinis",
              "bowler": "P Hatzoglou",
              "non_striker": "JM Clarke",
              "runs": {
                "batter": 1,
                "extras": 0,
                "total": 1
              }
            },
            {
              "batter": "JM Clarke",
              "bowler": "P Hatzoglou",
              "non_striker": "MP Stoinis",
              "runs": {
                "batter": 1,
                "extras": 0,
                "total": 1
              }
            },
            {
              "batter": "MP Stoinis",
              "bowler": "P Hatzoglou",
              "non_striker": "JM Clarke",
              "runs": {
                "batter": 1,
                "extras": 0,
                "total": 1
              }
            },
            {
              "batter": "JM Clarke",
              "bowler": "P Hatzoglou",
              "non_striker": "MP Stoinis",
              "runs": {
                "batter": 1,
                "extras": 0,
                "total": 1
              }
            },
            {
              "batter": "MP Stoinis",
              "bowler": "P Hatzoglou",
              "non_striker": "JM Clarke",
              "runs": {
                "batter": 2,
                "extras": 0,
                "total": 2
              }
            }
          ]
        },
        {
          "over": 9,
          "deliveries": [
            {
              "batter": "JM Clarke",
              "bowler": "AJ Tye",
              "extras": {
                "legbyes": 1
              },
              "non_striker": "MP Stoinis",
              "runs": {
                "batter": 0,
                "extras": 1,
                "total": 1
              }
            },
            {
              "batter": "MP Stoinis",
              "bowler": "AJ Tye",
              "non_striker": "JM Clarke",
              "runs": {
                "batter": 0,
                "extras": 0,
                "total": 0
              },
              "wickets": [
                {
                  "player_out": "MP Stoinis",
                  "fielders": [
                    {
                      "name": "A Lyth"
                    }
                  ],
                  "kind": "caught"
                }
              ]
            },
            {
              "batter": "HWR Cartwright",
              "bowler": "AJ Tye",
              "non_striker": "JM Clarke",
              "runs": {
                "batter": 0,
                "extras": 0,
                "total": 0
              }
            },
            {
              "batter": "HWR Cartwright",
              "bowler": "AJ Tye",
              "non_striker": "JM Clarke",
              "runs": {
                "batter": 0,
                "extras": 0,
                "total": 0
              }
            },
            {
              "batter": "HWR Cartwright",
              "bowler": "AJ Tye",
              "non_striker": "JM Clarke",
              "runs": {
                "batter": 4,
                "extras": 0,
                "total": 4
              }
            },
            {
              "batter": "HWR Cartwright",
              "bowler": "AJ Tye",
              "non_striker": "JM Clarke",
              "runs": {
                "batter": 1,
                "extras": 0,
                "total": 1
              }
            }
          ]
        },
        {
          "over": 10,
          "deliveries": [
            {
              "batter": "HWR Cartwright",
              "bowler": "AC Agar",
              "non_striker": "JM Clarke",
              "runs": {
                "batter": 0,
                "extras": 0,
                "total": 0
              }
            },
            {
              "batter": "HWR Cartwright",
              "bowler": "AC Agar",
              "extras": {
                "wides": 1
              },
              "non_striker": "JM Clarke",
              "runs": {
                "batter": 0,
                "extras": 1,
                "total": 1
              }
            },
            {
              "batter": "HWR Cartwright",
              "bowler": "AC Agar",
              "non_striker": "JM Clarke",
              "runs": {
                "batter": 1,
                "extras": 0,
                "total": 1
              }
            },
            {
              "batter": "JM Clarke",
              "bowler": "AC Agar",
              "non_striker": "HWR Cartwright",
              "runs": {
                "batter": 1,
                "extras": 0,
                "total": 1
              }
            },
            {
              "batter": "HWR Cartwright",
              "bowler": "AC Agar",
              "non_striker": "JM Clarke",
              "runs": {
                "batter": 0,
                "extras": 0,
                "total": 0
              }
            },
            {
              "batter": "HWR Cartwright",
              "bowler": "AC Agar",
              "non_striker": "JM Clarke",
              "runs": {
                "batter": 1,
                "extras": 0,
                "total": 1
              }
            },
            {
              "batter": "JM Clarke",
              "bowler": "AC Agar",
              "non_striker": "HWR Cartwright",
              "runs": {
                "batter": 1,
                "extras": 0,
                "total": 1
              }
            }
          ]
        },
        {
          "over": 11,
          "deliveries": [
            {
              "batter": "JM Clarke",
              "bowler": "JP Behrendorff",
              "non_striker": "HWR Cartwright",
              "runs": {
                "batter": 4,
                "extras": 0,
                "total": 4
              }
            },
            {
              "batter": "JM Clarke",
              "bowler": "JP Behrendorff",
              "non_striker": "HWR Cartwright",
              "runs": {
                "batter": 0,
                "extras": 0,
                "total": 0
              }
            },
            {
              "batter": "JM Clarke",
              "bowler": "JP Behrendorff",
              "non_striker": "HWR Cartwright",
              "runs": {
                "batter": 0,
                "extras": 0,
                "total": 0
              },
              "wickets": [
                {
                  "player_out": "JM Clarke",
                  "fielders": [
                    {
                      "name": "AC Agar"
                    }
                  ],
                  "kind": "caught"
                }
              ]
            },
            {
              "batter": "C Kellaway",
              "bowler": "JP Behrendorff",
              "non_striker": "HWR Cartwright",
              "runs": {
                "batter": 1,
                "extras": 0,
                "total": 1
              }
            },
            {
              "batter": "HWR Cartwright",
              "bowler": "JP Behrendorff",
              "non_striker": "C Kellaway",
              "runs": {
                "batter": 0,
                "extras": 0,
                "total": 0
              }
            },
            {
              "batter": "HWR Cartwright",
              "bowler": "JP Behrendorff",
              "non_striker": "C Kellaway",
              "runs": {
                "batter": 1,
                "extras": 0,
                "total": 1
              }
            }
          ]
        },
        {
          "over": 12,
          "deliveries": [
            {
              "batter": "HWR Cartwright",
              "bowler": "AJ Tye",
              "non_striker": "C Kellaway",
              "runs": {
                "batter": 1,
                "extras": 0,
                "total": 1
              }
            },
            {
              "batter": "C Kellaway",
              "bowler": "AJ Tye",
              "non_striker": "HWR Cartwright",
              "runs": {
                "batter": 2,
                "extras": 0,
                "total": 2
              }
            },
            {
              "batter": "C Kellaway",
              "bowler": "AJ Tye",
              "non_striker": "HWR Cartwright",
              "runs": {
                "batter": 0,
                "extras": 0,
                "total": 0
              },
              "wickets": [
                {
                  "player_out": "C Kellaway",
                  "fielders": [
                    {
                      "name": "JP Inglis"
                    }
                  ],
                  "kind": "caught"
                }
              ]
            },
            {
              "batter": "NM Coulter-Nile",
              "bowler": "AJ Tye",
              "non_striker": "HWR Cartwright",
              "runs": {
                "batter": 0,
                "extras": 0,
                "total": 0
              }
            },
            {
              "batter": "NM Coulter-Nile",
              "bowler": "AJ Tye",
              "non_striker": "HWR Cartwright",
              "runs": {
                "batter": 0,
                "extras": 0,
                "total": 0
              }
            },
            {
              "batter": "NM Coulter-Nile",
              "bowler": "AJ Tye",
              "extras": {
                "wides": 1
              },
              "non_striker": "HWR Cartwright",
              "runs": {
                "batter": 0,
                "extras": 1,
                "total": 1
              }
            },
            {
              "batter": "NM Coulter-Nile",
              "bowler": "AJ Tye",
              "non_striker": "HWR Cartwright",
              "runs": {
                "batter": 1,
                "extras": 0,
                "total": 1
              }
            }
          ]
        },
        {
          "over": 13,
          "deliveries": [
            {
              "batter": "NM Coulter-Nile",
              "bowler": "JA Richardson",
              "extras": {
                "wides": 1
              },
              "non_striker": "HWR Cartwright",
              "runs": {
                "batter": 0,
                "extras": 1,
                "total": 1
              }
            },
            {
              "batter": "NM Coulter-Nile",
              "bowler": "JA Richardson",
              "non_striker": "HWR Cartwright",
              "runs": {
                "batter": 1,
                "extras": 0,
                "total": 1
              }
            },
            {
              "batter": "HWR Cartwright",
              "bowler": "JA Richardson",
              "non_striker": "NM Coulter-Nile",
              "runs": {
                "batter": 0,
                "extras": 0,
                "total": 0
              }
            },
            {
              "batter": "HWR Cartwright",
              "bowler": "JA Richardson",
              "non_striker": "NM Coulter-Nile",
              "runs": {
                "batter": 1,
                "extras": 0,
                "total": 1
              }
            },
            {
              "batter": "NM Coulter-Nile",
              "bowler": "JA Richardson",
              "non_striker": "HWR Cartwright",
              "runs": {
                "batter": 0,
                "extras": 0,
                "total": 0
              }
            },
            {
              "batter": "NM Coulter-Nile",
              "bowler": "JA Richardson",
              "non_striker": "HWR Cartwright",
              "runs": {
                "batter": 0,
                "extras": 0,
                "total": 0
              },
              "wickets": [
                {
                  "player_out": "NM Coulter-Nile",
                  "fielders": [
                    {
                      "name": "F du Plessis"
                    }
                  ],
                  "kind": "caught"
                }
              ]
            },
            {
              "batter": "L Wood",
              "bowler": "JA Richardson",
              "non_striker": "HWR Cartwright",
              "runs": {
                "batter": 0,
                "extras": 0,
                "total": 0
              },
              "wickets": [
                {
                  "player_out": "L Wood",
                  "kind": "bowled"
                }
              ]
            }
          ]
        },
        {
          "over": 14,
          "deliveries": [
            {
              "batter": "HWR Cartwright",
              "bowler": "AJ Tye",
              "non_striker": "TA Boult",
              "runs": {
                "batter": 0,
                "extras": 0,
                "total": 0
              }
            },
            {
              "batter": "HWR Cartwright",
              "bowler": "AJ Tye",
              "non_striker": "TA Boult",
              "runs": {
                "batter": 1,
                "extras": 0,
                "total": 1
              }
            },
            {
              "batter": "TA Boult",
              "bowler": "AJ Tye",
              "non_striker": "HWR Cartwright",
              "runs": {
                "batter": 1,
                "extras": 0,
                "total": 1
              }
            },
            {
              "batter": "HWR Cartwright",
              "bowler": "AJ Tye",
              "non_striker": "TA Boult",
              "runs": {
                "batter": 2,
                "extras": 0,
                "total": 2
              }
            },
            {
              "batter": "HWR Cartwright",
              "bowler": "AJ Tye",
              "non_striker": "TA Boult",
              "runs": {
                "batter": 1,
                "extras": 0,
                "total": 1
              }
            },
            {
              "batter": "TA Boult",
              "bowler": "AJ Tye",
              "non_striker": "HWR Cartwright",
              "runs": {
                "batter": 0,
                "extras": 0,
                "total": 0
              }
            }
          ]
        },
        {
          "over": 15,
          "deliveries": [
            {
              "batter": "HWR Cartwright",
              "bowler": "P Hatzoglou",
              "non_striker": "TA Boult",
              "runs": {
                "batter": 1,
                "extras": 0,
                "total": 1
              }
            },
            {
              "batter": "TA Boult",
              "bowler": "P Hatzoglou",
              "non_striker": "HWR Cartwright",
              "runs": {
                "batter": 6,
                "extras": 0,
                "total": 6
              }
            },
            {
              "batter": "TA Boult",
              "bowler": "P Hatzoglou",
              "non_striker": "HWR Cartwright",
              "runs": {
                "batter": 0,
                "extras": 0,
                "total": 0
              }
            },
            {
              "batter": "TA Boult",
              "bowler": "P Hatzoglou",
              "non_striker": "HWR Cartwright",
              "runs": {
                "batter": 0,
                "extras": 0,
                "total": 0
              }
            },
            {
              "batter": "TA Boult",
              "bowler": "P Hatzoglou",
              "non_striker": "HWR Cartwright",
              "runs": {
                "batter": 1,
                "extras": 0,
                "total": 1
              }
            },
            {
              "batter": "HWR Cartwright",
              "bowler": "P Hatzoglou",
              "non_striker": "TA Boult",
              "runs": {
                "batter": 1,
                "extras": 0,
                "total": 1
              }
            }
          ]
        },
        {
          "over": 16,
          "deliveries": [
            {
              "batter": "HWR Cartwright",
              "bowler": "AC Agar",
              "non_striker": "TA Boult",
              "runs": {
                "batter": 0,
                "extras": 0,
                "total": 0
              }
            },
            {
              "batter": "HWR Cartwright",
              "bowler": "AC Agar",
              "non_striker": "TA Boult",
              "runs": {
                "batter": 0,
                "extras": 0,
                "total": 0
              }
            },
            {
              "batter": "HWR Cartwright",
              "bowler": "AC Agar",
              "non_striker": "TA Boult",
              "runs": {
                "batter": 1,
                "extras": 0,
                "total": 1
              }
            },
            {
              "batter": "TA Boult",
              "bowler": "AC Agar",
              "non_striker": "HWR Cartwright",
              "runs": {
                "batter": 6,
                "extras": 0,
                "total": 6
              }
            },
            {
              "batter": "TA Boult",
              "bowler": "AC Agar",
              "non_striker": "HWR Cartwright",
              "runs": {
                "batter": 6,
                "extras": 0,
                "total": 6
              }
            },
            {
              "batter": "TA Boult",
              "bowler": "AC Agar",
              "non_striker": "HWR Cartwright",
              "runs": {
                "batter": 1,
                "extras": 0,
                "total": 1
              }
            }
          ]
        },
        {
          "over": 17,
          "deliveries": [
            {
              "batter": "TA Boult",
              "bowler": "JA Richardson",
              "non_striker": "HWR Cartwright",
              "runs": {
                "batter": 0,
                "extras": 0,
                "total": 0
              }
            },
            {
              "batter": "TA Boult",
              "bowler": "JA Richardson",
              "non_striker": "HWR Cartwright",
              "runs": {
                "batter": 0,
                "extras": 0,
                "total": 0
              }
            },
            {
              "batter": "TA Boult",
              "bowler": "JA Richardson",
              "non_striker": "HWR Cartwright",
              "runs": {
                "batter": 0,
                "extras": 0,
                "total": 0
              }
            },
            {
              "batter": "TA Boult",
              "bowler": "JA Richardson",
              "non_striker": "HWR Cartwright",
              "runs": {
                "batter": 0,
                "extras": 0,
                "total": 0
              }
            },
            {
              "batter": "TA Boult",
              "bowler": "JA Richardson",
              "non_striker": "HWR Cartwright",
              "runs": {
                "batter": 1,
                "extras": 0,
                "total": 1
              }
            },
            {
              "batter": "HWR Cartwright",
              "bowler": "JA Richardson",
              "non_striker": "TA Boult",
              "runs": {
                "batter": 1,
                "extras": 0,
                "total": 1
              }
            }
          ]
        },
        {
          "over": 18,
          "deliveries": [
            {
              "batter": "HWR Cartwright",
              "bowler": "AJ Tye",
              "non_striker": "TA Boult",
              "runs": {
                "batter": 6,
                "extras": 0,
                "total": 6
              }
            },
            {
              "batter": "HWR Cartwright",
              "bowler": "AJ Tye",
              "non_striker": "TA Boult",
              "runs": {
                "batter": 1,
                "extras": 0,
                "total": 1
              }
            },
            {
              "batter": "TA Boult",
              "bowler": "AJ Tye",
              "non_striker": "HWR Cartwright",
              "runs": {
                "batter": 1,
                "extras": 0,
                "total": 1
              }
            },
            {
              "batter": "HWR Cartwright",
              "bowler": "AJ Tye",
              "non_striker": "TA Boult",
              "runs": {
                "batter": 0,
                "extras": 0,
                "total": 0
              }
            },
            {
              "batter": "HWR Cartwright",
              "bowler": "AJ Tye",
              "non_striker": "TA Boult",
              "runs": {
                "batter": 1,
                "extras": 0,
                "total": 1
              }
            },
            {
              "batter": "TA Boult",
              "bowler": "AJ Tye",
              "non_striker": "HWR Cartwright",
              "runs": {
                "batter": 0,
                "extras": 0,
                "total": 0
              }
            }
          ]
        },
        {
          "over": 19,
          "deliveries": [
            {
              "batter": "HWR Cartwright",
              "bowler": "JP Behrendorff",
              "non_striker": "TA Boult",
              "runs": {
                "batter": 6,
                "extras": 0,
                "total": 6
              }
            },
            {
              "batter": "HWR Cartwright",
              "bowler": "JP Behrendorff",
              "non_striker": "TA Boult",
              "runs": {
                "batter": 0,
                "extras": 0,
                "total": 0
              }
            },
            {
              "batter": "HWR Cartwright",
              "bowler": "JP Behrendorff",
              "non_striker": "TA Boult",
              "runs": {
                "batter": 0,
                "extras": 0,
                "total": 0
              }
            },
            {
              "batter": "HWR Cartwright",
              "bowler": "JP Behrendorff",
              "non_striker": "TA Boult",
              "runs": {
                "batter": 4,
                "extras": 0,
                "total": 4
              }
            },
            {
              "batter": "HWR Cartwright",
              "bowler": "JP Behrendorff",
              "non_striker": "TA Boult",
              "runs": {
                "batter": 0,
                "extras": 0,
                "total": 0
              },
              "wickets": [
                {
                  "player_out": "HWR Cartwright",
                  "fielders": [
                    {
                      "name": "F du Plessis"
                    }
                  ],
                  "kind": "caught"
                }
              ]
            },
            {
              "batter": "A Zampa",
              "bowler": "JP Behrendorff",
              "non_striker": "TA Boult",
              "runs": {
                "batter": 0,
                "extras": 0,
                "total": 0
              },
              "wickets": [
                {
                  "player_out": "A Zampa",
                  "fielders": [
                    {
                      "name": "JP Inglis"
                    }
                  ],
                  "kind": "run out"
                }
              ]
            }
          ]
        }
      ],
      "powerplays": [
        {
          "from": 0.1,
          "to": 3.6,
          "type": "mandatory"
        },
        {
          "from": 13.1,
          "to": 14.6,
          "type": "batting"
        }
      ]
    },
    {
      "team": "Perth Scorchers",
      "overs": [
        {
          "over": 0,
          "deliveries": [
            {
              "batter": "A Lyth",
              "bowler": "TA Boult",
              "extras": {
                "wides": 1
              },
              "non_striker": "F du Plessis",
              "runs": {
                "batter": 0,
                "extras": 1,
                "total": 1
              }
            },
            {
              "batter": "A Lyth",
              "bowler": "TA Boult",
              "non_striker": "F du Plessis",
              "runs": {
                "batter": 1,
                "extras": 0,
                "total": 1
              }
            },
            {
              "batter": "F du Plessis",
              "bowler": "TA Boult",
              "non_striker": "A Lyth",
              "runs": {
                "batter": 1,
                "extras": 0,
                "total": 1
              }
            },
            {
              "batter": "A Lyth",
              "bowler": "TA Boult",
              "non_striker": "F du Plessis",
              "runs": {
                "batter": 3,
                "extras": 0,
                "total": 3
              }
            },
            {
              "batter": "F du Plessis",
              "bowler": "TA Boult",
              "non_striker": "A Lyth",
              "runs": {
                "batter": 0,
                "extras": 0,
                "total": 0
              }
            },
            {
              "batter": "F du Plessis",
              "bowler": "TA Boult",
              "non_striker": "A Lyth",
              "runs": {
                "batter": 2,
                "extras": 0,
                "total": 2
              }
            },
            {
              "batter": "F du Plessis",
              "bowler": "TA Boult",
              "non_striker": "A Lyth",
              "runs": {
                "batter": 0,
                "extras": 0,
                "total": 0
              }
            }
          ]
        },
        {
          "over": 1,
          "deliveries": [
            {
              "batter": "A Lyth",
              "bowler": "L Wood",
              "non_striker": "F du Plessis",
              "runs": {
                "batter": 4,
                "extras": 0,
                "total": 4
              }
            },
            {
              "batter": "A Lyth",
              "bowler": "L Wood",
              "non_striker": "F du Plessis",
              "runs": {
                "batter": 0,
                "extras": 0,
                "total": 0
              }
            },
            {
              "batter": "A Lyth",
              "bowler": "L Wood",
              "non_striker": "F du Plessis",
              "runs": {
                "batter": 4,
                "extras": 0,
                "total": 4
              }
            },
            {
              "batter": "A Lyth",
              "bowler": "L Wood",
              "non_striker": "F du Plessis",
              "runs": {
                "batter": 1,
                "extras": 0,
                "total": 1
              }
            },
            {
              "batter": "F du Plessis",
              "bowler": "L Wood",
              "non_striker": "A Lyth",
              "runs": {
                "batter": 0,
                "extras": 0,
                "total": 0
              },
              "wickets": [
                {
                  "player_out": "F du Plessis",
                  "fielders": [
                    {
                      "name": "MP Stoinis"
                    }
                  ],
                  "kind": "caught"
                }
              ]
            },
            {
              "batter": "AM Hardie",
              "bowler": "L Wood",
              "non_striker": "A Lyth",
              "runs": {
                "batter": 0,
                "extras": 0,
                "total": 0
              }
            }
          ]
        },
        {
          "over": 2,
          "deliveries": [
            {
              "batter": "A Lyth",
              "bowler": "TA Boult",
              "non_striker": "AM Hardie",
              "runs": {
                "batter": 0,
                "extras": 0,
                "total": 0
              }
            },
            {
              "batter": "A Lyth",
              "bowler": "TA Boult",
              "non_striker": "AM Hardie",
              "runs": {
                "batter": 0,
                "extras": 0,
                "total": 0
              }
            },
            {
              "batter": "A Lyth",
              "bowler": "TA Boult",
              "non_striker": "AM Hardie",
              "runs": {
                "batter": 1,
                "extras": 0,
                "total": 1
              }
            },
            {
              "batter": "AM Hardie",
              "bowler": "TA Boult",
              "non_striker": "A Lyth",
              "runs": {
                "batter": 0,
                "extras": 0,
                "total": 0
              }
            },
            {
              "batter": "AM Hardie",
              "bowler": "TA Boult",
              "non_striker": "A Lyth",
              "runs": {
                "batter": 0,
                "extras": 0,
                "total": 0
              }
            },
            {
              "batter": "AM Hardie",
              "bowler": "TA Boult",
              "non_striker": "A Lyth",
              "runs": {
                "batter": 0,
                "extras": 0,
                "total": 0
              }
            }
          ]
        },
        {
          "over": 3,
          "deliveries": [
            {
              "batter": "A Lyth",
              "bowler": "L Wood",
              "non_striker": "AM Hardie",
              "runs": {
                "batter": 2,
                "extras": 0,
                "total": 2
              }
            },
            {
              "batter": "A Lyth",
              "bowler": "L Wood",
              "non_striker": "AM Hardie",
              "runs": {
                "batter": 0,
                "extras": 0,
                "total": 0
              }
            },
            {
              "batter": "A Lyth",
              "bowler": "L Wood",
              "non_striker": "AM Hardie",
              "runs": {
                "batter": 1,
                "extras": 0,
                "total": 1
              }
            },
            {
              "batter": "AM Hardie",
              "bowler": "L Wood",
              "non_striker": "A Lyth",
              "runs": {
                "batter": 4,
                "extras": 0,
                "total": 4
              }
            },
            {
              "batter": "AM Hardie",
              "bowler": "L Wood",
              "non_striker": "A Lyth",
              "runs": {
                "batter": 0,
                "extras": 0,
                "total": 0
              }
            },
            {
              "batter": "AM Hardie",
              "bowler": "L Wood",
              "non_striker": "A Lyth",
              "runs": {
                "batter": 0,
                "extras": 0,
                "total": 0
              }
            }
          ]
        },
        {
          "over": 4,
          "deliveries": [
            {
              "batter": "A Lyth",
              "bowler": "A Zampa",
              "non_striker": "AM Hardie",
              "runs": {
                "batter": 0,
                "extras": 0,
                "total": 0
              }
            },
            {
              "batter": "A Lyth",
              "bowler": "A Zampa",
              "non_striker": "AM Hardie",
              "runs": {
                "batter": 1,
                "extras": 0,
                "total": 1
              }
            },
            {
              "batter": "AM Hardie",
              "bowler": "A Zampa",
              "non_striker": "A Lyth",
              "runs": {
                "batter": 0,
                "extras": 0,
                "total": 0
              }
            },
            {
              "batter": "AM Hardie",
              "bowler": "A Zampa",
              "non_striker": "A Lyth",
              "runs": {
                "batter": 1,
                "extras": 0,
                "total": 1
              }
            },
            {
              "batter": "A Lyth",
              "bowler": "A Zampa",
              "non_striker": "AM Hardie",
              "runs": {
                "batter": 2,
                "extras": 0,
                "total": 2
              }
            },
            {
              "batter": "A Lyth",
              "bowler": "A Zampa",
              "non_striker": "AM Hardie",
              "runs": {
                "batter": 2,
                "extras": 0,
                "total": 2
              }
            }
          ]
        },
        {
          "over": 5,
          "deliveries": [
            {
              "batter": "AM Hardie",
              "bowler": "NM Coulter-Nile",
              "non_striker": "A Lyth",
              "runs": {
                "batter": 1,
                "extras": 0,
                "total": 1
              }
            },
            {
              "batter": "A Lyth",
              "bowler": "NM Coulter-Nile",
              "non_striker": "AM Hardie",
              "runs": {
                "batter": 0,
                "extras": 0,
                "total": 0
              }
            },
            {
              "batter": "A Lyth",
              "bowler": "NM Coulter-Nile",
              "non_striker": "AM Hardie",
              "runs": {
                "batter": 1,
                "extras": 0,
                "total": 1
              }
            },
            {
              "batter": "AM Hardie",
              "bowler": "NM Coulter-Nile",
              "non_striker": "A Lyth",
              "runs": {
                "batter": 2,
                "extras": 0,
                "total": 2
              }
            },
            {
              "batter": "AM Hardie",
              "bowler": "NM Coulter-Nile",
              "non_striker": "A Lyth",
              "runs": {
                "batter": 0,
                "extras": 0,
                "total": 0
              }
            },
            {
              "batter": "AM Hardie",
              "bowler": "NM Coulter-Nile",
              "non_striker": "A Lyth",
              "runs": {
                "batter": 1,
                "extras": 0,
                "total": 1
              }
            }
          ]
        },
        {
          "over": 6,
          "deliveries": [
            {
              "batter": "AM Hardie",
              "bowler": "A Zampa",
              "non_striker": "A Lyth",
              "runs": {
                "batter": 1,
                "extras": 0,
                "total": 1
              }
            },
            {
              "batter": "A Lyth",
              "bowler": "A Zampa",
              "extras": {
                "wides": 1
              },
              "non_striker": "AM Hardie",
              "runs": {
                "batter": 0,
                "extras": 1,
                "total": 1
              }
            },
            {
              "batter": "A Lyth",
              "bowler": "A Zampa",
              "non_striker": "AM Hardie",
              "runs": {
                "batter": 1,
                "extras": 0,
                "total": 1
              }
            },
            {
              "batter": "AM Hardie",
              "bowler": "A Zampa",
              "non_striker": "A Lyth",
              "runs": {
                "batter": 4,
                "extras": 0,
                "total": 4
              }
            },
            {
              "batter": "AM Hardie",
              "bowler": "A Zampa",
              "non_striker": "A Lyth",
              "runs": {
                "batter": 2,
                "extras": 0,
                "total": 2
              }
            },
            {
              "batter": "AM Hardie",
              "bowler": "A Zampa",
              "non_striker": "A Lyth",
              "review": {
                "by": "Melbourne Stars",
                "umpire": "BC Treloar",
                "batter": "AM Hardie",
                "decision": "struck down"
              },
              "runs": {
                "batter": 0,
                "extras": 0,
                "total": 0
              }
            },
            {
              "batter": "AM Hardie",
              "bowler": "A Zampa",
              "non_striker": "A Lyth",
              "runs": {
                "batter": 1,
                "extras": 0,
                "total": 1
              }
            }
          ]
        },
        {
          "over": 7,
          "deliveries": [
            {
              "batter": "AM Hardie",
              "bowler": "NM Coulter-Nile",
              "non_striker": "A Lyth",
              "runs": {
                "batter": 0,
                "extras": 0,
                "total": 0
              },
              "wickets": [
                {
                  "player_out": "AM Hardie",
                  "fielders": [
                    {
                      "name": "BJ Webster"
                    }
                  ],
                  "kind": "caught"
                }
              ]
            },
            {
              "batter": "JP Inglis",
              "bowler": "NM Coulter-Nile",
              "non_striker": "A Lyth",
              "runs": {
                "batter": 0,
                "extras": 0,
                "total": 0
              }
            },
            {
              "batter": "JP Inglis",
              "bowler": "NM Coulter-Nile",
              "non_striker": "A Lyth",
              "runs": {
                "batter": 1,
                "extras": 0,
                "total": 1
              }
            },
            {
              "batter": "A Lyth",
              "bowler": "NM Coulter-Nile",
              "non_striker": "JP Inglis",
              "runs": {
                "batter": 1,
                "extras": 0,
                "total": 1
              }
            },
            {
              "batter": "JP Inglis",
              "bowler": "NM Coulter-Nile",
              "extras": {
                "wides": 1
              },
              "non_striker": "A Lyth",
              "runs": {
                "batter": 0,
                "extras": 1,
                "total": 1
              }
            },
            {
              "batter": "JP Inglis",
              "bowler": "NM Coulter-Nile",
              "non_striker": "A Lyth",
              "runs": {
                "batter": 0,
                "extras": 0,
                "total": 0
              }
            },
            {
              "batter": "JP Inglis",
              "bowler": "NM Coulter-Nile",
              "non_striker": "A Lyth",
              "runs": {
                "batter": 1,
                "extras": 0,
                "total": 1
              }
            }
          ]
        },
        {
          "over": 8,
          "deliveries": [
            {
              "batter": "JP Inglis",
              "bowler": "MP Stoinis",
              "non_striker": "A Lyth",
              "runs": {
                "batter": 2,
                "extras": 0,
                "total": 2
              }
            },
            {
              "batter": "JP Inglis",
              "bowler": "MP Stoinis",
              "non_striker": "A Lyth",
              "runs": {
                "batter": 1,
                "extras": 0,
                "total": 1
              }
            },
            {
              "batter": "A Lyth",
              "bowler": "MP Stoinis",
              "non_striker": "JP Inglis",
              "runs": {
                "batter": 1,
                "extras": 0,
                "total": 1
              }
            },
            {
              "batter": "JP Inglis",
              "bowler": "MP Stoinis",
              "non_striker": "A Lyth",
              "runs": {
                "batter": 2,
                "extras": 0,
                "total": 2
              }
            },
            {
              "batter": "JP Inglis",
              "bowler": "MP Stoinis",
              "non_striker": "A Lyth",
              "runs": {
                "batter": 1,
                "extras": 0,
                "total": 1
              }
            },
            {
              "batter": "A Lyth",
              "bowler": "MP Stoinis",
              "non_striker": "JP Inglis",
              "runs": {
                "batter": 1,
                "extras": 0,
                "total": 1
              }
            }
          ]
        },
        {
          "over": 9,
          "deliveries": [
            {
              "batter": "A Lyth",
              "bowler": "NM Coulter-Nile",
              "non_striker": "JP Inglis",
              "runs": {
                "batter": 1,
                "extras": 0,
                "total": 1
              }
            },
            {
              "batter": "JP Inglis",
              "bowler": "NM Coulter-Nile",
              "non_striker": "A Lyth",
              "runs": {
                "batter": 0,
                "extras": 0,
                "total": 0
              }
            },
            {
              "batter": "JP Inglis",
              "bowler": "NM Coulter-Nile",
              "non_striker": "A Lyth",
              "runs": {
                "batter": 1,
                "extras": 0,
                "total": 1
              }
            },
            {
              "batter": "A Lyth",
              "bowler": "NM Coulter-Nile",
              "non_striker": "JP Inglis",
              "runs": {
                "batter": 4,
                "extras": 0,
                "total": 4
              }
            },
            {
              "batter": "A Lyth",
              "bowler": "NM Coulter-Nile",
              "extras": {
                "byes": 1
              },
              "non_striker": "JP Inglis",
              "runs": {
                "batter": 0,
                "extras": 1,
                "total": 1
              }
            },
            {
              "batter": "JP Inglis",
              "bowler": "NM Coulter-Nile",
              "non_striker": "A Lyth",
              "runs": {
                "batter": 1,
                "extras": 0,
                "total": 1
              }
            }
          ]
        },
        {
          "over": 10,
          "deliveries": [
            {
              "batter": "JP Inglis",
              "bowler": "TA Boult",
              "non_striker": "A Lyth",
              "runs": {
                "batter": 1,
                "extras": 0,
                "total": 1
              }
            },
            {
              "batter": "A Lyth",
              "bowler": "TA Boult",
              "non_striker": "JP Inglis",
              "runs": {
                "batter": 0,
                "extras": 0,
                "total": 0
              }
            },
            {
              "batter": "A Lyth",
              "bowler": "TA Boult",
              "non_striker": "JP Inglis",
              "runs": {
                "batter": 1,
                "extras": 0,
                "total": 1
              }
            },
            {
              "batter": "JP Inglis",
              "bowler": "TA Boult",
              "extras": {
                "wides": 1
              },
              "non_striker": "A Lyth",
              "runs": {
                "batter": 0,
                "extras": 1,
                "total": 1
              }
            },
            {
              "batter": "JP Inglis",
              "bowler": "TA Boult",
              "extras": {
                "legbyes": 1
              },
              "non_striker": "A Lyth",
              "runs": {
                "batter": 0,
                "extras": 1,
                "total": 1
              }
            },
            {
              "batter": "A Lyth",
              "bowler": "TA Boult",
              "non_striker": "JP Inglis",
              "runs": {
                "batter": 0,
                "extras": 0,
                "total": 0
              }
            },
            {
              "batter": "A Lyth",
              "bowler": "TA Boult",
              "non_striker": "JP Inglis",
              "runs": {
                "batter": 2,
                "extras": 0,
                "total": 2
              }
            }
          ]
        },
        {
          "over": 11,
          "deliveries": [
            {
              "batter": "JP Inglis",
              "bowler": "MP Stoinis",
              "non_striker": "A Lyth",
              "runs": {
                "batter": 1,
                "extras": 0,
                "total": 1
              }
            },
            {
              "batter": "A Lyth",
              "bowler": "MP Stoinis",
              "non_striker": "JP Inglis",
              "runs": {
                "batter": 0,
                "extras": 0,
                "total": 0
              },
              "wickets": [
                {
                  "player_out": "A Lyth",
                  "kind": "bowled"
                }
              ]
            },
            {
              "batter": "AJ Turner",
              "bowler": "MP Stoinis",
              "non_striker": "JP Inglis",
              "runs": {
                "batter": 0,
                "extras": 0,
                "total": 0
              }
            },
            {
              "batter": "AJ Turner",
              "bowler": "MP Stoinis",
              "non_striker": "JP Inglis",
              "runs": {
                "batter": 1,
                "extras": 0,
                "total": 1
              }
            },
            {
              "batter": "JP Inglis",
              "bowler": "MP Stoinis",
              "non_striker": "AJ Turner",
              "runs": {
                "batter": 1,
                "extras": 0,
                "total": 1
              }
            },
            {
              "batter": "AJ Turner",
              "bowler": "MP Stoinis",
              "non_striker": "JP Inglis",
              "runs": {
                "batter": 6,
                "extras": 0,
                "total": 6
              }
            }
          ]
        },
        {
          "over": 12,
          "deliveries": [
            {
              "batter": "JP Inglis",
              "bowler": "A Zampa",
              "non_striker": "AJ Turner",
              "runs": {
                "batter": 1,
                "extras": 0,
                "total": 1
              }
            },
            {
              "batter": "AJ Turner",
              "bowler": "A Zampa",
              "non_striker": "JP Inglis",
              "runs": {
                "batter": 0,
                "extras": 0,
                "total": 0
              }
            },
            {
              "batter": "AJ Turner",
              "bowler": "A Zampa",
              "non_striker": "JP Inglis",
              "runs": {
                "batter": 0,
                "extras": 0,
                "total": 0
              }
            },
            {
              "batter": "AJ Turner",
              "bowler": "A Zampa",
              "non_striker": "JP Inglis",
              "runs": {
                "batter": 0,
                "extras": 0,
                "total": 0
              }
            },
            {
              "batter": "AJ Turner",
              "bowler": "A Zampa",
              "non_striker": "JP Inglis",
              "runs": {
                "batter": 1,
                "extras": 0,
                "total": 1
              }
            },
            {
              "batter": "JP Inglis",
              "bowler": "A Zampa",
              "non_striker": "AJ Turner",
              "runs": {
                "batter": 0,
                "extras": 0,
                "total": 0
              }
            }
          ]
        },
        {
          "over": 13,
          "deliveries": [
            {
              "batter": "AJ Turner",
              "bowler": "NM Coulter-Nile",
              "non_striker": "JP Inglis",
              "runs": {
                "batter": 0,
                "extras": 0,
                "total": 0
              }
            },
            {
              "batter": "AJ Turner",
              "bowler": "NM Coulter-Nile",
              "non_striker": "JP Inglis",
              "runs": {
                "batter": 1,
                "extras": 0,
                "total": 1
              }
            },
            {
              "batter": "JP Inglis",
              "bowler": "NM Coulter-Nile",
              "extras": {
                "wides": 1
              },
              "non_striker": "AJ Turner",
              "runs": {
                "batter": 0,
                "extras": 1,
                "total": 1
              }
            },
            {
              "batter": "JP Inglis",
              "bowler": "NM Coulter-Nile",
              "non_striker": "AJ Turner",
              "runs": {
                "batter": 1,
                "extras": 0,
                "total": 1
              }
            },
            {
              "batter": "AJ Turner",
              "bowler": "NM Coulter-Nile",
              "non_striker": "JP Inglis",
              "runs": {
                "batter": 4,
                "extras": 0,
                "total": 4
              }
            },
            {
              "batter": "AJ Turner",
              "bowler": "NM Coulter-Nile",
              "non_striker": "JP Inglis",
              "runs": {
                "batter": 0,
                "extras": 0,
                "total": 0
              }
            },
            {
              "batter": "AJ Turner",
              "bowler": "NM Coulter-Nile",
              "non_striker": "JP Inglis",
              "runs": {
                "batter": 1,
                "extras": 0,
                "total": 1
              }
            }
          ]
        },
        {
          "over": 14,
          "deliveries": [
            {
              "batter": "AJ Turner",
              "bowler": "MP Stoinis",
              "non_striker": "JP Inglis",
              "runs": {
                "batter": 1,
                "extras": 0,
                "total": 1
              }
            },
            {
              "batter": "JP Inglis",
              "bowler": "MP Stoinis",
              "non_striker": "AJ Turner",
              "runs": {
                "batter": 1,
                "extras": 0,
                "total": 1
              }
            },
            {
              "batter": "AJ Turner",
              "bowler": "MP Stoinis",
              "non_striker": "JP Inglis",
              "runs": {
                "batter": 3,
                "extras": 0,
                "total": 3
              }
            },
            {
              "batter": "JP Inglis",
              "bowler": "MP Stoinis",
              "non_striker": "AJ Turner",
              "runs": {
                "batter": 1,
                "extras": 0,
                "total": 1
              }
            },
            {
              "batter": "AJ Turner",
              "bowler": "MP Stoinis",
              "non_striker": "JP Inglis",
              "runs": {
                "batter": 4,
                "extras": 0,
                "total": 4
              }
            },
            {
              "batter": "AJ Turner",
              "bowler": "MP Stoinis",
              "non_striker": "JP Inglis",
              "runs": {
                "batter": 4,
                "extras": 0,
                "total": 4
              }
            }
          ]
        },
        {
          "over": 15,
          "deliveries": [
            {
              "batter": "JP Inglis",
              "bowler": "L Wood",
              "non_striker": "AJ Turner",
              "runs": {
                "batter": 1,
                "extras": 0,
                "total": 1
              }
            },
            {
              "batter": "AJ Turner",
              "bowler": "L Wood",
              "non_striker": "JP Inglis",
              "runs": {
                "batter": 2,
                "extras": 0,
                "total": 2
              }
            },
            {
              "batter": "AJ Turner",
              "bowler": "L Wood",
              "non_striker": "JP Inglis",
              "runs": {
                "batter": 4,
                "extras": 0,
                "total": 4
              }
            },
            {
              "batter": "AJ Turner",
              "bowler": "L Wood",
              "non_striker": "JP Inglis",
              "runs": {
                "batter": 0,
                "extras": 0,
                "total": 0
              }
            },
            {
              "batter": "AJ Turner",
              "bowler": "L Wood",
              "non_striker": "JP Inglis",
              "runs": {
                "batter": 0,
                "extras": 0,
                "total": 0
              }
            },
            {
              "batter": "AJ Turner",
              "bowler": "L Wood",
              "non_striker": "JP Inglis",
              "runs": {
                "batter": 4,
                "extras": 0,
                "total": 4
              }
            }
          ]
        },
        {
          "over": 16,
          "deliveries": [
            {
              "batter": "JP Inglis",
              "bowler": "A Zampa",
              "non_striker": "AJ Turner",
              "runs": {
                "batter": 0,
                "extras": 0,
                "total": 0
              }
            },
            {
              "batter": "JP Inglis",
              "bowler": "A Zampa",
              "non_striker": "AJ Turner",
              "runs": {
                "batter": 1,
                "extras": 0,
                "total": 1
              }
            },
            {
              "batter": "AJ Turner",
              "bowler": "A Zampa",
              "non_striker": "JP Inglis",
              "runs": {
                "batter": 6,
                "extras": 0,
                "total": 6
              }
            },
            {
              "batter": "AJ Turner",
              "bowler": "A Zampa",
              "non_striker": "JP Inglis",
              "runs": {
                "batter": 4,
                "extras": 0,
                "total": 4
              }
            },
            {
              "batter": "AJ Turner",
              "bowler": "A Zampa",
              "non_striker": "JP Inglis",
              "runs": {
                "batter": 6,
                "extras": 0,
                "total": 6
              }
            },
            {
              "batter": "AJ Turner",
              "bowler": "A Zampa",
              "non_striker": "JP Inglis",
              "runs": {
                "batter": 1,
                "extras": 0,
                "total": 1
              }
            }
          ]
        },
        {
          "over": 17,
          "deliveries": [
            {
              "batter": "AJ Turner",
              "bowler": "L Wood",
              "non_striker": "JP Inglis",
              "runs": {
                "batter": 0,
                "extras": 0,
                "total": 0
              },
              "wickets": [
                {
                  "player_out": "AJ Turner",
                  "fielders": [
                    {
                      "name": "TF Rogers"
                    }
                  ],
                  "kind": "caught"
                }
              ]
            },
            {
              "batter": "NR Hobson",
              "bowler": "L Wood",
              "non_striker": "JP Inglis",
              "runs": {
                "batter": 0,
                "extras": 0,
                "total": 0
              }
            },
            {
              "batter": "NR Hobson",
              "bowler": "L Wood",
              "extras": {
                "wides": 1
              },
              "non_striker": "JP Inglis",
              "runs": {
                "batter": 0,
                "extras": 1,
                "total": 1
              }
            },
            {
              "batter": "NR Hobson",
              "bowler": "L Wood",
              "non_striker": "JP Inglis",
              "runs": {
                "batter": 1,
                "extras": 0,
                "total": 1
              }
            }
          ]
        }
      ],
      "powerplays": [
        {
          "from": 0.1,
          "to": 3.6,
          "type": "mandatory"
        }
      ],
      "target": {
        "overs": 20,
        "runs": 136
      }
    }
  ]
}