{
  "meta": {
    "data_version": "1.0.0",
    "created": "2017-04-22",
    "revision": 2
  },
  "info": {
    "balls_per_over": 6,
    "city": "Perth",
    "dates": [
      "2012-12-29"
    ],
    "event": {
      "name": "Big Bash League"
    },
    "gender": "male",
    "match_type": "T20",
    "officials": {
      "match_referees": [
        "RJ Evans"
      ],
      "tv_umpires": [
        "IH Lock"
      ],
      "umpires": [
        "GC Joshua",
        "MD Martell"
      ]
    },
    "outcome": {
      "by": {
        "runs": 51
      },
      "winner": "Perth Scorchers"
    },
    "overs": 20,
    "player_of_match": [
      "SE Marsh"
    ],
    "players": {
      "Melbourne Renegades": [
        "AJ Finch",
        "DJ Harris",
        "MN Samuels",
        "BJ Rohrer",
        "TLW Cooper",
        "PM Nevill",
        "WD Sheridan",
        "NJ Rimmington",
        "AW O'Brien",
        "DJ Pattinson",
        "M Muralitharan"
      ],
      "Perth Scorchers": [
        "SE Marsh",
        "HH Gibbs",
        "AC Voges",
        "NM Coulter-Nile",
        "TIF Triffitt",
        "GB Hogg",
        "SM Katich",
        "MJ North",
        "AC Thomas",
        "MA Beer",
        "JP Behrendorff"
      ]
    },
    "registry": {
      "people": {
        "AC Thomas": "b552a935",
        "AC Voges": "864c199e",
        "AJ Finch": "b8d490fd",
        "AW O'Brien": "d29be810",
        "BJ Rohrer": "27af6414",
        "DJ Harris": "39f82db3",
        "DJ Pattinson": "3fe2db87",
        "GB Hogg": "f708a0bc",
        "GC Joshua": "4c47ebf2",
        "HH Gibbs": "e1d1b294",
        "IH Lock": "a1b1e3c2",
        "JP Behrendorff": "4933f499",
        "M Muralitharan": "4ba44e19",
        "MA Beer": "f60dc2a5",
        "MD Martell": "487c072e",
        "MJ North": "99464591",
        "MN Samuels": "f846de6a",
        "NJ Rimmington": "6042bf26",
        "NM Coulter-Nile": "56ab442f",
        "PM Nevill": "a22fb7b5",
        "RJ Evans": "d5fc9e42",
        "SE Marsh": "508a1ea7",
        "SM Katich": "fdedb37c",
        "TIF Triffitt": "593513d5",
        "TLW Cooper": "2318ba22",
        "WD Sheridan": "25d12bb4"
      }
    },
    "season": "2012/13",
    "team_type": "club",
    "teams": [
      "Perth Scorchers",
      "Melbourne Renegades"
    ],
    "toss": {
      "decision": "field",
      "winner": "Melbourne Renegades"
    },
    "venue": "Western Australia Cricket Association Ground"
  },
  "innings": [
    {
      "team": "Perth Scorchers",
      "overs": [
        {
          "over": 0,
          "deliveries": [
            {
              "batter": "SE Marsh",
              "bowler": "WD Sheridan",
              "non_striker": "HH Gibbs",
              "runs": {
                "batter": 0,
                "extras": 0,
                "total": 0
              }
            },
            {
              "batter": "SE Marsh",
              "bowler": "WD Sheridan",
              "non_striker": "HH Gibbs",
              "runs": {
                "batter": 1,
                "extras": 0,
                "total": 1
              }
            },
            {
              "batter": "HH Gibbs",
              "bowler": "WD Sheridan",
              "non_striker": "SE Marsh",
              "runs": {
                "batter": 0,
                "extras": 0,
                "total": 0
              }
            },
            {
              "batter": "HH Gibbs",
              "bowler": "WD Sheridan",
              "non_striker": "SE Marsh",
              "runs": {
                "batter": 0,
                "extras": 0,
                "total": 0
              }
            },
            {
              "batter": "HH Gibbs",
              "bowler": "WD Sheridan",
              "non_striker": "SE Marsh",
              "runs": {
                "batter": 1,
                "extras": 0,
                "total": 1
              }
            },
            {
              "batter": "SE Marsh",
              "bowler": "WD Sheridan",
              "non_striker": "HH Gibbs",
              "runs": {
                "batter": 0,
                "extras": 0,
                "total": 0
              }
            }
          ]
        },
        {
          "over": 1,
          "deliveries": [
            {
              "batter": "HH Gibbs",
              "bowler": "NJ Rimmington",
              "non_striker": "SE Marsh",
              "runs": {
                "batter": 0,
                "extras": 0,
                "total": 0
              }
            },
            {
              "batter": "HH Gibbs",
              "bowler": "NJ Rimmington",
              "non_striker": "SE Marsh",
              "runs": {
                "batter": 4,
                "extras": 0,
                "total": 4
              }
            },
            {
              "batter": "HH Gibbs",
              "bowler": "NJ Rimmington",
              "non_striker": "SE Marsh",
              "runs": {
                "batter": 0,
                "extras": 0,
                "total": 0
              }
            },
            {
              "batter": "HH Gibbs",
              "bowler": "NJ Rimmington",
              "non_striker": "SE Marsh",
              "runs": {
                "batter": 0,
                "extras": 0,
                "total": 0
              }
            },
            {
              "batter": "HH Gibbs",
              "bowler": "NJ Rimmington",
              "non_striker": "SE Marsh",
              "runs": {
                "batter": 1,
                "extras": 0,
                "total": 1
              }
            },
            {
              "batter": "SE Marsh",
              "bowler": "NJ Rimmington",
              "non_striker": "HH Gibbs",
              "runs": {
                "batter": 4,
                "extras": 0,
                "total": 4
              }
            }
          ]
        },
        {
          "over": 2,
          "deliveries": [
            {
              "batter": "HH Gibbs",
              "bowler": "WD Sheridan",
              "non_striker": "SE Marsh",
              "runs": {
                "batter": 6,
                "extras": 0,
                "total": 6
              }
            },
            {
              "batter": "HH Gibbs",
              "bowler": "WD Sheridan",
              "non_striker": "SE Marsh",
              "runs": {
                "batter": 0,
                "extras": 0,
                "total": 0
              }
            },
            {
              "batter": "HH Gibbs",
              "bowler": "WD Sheridan",
              "non_striker": "SE Marsh",
              "runs": {
                "batter": 2,
                "extras": 0,
                "total": 2
              }
            },
            {
              "batter": "HH Gibbs",
              "bowler": "WD Sheridan",
              "non_striker": "SE Marsh",
              "runs": {
                "batter": 0,
                "extras": 0,
                "total": 0
              }
            },
            {
              "batter": "HH Gibbs",
              "bowler": "WD Sheridan",
              "non_striker": "SE Marsh",
              "runs": {
                "batter": 1,
                "extras": 0,
                "total": 1
              }
            },
            {
              "batter": "SE Marsh",
              "bowler": "WD Sheridan",
              "non_striker": "HH Gibbs",
              "runs": {
                "batter": 4,
                "extras": 0,
                "total": 4
              }
            }
          ]
        },
        {
          "over": 3,
          "deliveries": [
            {
              "batter": "HH Gibbs",
              "bowler": "DJ Pattinson",
              "non_striker": "SE Marsh",
              "runs": {
                "batter": 0,
                "extras": 0,
                "total": 0
              }
            },
            {
              "batter": "HH Gibbs",
              "bowler": "DJ Pattinson",
              "non_striker": "SE Marsh",
              "runs": {
                "batter": 0,
                "extras": 0,
                "total": 0
              }
            },
            {
              "batter": "HH Gibbs",
              "bowler": "DJ Pattinson",
              "non_striker": "SE Marsh",
              "runs": {
                "batter": 4,
                "extras": 0,
                "total": 4
              }
            },
            {
              "batter": "HH Gibbs",
              "bowler": "DJ Pattinson",
              "non_striker": "SE Marsh",
              "runs": {
                "batter": 4,
                "extras": 0,
                "total": 4
              }
            },
            {
              "batter": "HH Gibbs",
              "bowler": "DJ Pattinson",
              "non_striker": "SE Marsh",
              "runs": {
                "batter": 0,
                "extras": 0,
                "total": 0
              }
            },
            {
              "batter": "HH Gibbs",
              "bowler": "DJ Pattinson",
              "non_striker": "SE Marsh",
              "runs": {
                "batter": 1,
                "extras": 0,
                "total": 1
              }
            }
          ]
        },
        {
          "over": 4,
          "deliveries": [
            {
              "batter": "HH Gibbs",
              "bowler": "MN Samuels",
              "non_striker": "SE Marsh",
              "runs": {
                "batter": 0,
                "extras": 0,
                "total": 0
              }
            },
            {
              "batter": "HH Gibbs",
              "bowler": "MN Samuels",
              "non_striker": "SE Marsh",
              "runs": {
                "batter": 0,
                "extras": 0,
                "total": 0
              }
            },
            {
              "batter": "HH Gibbs",
              "bowler": "MN Samuels",
              "non_striker": "SE Marsh",
              "runs": {
                "batter": 0,
                "extras": 0,
                "total": 0
              }
            },
            {
              "batter": "HH Gibbs",
              "bowler": "MN Samuels",
              "non_striker": "SE Marsh",
              "runs": {
                "batter": 2,
                "extras": 0,
                "total": 2
              }
            },
            {
              "batter": "HH Gibbs",
              "bowler": "MN Samuels",
              "extras": {
                "wides": 1
              },
              "non_striker": "SE Marsh",
              "runs": {
                "batter": 0,
                "extras": 1,
                "total": 1
              }
            },
            {
              "batter": "HH Gibbs",
              "bowler": "MN Samuels",
              "non_striker": "SE Marsh",
              "runs": {
                "batter": 0,
                "extras": 0,
                "total": 0
              }
            },
            {
              "batter": "HH Gibbs",
              "bowler": "MN Samuels",
              "non_striker": "SE Marsh",
              "runs": {
                "batter": 1,
                "extras": 0,
                "total": 1
              }
            }
          ]
        },
        {
          "over": 5,
          "deliveries": [
            {
              "batter": "HH Gibbs",
              "bowler": "AW O'Brien",
              "non_striker": "SE Marsh",
              "runs": {
                "batter": 0,
                "extras": 0,
                "total": 0
              }
            },
            {
              "batter": "HH Gibbs",
              "bowler": "AW O'Brien",
              "non_striker": "SE Marsh",
              "runs": {
                "batter": 6,
                "extras": 0,
                "total": 6
              }
            },
            {
              "batter": "HH Gibbs",
              "bowler": "AW O'Brien",
              "non_striker": "SE Marsh",
              "runs": {
                "batter": 1,
                "extras": 0,
                "total": 1
              }
            },
            {
              "batter": "SE Marsh",
              "bowler": "AW O'Brien",
              "non_striker": "HH Gibbs",
              "runs": {
                "batter": 1,
                "extras": 0,
                "total": 1
              }
            },
            {
              "batter": "HH Gibbs",
              "bowler": "AW O'Brien",
              "non_striker": "SE Marsh",
              "runs": {
                "batter": 6,
                "extras": 0,
                "total": 6
              }
            },
            {
              "batter": "HH Gibbs",
              "bowler": "AW O'Brien",
              "non_striker": "SE Marsh",
              "runs": {
                "batter": 0,
                "extras": 0,
                "total": 0
              }
            }
          ]
        },
        {
          "over": 6,
          "deliveries": [
            {
              "batter": "SE Marsh",
              "bowler": "M Muralitharan",
              "non_striker": "HH Gibbs",
              "runs": {
                "batter": 1,
                "extras": 0,
                "total": 1
              }
            },
            {
              "batter": "HH Gibbs",
              "bowler": "M Muralitharan",
              "non_striker": "SE Marsh",
              "runs": {
                "batter": 1,
                "extras": 0,
                "total": 1
              }
            },
            {
              "batter": "SE Marsh",
              "bowler": "M Muralitharan",
              "non_striker": "HH Gibbs",
              "runs": {
                "batter": 1,
                "extras": 0,
                "total": 1
              }
            },
            {
              "batter": "HH Gibbs",
              "bowler": "M Muralitharan",
              "non_striker": "SE Marsh",
              "runs": {
                "batter": 1,
                "extras": 0,
                "total": 1
              }
            },
            {
              "batter": "SE Marsh",
              "bowler": "M Muralitharan",
              "non_striker": "HH Gibbs",
              "runs": {
                "batter": 2,
                "extras": 0,
                "total": 2
              }
            },
            {
              "batter": "SE Marsh",
              "bowler": "M Muralitharan",
              "non_striker": "HH Gibbs",
              "runs": {
                "batter": 1,
                "extras": 0,
                "total": 1
              }
            }
          ]
        },
        {
          "over": 7,
          "deliveries": [
            {
              "batter": "SE Marsh",
              "bowler": "AJ Finch",
              "non_striker": "HH Gibbs",
              "runs": {
                "batter": 0,
                "extras": 0,
                "total": 0
              }
            },
            {
              "batter": "SE Marsh",
              "bowler": "AJ Finch",
              "non_striker": "HH Gibbs",
              "runs": {
                "batter": 0,
                "extras": 0,
                "total": 0
              }
            },
            {
              "batter": "SE Marsh",
              "bowler": "AJ Finch",
              "non_striker": "HH Gibbs",
              "runs": {
                "batter": 1,
                "extras": 0,
                "total": 1
              }
            },
            {
              "batter": "HH Gibbs",
              "bowler": "AJ Finch",
              "non_striker": "SE Marsh",
              "runs": {
                "batter": 4,
                "extras": 0,
                "total": 4
              }
            },
            {
              "batter": "HH Gibbs",
              "bowler": "AJ Finch",
              "extras": {
                "wides": 1
              },
              "non_striker": "SE Marsh",
              "runs": {
                "batter": 0,
                "extras": 1,
                "total": 1
              }
            },
            {
              "batter": "HH Gibbs",
              "bowler": "AJ Finch",
              "extras": {
                "legbyes": 1
              },
              "non_striker": "SE Marsh",
              "runs": {
                "batter": 0,
                "extras": 1,
                "total": 1
              }
            },
            {
              "batter": "SE Marsh",
              "bowler": "AJ Finch",
              "non_striker": "HH Gibbs",
              "runs": {
                "batter": 0,
                "extras": 0,
                "total": 0
              }
            }
          ]
        },
        {
          "over": 8,
          "deliveries": [
            {
              "batter": "HH Gibbs",
              "bowler": "M Muralitharan",
              "non_striker": "SE Marsh",
              "runs": {
                "batter": 6,
                "extras": 0,
                "total": 6
              }
            },
            {
              "batter": "HH Gibbs",
              "bowler": "M Muralitharan",
              "non_striker": "SE Marsh",
              "runs": {
                "batter": 1,
                "extras": 0,
                "total": 1
              }
            },
            {
              "batter": "SE Marsh",
              "bowler": "M Muralitharan",
              "non_striker": "HH Gibbs",
              "runs": {
                "batter": 1,
                "extras": 0,
                "total": 1
              }
            },
            {
              "batter": "HH Gibbs",
              "bowler": "M Muralitharan",
              "non_striker": "SE Marsh",
              "runs": {
                "batter": 1,
                "extras": 0,
                "total": 1
              }
            },
            {
              "batter": "SE Marsh",
              "bowler": "M Muralitharan",
              "non_striker": "HH Gibbs",
              "runs": {
                "batter": 0,
                "extras": 0,
                "total": 0
              }
            },
            {
              "batter": "SE Marsh",
              "bowler": "M Muralitharan",
              "non_striker": "HH Gibbs",
              "runs": {
                "batter": 1,
                "extras": 0,
                "total": 1
              }
            }
          ]
        },
        {
          "over": 9,
          "deliveries": [
            {
              "batter": "SE Marsh",
              "bowler": "AJ Finch",
              "non_striker": "HH Gibbs",
              "runs": {
                "batter": 1,
                "extras": 0,
                "total": 1
              }
            },
            {
              "batter": "HH Gibbs",
              "bowler": "AJ Finch",
              "non_striker": "SE Marsh",
              "runs": {
                "batter": 2,
                "extras": 0,
                "total": 2
              }
            },
            {
              "batter": "HH Gibbs",
              "bowler": "AJ Finch",
              "non_striker": "SE Marsh",
              "runs": {
                "batter": 0,
                "extras": 0,
                "total": 0
              },
              "wickets": [
                {
                  "kind": "caught",
                  "player_out": "HH Gibbs",
                  "fielders": [
                    {
                      "name": "AW O'Brien"
                    }
                  ]
                }
              ]
            },
            {
              "batter": "AC Voges",
              "bowler": "AJ Finch",
              "non_striker": "SE Marsh",
              "runs": {
                "batter": 1,
                "extras": 0,
                "total": 1
              }
            },
            {
              "batter": "SE Marsh",
              "bowler": "AJ Finch",
              "non_striker": "AC Voges",
              "runs": {
                "batter": 1,
                "extras": 0,
                "total": 1
              }
            },
            {
              "batter": "AC Voges",
              "bowler": "AJ Finch",
              "non_striker": "SE Marsh",
              "runs": {
                "batter": 1,
                "extras": 0,
                "total": 1
              }
            }
          ]
        },
        {
          "over": 10,
          "deliveries": [
            {
              "batter": "AC Voges",
              "bowler": "MN Samuels",
              "non_striker": "SE Marsh",
              "runs": {
                "batter": 2,
                "extras": 0,
                "total": 2
              }
            },
            {
              "batter": "AC Voges",
              "bowler": "MN Samuels",
              "non_striker": "SE Marsh",
              "runs": {
                "batter": 4,
                "extras": 0,
                "total": 4
              }
            },
            {
              "batter": "AC Voges",
              "bowler": "MN Samuels",
              "non_striker": "SE Marsh",
              "runs": {
                "batter": 1,
                "extras": 0,
                "total": 1
              }
            },
            {
              "batter": "SE Marsh",
              "bowler": "MN Samuels",
              "non_striker": "AC Voges",
              "runs": {
                "batter": 1,
                "extras": 0,
                "total": 1
              }
            },
            {
              "batter": "AC Voges",
              "bowler": "MN Samuels",
              "non_striker": "SE Marsh",
              "runs": {
                "batter": 1,
                "extras": 0,
                "total": 1
              }
            },
            {
              "batter": "SE Marsh",
              "bowler": "MN Samuels",
              "non_striker": "AC Voges",
              "runs": {
                "batter": 1,
                "extras": 0,
                "total": 1
              }
            }
          ]
        },
        {
          "over": 11,
          "deliveries": [
            {
              "batter": "SE Marsh",
              "bowler": "AJ Finch",
              "non_striker": "AC Voges",
              "runs": {
                "batter": 6,
                "extras": 0,
                "total": 6
              }
            },
            {
              "batter": "SE Marsh",
              "bowler": "AJ Finch",
              "non_striker": "AC Voges",
              "runs": {
                "batter": 2,
                "extras": 0,
                "total": 2
              }
            },
            {
              "batter": "SE Marsh",
              "bowler": "AJ Finch",
              "non_striker": "AC Voges",
              "runs": {
                "batter": 1,
                "extras": 0,
                "total": 1
              }
            },
            {
              "batter": "AC Voges",
              "bowler": "AJ Finch",
              "non_striker": "SE Marsh",
              "runs": {
                "batter": 1,
                "extras": 0,
                "total": 1
              }
            },
            {
              "batter": "SE Marsh",
              "bowler": "AJ Finch",
              "non_striker": "AC Voges",
              "runs": {
                "batter": 2,
                "extras": 0,
                "total": 2
              }
            },
            {
              "batter": "SE Marsh",
              "bowler": "AJ Finch",
              "non_striker": "AC Voges",
              "runs": {
                "batter": 1,
                "extras": 0,
                "total": 1
              }
            }
          ]
        },
        {
          "over": 12,
          "deliveries": [
            {
              "batter": "SE Marsh",
              "bowler": "M Muralitharan",
              "non_striker": "AC Voges",
              "runs": {
                "batter": 1,
                "extras": 0,
                "total": 1
              }
            },
            {
              "batter": "AC Voges",
              "bowler": "M Muralitharan",
              "non_striker": "SE Marsh",
              "runs": {
                "batter": 1,
                "extras": 0,
                "total": 1
              }
            },
            {
              "batter": "SE Marsh",
              "bowler": "M Muralitharan",
              "non_striker": "AC Voges",
              "runs": {
                "batter": 1,
                "extras": 0,
                "total": 1
              }
            },
            {
              "batter": "AC Voges",
              "bowler": "M Muralitharan",
              "non_striker": "SE Marsh",
              "runs": {
                "batter": 1,
                "extras": 0,
                "total": 1
              }
            },
            {
              "batter": "SE Marsh",
              "bowler": "M Muralitharan",
              "non_striker": "AC Voges",
              "runs": {
                "batter": 1,
                "extras": 0,
                "total": 1
              }
            },
            {
              "batter": "AC Voges",
              "bowler": "M Muralitharan",
              "non_striker": "SE Marsh",
              "runs": {
                "batter": 1,
                "extras": 0,
                "total": 1
              }
            }
          ]
        },
        {
          "over": 13,
          "deliveries": [
            {
              "batter": "AC Voges",
              "bowler": "NJ Rimmington",
              "non_striker": "SE Marsh",
              "runs": {
                "batter": 4,
                "extras": 0,
                "total": 4
              }
            },
            {
              "batter": "AC Voges",
              "bowler": "NJ Rimmington",
              "non_striker": "SE Marsh",
              "runs": {
                "batter": 1,
                "extras": 0,
                "total": 1
              }
            },
            {
              "batter": "SE Marsh",
              "bowler": "NJ Rimmington",
              "non_striker": "AC Voges",
              "runs": {
                "batter": 2,
                "extras": 0,
                "total": 2
              }
            },
            {
              "batter": "SE Marsh",
              "bowler": "NJ Rimmington",
              "non_striker": "AC Voges",
              "runs": {
                "batter": 0,
                "extras": 0,
                "total": 0
              }
            },
            {
              "batter": "SE Marsh",
              "bowler": "NJ Rimmington",
              "non_striker": "AC Voges",
              "runs": {
                "batter": 1,
                "extras": 0,
                "total": 1
              }
            },
            {
              "batter": "AC Voges",
              "bowler": "NJ Rimmington",
              "non_striker": "SE Marsh",
              "runs": {
                "batter": 4,
                "extras": 0,
                "total": 4
              }
            }
          ]
        },
        {
          "over": 14,
          "deliveries": [
            {
              "batter": "SE Marsh",
              "bowler": "M Muralitharan",
              "non_striker": "AC Voges",
              "runs": {
                "batter": 1,
                "extras": 0,
                "total": 1
              }
            },
            {
              "batter": "AC Voges",
              "bowler": "M Muralitharan",
              "non_striker": "SE Marsh",
              "runs": {
                "batter": 1,
                "extras": 0,
                "total": 1
              }
            },
            {
              "batter": "SE Marsh",
              "bowler": "M Muralitharan",
              "non_striker": "AC Voges",
              "runs": {
                "batter": 1,
                "extras": 0,
                "total": 1
              }
            },
            {
              "batter": "AC Voges",
              "bowler": "M Muralitharan",
              "non_striker": "SE Marsh",
              "runs": {
                "batter": 1,
                "extras": 0,
                "total": 1
              }
            },
            {
              "batter": "SE Marsh",
              "bowler": "M Muralitharan",
              "non_striker": "AC Voges",
              "runs": {
                "batter": 0,
                "extras": 0,
                "total": 0
              }
            },
            {
              "batter": "SE Marsh",
              "bowler": "M Muralitharan",
              "non_striker": "AC Voges",
              "runs": {
                "batter": 2,
                "extras": 0,
                "total": 2
              }
            }
          ]
        },
        {
          "over": 15,
          "deliveries": [
            {
              "batter": "AC Voges",
              "bowler": "DJ Pattinson",
              "non_striker": "SE Marsh",
              "runs": {
                "batter": 1,
                "extras": 0,
                "total": 1
              }
            },
            {
              "batter": "SE Marsh",
              "bowler": "DJ Pattinson",
              "extras": {
                "wides": 1
              },
              "non_striker": "AC Voges",
              "runs": {
                "batter": 0,
                "extras": 1,
                "total": 1
              }
            },
            {
              "batter": "SE Marsh",
              "bowler": "DJ Pattinson",
              "non_striker": "AC Voges",
              "runs": {
                "batter": 1,
                "extras": 0,
                "total": 1
              }
            },
            {
              "batter": "AC Voges",
              "bowler": "DJ Pattinson",
              "non_striker": "SE Marsh",
              "runs": {
                "batter": 0,
                "extras": 0,
                "total": 0
              }
            },
            {
              "batter": "AC Voges",
              "bowler": "DJ Pattinson",
              "non_striker": "SE Marsh",
              "runs": {
                "batter": 2,
                "extras": 0,
                "total": 2
              }
            },
            {
              "batter": "AC Voges",
              "bowler": "DJ Pattinson",
              "non_striker": "SE Marsh",
              "runs": {
                "batter": 4,
                "extras": 0,
                "total": 4
              }
            },
            {
              "batter": "AC Voges",
              "bowler": "DJ Pattinson",
              "non_striker": "SE Marsh",
              "runs": {
                "batter": 1,
                "extras": 0,
                "total": 1
              }
            }
          ]
        },
        {
          "over": 16,
          "deliveries": [
            {
              "batter": "AC Voges",
              "bowler": "MN Samuels",
              "non_striker": "SE Marsh",
              "runs": {
                "batter": 1,
                "extras": 0,
                "total": 1
              }
            },
            {
              "batter": "SE Marsh",
              "bowler": "MN Samuels",
              "non_striker": "AC Voges",
              "runs": {
                "batter": 0,
                "extras": 0,
                "total": 0
              }
            },
            {
              "batter": "SE Marsh",
              "bowler": "MN Samuels",
              "non_striker": "AC Voges",
              "runs": {
                "batter": 2,
                "extras": 0,
                "total": 2
              }
            },
            {
              "batter": "SE Marsh",
              "bowler": "MN Samuels",
              "non_striker": "AC Voges",
              "runs": {
                "batter": 1,
                "extras": 0,
                "total": 1
              }
            },
            {
              "batter": "AC Voges",
              "bowler": "MN Samuels",
              "non_striker": "SE Marsh",
              "runs": {
                "batter": 1,
                "extras": 0,
                "total": 1
              }
            },
            {
              "batter": "SE Marsh",
              "bowler": "MN Samuels",
              "non_striker": "AC Voges",
              "runs": {
                "batter": 6,
                "extras": 0,
                "total": 6
              }
            }
          ]
        },
        {
          "over": 17,
          "deliveries": [
            {
              "batter": "AC Voges",
              "bowler": "AJ Finch",
              "non_striker": "SE Marsh",
              "runs": {
                "batter": 1,
                "extras": 0,
                "total": 1
              }
            },
            {
              "batter": "SE Marsh",
              "bowler": "AJ Finch",
              "non_striker": "AC Voges",
              "runs": {
                "batter": 6,
                "extras": 0,
                "total": 6
              }
            },
            {
              "batter": "SE Marsh",
              "bowler": "AJ Finch",
              "non_striker": "AC Voges",
              "runs": {
                "batter": 1,
                "extras": 0,
                "total": 1
              }
            },
            {
              "batter": "AC Voges",
              "bowler": "AJ Finch",
              "non_striker": "SE Marsh",
              "runs": {
                "batter": 1,
                "extras": 0,
                "total": 1
              }
            },
            {
              "batter": "SE Marsh",
              "bowler": "AJ Finch",
              "non_striker": "AC Voges",
              "runs": {
                "batter": 6,
                "extras": 0,
                "total": 6
              }
            },
            {
              "batter": "SE Marsh",
              "bowler": "AJ Finch",
              "non_striker": "AC Voges",
              "runs": {
                "batter": 6,
                "extras": 0,
                "total": 6
              }
            }
          ]
        },
        {
          "over": 18,
          "deliveries": [
            {
              "batter": "AC Voges",
              "bowler": "MN Samuels",
              "non_striker": "SE Marsh",
              "runs": {
                "batter": 1,
                "extras": 0,
                "total": 1
              }
            },
            {
              "batter": "SE Marsh",
              "bowler": "MN Samuels",
              "non_striker": "AC Voges",
              "runs": {
                "batter": 4,
                "extras": 0,
                "total": 4
              }
            },
            {
              "batter": "SE Marsh",
              "bowler": "MN Samuels",
              "non_striker": "AC Voges",
              "runs": {
                "batter": 2,
                "extras": 0,
                "total": 2
              }
            },
            {
              "batter": "SE Marsh",
              "bowler": "MN Samuels",
              "non_striker": "AC Voges",
              "runs": {
                "batter": 1,
                "extras": 0,
                "total": 1
              }
            },
            {
              "batter": "AC Voges",
              "bowler": "MN Samuels",
              "non_striker": "SE Marsh",
              "runs": {
                "batter": 1,
                "extras": 0,
                "total": 1
              }
            },
            {
              "batter": "SE Marsh",
              "bowler": "MN Samuels",
              "non_striker": "AC Voges",
              "runs": {
                "batter": 1,
                "extras": 0,
                "total": 1
              }
            }
          ]
        },
        {
          "over": 19,
          "deliveries": [
            {
              "batter": "SE Marsh",
              "bowler": "WD Sheridan",
              "non_striker": "AC Voges",
              "runs": {
                "batter": 2,
                "extras": 0,
                "total": 2
              }
            },
            {
              "batter": "SE Marsh",
              "bowler": "WD Sheridan",
              "non_striker": "AC Voges",
              "runs": {
                "batter": 2,
                "extras": 0,
                "total": 2
              }
            },
            {
              "batter": "SE Marsh",
              "bowler": "WD Sheridan",
              "non_striker": "AC Voges",
              "runs": {
                "batter": 0,
                "extras": 0,
                "total": 0
              },
              "wickets": [
                {
                  "kind": "caught",
                  "player_out": "SE Marsh",
                  "fielders": [
                    {
                      "name": "MN Samuels"
                    }
                  ]
                }
              ]
            },
            {
              "batter": "AC Voges",
              "bowler": "WD Sheridan",
              "non_striker": "NM Coulter-Nile",
              "runs": {
                "batter": 1,
                "extras": 0,
                "total": 1
              }
            },
            {
              "batter": "NM Coulter-Nile",
              "bowler": "WD Sheridan",
              "non_striker": "AC Voges",
              "runs": {
                "batter": 0,
                "extras": 0,
                "total": 0
              },
              "wickets": [
                {
                  "kind": "run out",
                  "player_out": "AC Voges",
                  "fielders": [
                    {
                      "name": "PM Nevill"
                    }
                  ]
                }
              ]
            },
            {
              "batter": "TIF Triffitt",
              "bowler": "WD Sheridan",
              "non_striker": "NM Coulter-Nile",
              "runs": {
                "batter": 2,
                "extras": 0,
                "total": 2
              }
            }
          ]
        }
      ],
      "powerplays": [
        {
          "from": 0.1,
          "to": 5.6,
          "type": "mandatory"
        }
      ]
    },
    {
      "team": "Melbourne Renegades",
      "overs": [
        {
          "over": 0,
          "deliveries": [
            {
              "batter": "AJ Finch",
              "bowler": "MA Beer",
              "non_striker": "DJ Harris",
              "runs": {
                "batter": 0,
                "extras": 0,
                "total": 0
              }
            },
            {
              "batter": "AJ Finch",
              "bowler": "MA Beer",
              "extras": {
                "wides": 5
              },
              "non_striker": "DJ Harris",
              "runs": {
                "batter": 0,
                "extras": 5,
                "total": 5
              }
            },
            {
              "batter": "AJ Finch",
              "bowler": "MA Beer",
              "non_striker": "DJ Harris",
              "runs": {
                "batter": 2,
                "extras": 0,
                "total": 2
              }
            },
            {
              "batter": "AJ Finch",
              "bowler": "MA Beer",
              "non_striker": "DJ Harris",
              "runs": {
                "batter": 0,
                "extras": 0,
                "total": 0
              }
            },
            {
              "batter": "AJ Finch",
              "bowler": "MA Beer",
              "non_striker": "DJ Harris",
              "runs": {
                "batter": 1,
                "extras": 0,
                "total": 1
              }
            },
            {
              "batter": "DJ Harris",
              "bowler": "MA Beer",
              "non_striker": "AJ Finch",
              "runs": {
                "batter": 0,
                "extras": 0,
                "total": 0
              }
            },
            {
              "batter": "DJ Harris",
              "bowler": "MA Beer",
              "non_striker": "AJ Finch",
              "runs": {
                "batter": 0,
                "extras": 0,
                "total": 0
              }
            }
          ]
        },
        {
          "over": 1,
          "deliveries": [
            {
              "batter": "AJ Finch",
              "bowler": "JP Behrendorff",
              "non_striker": "DJ Harris",
              "runs": {
                "batter": 1,
                "extras": 0,
                "total": 1
              }
            },
            {
              "batter": "DJ Harris",
              "bowler": "JP Behrendorff",
              "non_striker": "AJ Finch",
              "runs": {
                "batter": 0,
                "extras": 0,
                "total": 0
              }
            },
            {
              "batter": "DJ Harris",
              "bowler": "JP Behrendorff",
              "non_striker": "AJ Finch",
              "runs": {
                "batter": 1,
                "extras": 0,
                "total": 1
              }
            },
            {
              "batter": "AJ Finch",
              "bowler": "JP Behrendorff",
              "non_striker": "DJ Harris",
              "runs": {
                "batter": 4,
                "extras": 0,
                "total": 4
              }
            },
            {
              "batter": "AJ Finch",
              "bowler": "JP Behrendorff",
              "non_striker": "DJ Harris",
              "runs": {
                "batter": 0,
                "extras": 0,
                "total": 0
              }
            },
            {
              "batter": "AJ Finch",
              "bowler": "JP Behrendorff",
              "non_striker": "DJ Harris",
              "runs": {
                "batter": 0,
                "extras": 0,
                "total": 0
              },
              "wickets": [
                {
                  "kind": "caught",
                  "player_out": "AJ Finch",
                  "fielders": [
                    {
                      "name": "TIF Triffitt"
                    }
                  ]
                }
              ]
            }
          ]
        },
        {
          "over": 2,
          "deliveries": [
            {
              "batter": "DJ Harris",
              "bowler": "AC Thomas",
              "non_striker": "MN Samuels",
              "runs": {
                "batter": 0,
                "extras": 0,
                "total": 0
              }
            },
            {
              "batter": "DJ Harris",
              "bowler": "AC Thomas",
              "non_striker": "MN Samuels",
              "runs": {
                "batter": 1,
                "extras": 0,
                "total": 1
              }
            },
            {
              "batter": "MN Samuels",
              "bowler": "AC Thomas",
              "non_striker": "DJ Harris",
              "runs": {
                "batter": 0,
                "extras": 0,
                "total": 0
              },
              "wickets": [
                {
                  "kind": "caught",
                  "player_out": "MN Samuels",
                  "fielders": [
                    {
                      "name": "TIF Triffitt"
                    }
                  ]
                }
              ]
            },
            {
              "batter": "BJ Rohrer",
              "bowler": "AC Thomas",
              "non_striker": "DJ Harris",
              "runs": {
                "batter": 0,
                "extras": 0,
                "total": 0
              }
            },
            {
              "batter": "BJ Rohrer",
              "bowler": "AC Thomas",
              "non_striker": "DJ Harris",
              "runs": {
                "batter": 1,
                "extras": 0,
                "total": 1
              }
            },
            {
              "batter": "DJ Harris",
              "bowler": "AC Thomas",
              "non_striker": "BJ Rohrer",
              "runs": {
                "batter": 0,
                "extras": 0,
                "total": 0
              }
            }
          ]
        },
        {
          "over": 3,
          "deliveries": [
            {
              "batter": "BJ Rohrer",
              "bowler": "JP Behrendorff",
              "non_striker": "DJ Harris",
              "runs": {
                "batter": 2,
                "extras": 0,
                "total": 2
              }
            },
            {
              "batter": "BJ Rohrer",
              "bowler": "JP Behrendorff",
              "non_striker": "DJ Harris",
              "runs": {
                "batter": 0,
                "extras": 0,
                "total": 0
              }
            },
            {
              "batter": "BJ Rohrer",
              "bowler": "JP Behrendorff",
              "non_striker": "DJ Harris",
              "runs": {
                "batter": 0,
                "extras": 0,
                "total": 0
              }
            },
            {
              "batter": "BJ Rohrer",
              "bowler": "JP Behrendorff",
              "non_striker": "DJ Harris",
              "runs": {
                "batter": 1,
                "extras": 0,
                "total": 1
              }
            },
            {
              "batter": "DJ Harris",
              "bowler": "JP Behrendorff",
              "non_striker": "BJ Rohrer",
              "runs": {
                "batter": 4,
                "extras": 0,
                "total": 4
              }
            },
            {
              "batter": "DJ Harris",
              "bowler": "JP Behrendorff",
              "non_striker": "BJ Rohrer",
              "runs": {
                "batter": 1,
                "extras": 0,
                "total": 1
              }
            }
          ]
        },
        {
          "over": 4,
          "deliveries": [
            {
              "batter": "DJ Harris",
              "bowler": "AC Thomas",
              "non_striker": "BJ Rohrer",
              "runs": {
                "batter": 0,
                "extras": 0,
                "total": 0
              },
              "wickets": [
                {
                  "kind": "caught",
                  "player_out": "DJ Harris",
                  "fielders": [
                    {
                      "name": "TIF Triffitt"
                    }
                  ]
                }
              ]
            },
            {
              "batter": "TLW Cooper",
              "bowler": "AC Thomas",
              "non_striker": "BJ Rohrer",
              "runs": {
                "batter": 0,
                "extras": 0,
                "total": 0
              }
            },
            {
              "batter": "TLW Cooper",
              "bowler": "AC Thomas",
              "non_striker": "BJ Rohrer",
              "runs": {
                "batter": 1,
                "extras": 0,
                "total": 1
              }
            },
            {
              "batter": "BJ Rohrer",
              "bowler": "AC Thomas",
              "non_striker": "TLW Cooper",
              "runs": {
                "batter": 0,
                "extras": 0,
                "total": 0
              }
            },
            {
              "batter": "BJ Rohrer",
              "bowler": "AC Thomas",
              "non_striker": "TLW Cooper",
              "runs": {
                "batter": 1,
                "extras": 0,
                "total": 1
              }
            },
            {
              "batter": "TLW Cooper",
              "bowler": "AC Thomas",
              "non_striker": "BJ Rohrer",
              "runs": {
                "batter": 0,
                "extras": 0,
                "total": 0
              }
            }
          ]
        },
        {
          "over": 5,
          "deliveries": [
            {
              "batter": "BJ Rohrer",
              "bowler": "JP Behrendorff",
              "non_striker": "TLW Cooper",
              "runs": {
                "batter": 4,
                "extras": 0,
                "total": 4
              }
            },
            {
              "batter": "BJ Rohrer",
              "bowler": "JP Behrendorff",
              "non_striker": "TLW Cooper",
              "runs": {
                "batter": 4,
                "extras": 0,
                "total": 4
              }
            },
            {
              "batter": "BJ Rohrer",
              "bowler": "JP Behrendorff",
              "non_striker": "TLW Cooper",
              "runs": {
                "batter": 4,
                "extras": 0,
                "total": 4
              }
            },
            {
              "batter": "BJ Rohrer",
              "bowler": "JP Behrendorff",
              "non_striker": "TLW Cooper",
              "runs": {
                "batter": 4,
                "extras": 0,
                "total": 4
              }
            },
            {
              "batter": "BJ Rohrer",
              "bowler": "JP Behrendorff",
              "extras": {
                "wides": 1
              },
              "non_striker": "TLW Cooper",
              "runs": {
                "batter": 0,
                "extras": 1,
                "total": 1
              }
            },
            {
              "batter": "BJ Rohrer",
              "bowler": "JP Behrendorff",
              "non_striker": "TLW Cooper",
              "runs": {
                "batter": 6,
                "extras": 0,
                "total": 6
              }
            },
            {
              "batter": "BJ Rohrer",
              "bowler": "JP Behrendorff",
              "non_striker": "TLW Cooper",
              "runs": {
                "batter": 1,
                "extras": 0,
                "total": 1
              }
            }
          ]
        },
        {
          "over": 6,
          "deliveries": [
            {
              "batter": "BJ Rohrer",
              "bowler": "GB Hogg",
              "non_striker": "TLW Cooper",
              "runs": {
                "batter": 4,
                "extras": 0,
                "total": 4
              }
            },
            {
              "batter": "BJ Rohrer",
              "bowler": "GB Hogg",
              "non_striker": "TLW Cooper",
              "runs": {
                "batter": 1,
                "extras": 0,
                "total": 1
              }
            },
            {
              "batter": "TLW Cooper",
              "bowler": "GB Hogg",
              "extras": {
                "wides": 1
              },
              "non_striker": "BJ Rohrer",
              "runs": {
                "batter": 0,
                "extras": 1,
                "total": 1
              }
            },
            {
              "batter": "TLW Cooper",
              "bowler": "GB Hogg",
              "non_striker": "BJ Rohrer",
              "runs": {
                "batter": 0,
                "extras": 0,
                "total": 0
              }
            },
            {
              "batter": "TLW Cooper",
              "bowler": "GB Hogg",
              "non_striker": "BJ Rohrer",
              "runs": {
                "batter": 1,
                "extras": 0,
                "total": 1
              }
            },
            {
              "batter": "BJ Rohrer",
              "bowler": "GB Hogg",
              "non_striker": "TLW Cooper",
              "runs": {
                "batter": 0,
                "extras": 0,
                "total": 0
              }
            },
            {
              "batter": "BJ Rohrer",
              "bowler": "GB Hogg",
              "non_striker": "TLW Cooper",
              "runs": {
                "batter": 0,
                "extras": 0,
                "total": 0
              }
            }
          ]
        },
        {
          "over": 7,
          "deliveries": [
            {
              "batter": "TLW Cooper",
              "bowler": "NM Coulter-Nile",
              "non_striker": "BJ Rohrer",
              "runs": {
                "batter": 0,
                "extras": 0,
                "total": 0
              }
            },
            {
              "batter": "TLW Cooper",
              "bowler": "NM Coulter-Nile",
              "non_striker": "BJ Rohrer",
              "runs": {
                "batter": 1,
                "extras": 0,
                "total": 1
              }
            },
            {
              "batter": "BJ Rohrer",
              "bowler": "NM Coulter-Nile",
              "non_striker": "TLW Cooper",
              "runs": {
                "batter": 1,
                "extras": 0,
                "total": 1
              }
            },
            {
              "batter": "TLW Cooper",
              "bowler": "NM Coulter-Nile",
              "non_striker": "BJ Rohrer",
              "runs": {
                "batter": 1,
                "extras": 0,
                "total": 1
              }
            },
            {
              "batter": "BJ Rohrer",
              "bowler": "NM Coulter-Nile",
              "non_striker": "TLW Cooper",
              "runs": {
                "batter": 0,
                "extras": 0,
                "total": 0
              }
            },
            {
              "batter": "BJ Rohrer",
              "bowler": "NM Coulter-Nile",
              "non_striker": "TLW Cooper",
              "runs": {
                "batter": 0,
                "extras": 0,
                "total": 0
              }
            }
          ]
        },
        {
          "over": 8,
          "deliveries": [
            {
              "batter": "TLW Cooper",
              "bowler": "GB Hogg",
              "non_striker": "BJ Rohrer",
              "runs": {
                "batter": 1,
                "extras": 0,
                "total": 1
              }
            },
            {
              "batter": "BJ Rohrer",
              "bowler": "GB Hogg",
              "non_striker": "TLW Cooper",
              "runs": {
                "batter": 0,
                "extras": 0,
                "total": 0
              }
            },
            {
              "batter": "BJ Rohrer",
              "bowler": "GB Hogg",
              "non_striker": "TLW Cooper",
              "runs": {
                "batter": 2,
                "extras": 0,
                "total": 2
              }
            },
            {
              "batter": "BJ Rohrer",
              "bowler": "GB Hogg",
              "non_striker": "TLW Cooper",
              "runs": {
                "batter": 2,
                "extras": 0,
                "total": 2
              }
            },
            {
              "batter": "BJ Rohrer",
              "bowler": "GB Hogg",
              "non_striker": "TLW Cooper",
              "runs": {
                "batter": 0,
                "extras": 0,
                "total": 0
              }
            },
            {
              "batter": "BJ Rohrer",
              "bowler": "GB Hogg",
              "non_striker": "TLW Cooper",
              "runs": {
                "batter": 0,
                "extras": 0,
                "total": 0
              }
            }
          ]
        },
        {
          "over": 9,
          "deliveries": [
            {
              "batter": "TLW Cooper",
              "bowler": "NM Coulter-Nile",
              "non_striker": "BJ Rohrer",
              "runs": {
                "batter": 4,
                "extras": 0,
                "total": 4
              }
            },
            {
              "batter": "TLW Cooper",
              "bowler": "NM Coulter-Nile",
              "non_striker": "BJ Rohrer",
              "runs": {
                "batter": 0,
                "extras": 0,
                "total": 0
              }
            },
            {
              "batter": "TLW Cooper",
              "bowler": "NM Coulter-Nile",
              "non_striker": "BJ Rohrer",
              "runs": {
                "batter": 6,
                "extras": 0,
                "total": 6
              }
            },
            {
              "batter": "TLW Cooper",
              "bowler": "NM Coulter-Nile",
              "non_striker": "BJ Rohrer",
              "runs": {
                "batter": 1,
                "extras": 0,
                "total": 1
              }
            },
            {
              "batter": "BJ Rohrer",
              "bowler": "NM Coulter-Nile",
              "non_striker": "TLW Cooper",
              "runs": {
                "batter": 1,
                "extras": 0,
                "total": 1
              }
            },
            {
              "batter": "TLW Cooper",
              "bowler": "NM Coulter-Nile",
              "non_striker": "BJ Rohrer",
              "runs": {
                "batter": 0,
                "extras": 0,
                "total": 0
              },
              "wickets": [
                {
                  "kind": "caught",
                  "player_out": "TLW Cooper",
                  "fielders": [
                    {
                      "name": "TIF Triffitt"
                    }
                  ]
                }
              ]
            }
          ]
        },
        {
          "over": 10,
          "deliveries": [
            {
              "batter": "BJ Rohrer",
              "bowler": "GB Hogg",
              "non_striker": "PM Nevill",
              "runs": {
                "batter": 6,
                "extras": 0,
                "total": 6
              }
            },
            {
              "batter": "BJ Rohrer",
              "bowler": "GB Hogg",
              "non_striker": "PM Nevill",
              "runs": {
                "batter": 1,
                "extras": 0,
                "total": 1
              }
            },
            {
              "batter": "PM Nevill",
              "bowler": "GB Hogg",
              "non_striker": "BJ Rohrer",
              "runs": {
                "batter": 1,
                "extras": 0,
                "total": 1
              }
            },
            {
              "batter": "BJ Rohrer",
              "bowler": "GB Hogg",
              "non_striker": "PM Nevill",
              "runs": {
                "batter": 1,
                "extras": 0,
                "total": 1
              }
            },
            {
              "batter": "PM Nevill",
              "bowler": "GB Hogg",
              "non_striker": "BJ Rohrer",
              "runs": {
                "batter": 1,
                "extras": 0,
                "total": 1
              }
            },
            {
              "batter": "BJ Rohrer",
              "bowler": "GB Hogg",
              "non_striker": "PM Nevill",
              "runs": {
                "batter": 1,
                "extras": 0,
                "total": 1
              }
            }
          ]
        },
        {
          "over": 11,
          "deliveries": [
            {
              "batter": "BJ Rohrer",
              "bowler": "JP Behrendorff",
              "non_striker": "PM Nevill",
              "runs": {
                "batter": 4,
                "extras": 0,
                "total": 4
              }
            },
            {
              "batter": "BJ Rohrer",
              "bowler": "JP Behrendorff",
              "extras": {
                "wides": 1
              },
              "non_striker": "PM Nevill",
              "runs": {
                "batter": 0,
                "extras": 1,
                "total": 1
              }
            },
            {
              "batter": "BJ Rohrer",
              "bowler": "JP Behrendorff",
              "non_striker": "PM Nevill",
              "runs": {
                "batter": 0,
                "extras": 0,
                "total": 0
              },
              "wickets": [
                {
                  "kind": "caught",
                  "player_out": "BJ Rohrer",
                  "fielders": [
                    {
                      "name": "AC Thomas"
                    }
                  ]
                }
              ]
            },
            {
              "batter": "PM Nevill",
              "bowler": "JP Behrendorff",
              "non_striker": "WD Sheridan",
              "runs": {
                "batter": 1,
                "extras": 0,
                "total": 1
              }
            },
            {
              "batter": "WD Sheridan",
              "bowler": "JP Behrendorff",
              "non_striker": "PM Nevill",
              "runs": {
                "batter": 0,
                "extras": 0,
                "total": 0
              },
              "wickets": [
                {
                  "kind": "caught",
                  "player_out": "WD Sheridan",
                  "fielders": [
                    {
                      "name": "SM Katich"
                    }
                  ]
                }
              ]
            },
            {
              "batter": "NJ Rimmington",
              "bowler": "JP Behrendorff",
              "non_striker": "PM Nevill",
              "runs": {
                "batter": 0,
                "extras": 0,
                "total": 0
              }
            },
            {
              "batter": "NJ Rimmington",
              "bowler": "JP Behrendorff",
              "non_striker": "PM Nevill",
              "runs": {
                "batter": 0,
                "extras": 0,
                "total": 0
              }
            }
          ]
        },
        {
          "over": 12,
          "deliveries": [
            {
              "batter": "PM Nevill",
              "bowler": "MA Beer",
              "non_striker": "NJ Rimmington",
              "runs": {
                "batter": 0,
                "extras": 0,
                "total": 0
              }
            },
            {
              "batter": "PM Nevill",
              "bowler": "MA Beer",
              "non_striker": "NJ Rimmington",
              "runs": {
                "batter": 1,
                "extras": 0,
                "total": 1
              }
            },
            {
              "batter": "NJ Rimmington",
              "bowler": "MA Beer",
              "non_striker": "PM Nevill",
              "runs": {
                "batter": 1,
                "extras": 0,
                "total": 1
              }
            },
            {
              "batter": "PM Nevill",
              "bowler": "MA Beer",
              "non_striker": "NJ Rimmington",
              "runs": {
                "batter": 0,
                "extras": 0,
                "total": 0
              }
            },
            {
              "batter": "PM Nevill",
              "bowler": "MA Beer",
              "non_striker": "NJ Rimmington",
              "runs": {
                "batter": 1,
                "extras": 0,
                "total": 1
              }
            },
            {
              "batter": "NJ Rimmington",
              "bowler": "MA Beer",
              "non_striker": "PM Nevill",
              "runs": {
                "batter": 0,
                "extras": 0,
                "total": 0
              }
            }
          ]
        },
        {
          "over": 13,
          "deliveries": [
            {
              "batter": "PM Nevill",
              "bowler": "GB Hogg",
              "non_striker": "NJ Rimmington",
              "runs": {
                "batter": 0,
                "extras": 0,
                "total": 0
              }
            },
            {
              "batter": "PM Nevill",
              "bowler": "GB Hogg",
              "non_striker": "NJ Rimmington",
              "runs": {
                "batter": 2,
                "extras": 0,
                "total": 2
              }
            },
            {
              "batter": "PM Nevill",
              "bowler": "GB Hogg",
              "non_striker": "NJ Rimmington",
              "runs": {
                "batter": 1,
                "extras": 0,
                "total": 1
              }
            },
            {
              "batter": "NJ Rimmington",
              "bowler": "GB Hogg",
              "non_striker": "PM Nevill",
              "runs": {
                "batter": 0,
                "extras": 0,
                "total": 0
              }
            },
            {
              "batter": "NJ Rimmington",
              "bowler": "GB Hogg",
              "non_striker": "PM Nevill",
              "runs": {
                "batter": 0,
                "extras": 0,
                "total": 0
              }
            },
            {
              "batter": "NJ Rimmington",
              "bowler": "GB Hogg",
              "extras": {
                "legbyes": 1
              },
              "non_striker": "PM Nevill",
              "runs": {
                "batter": 0,
                "extras": 1,
                "total": 1
              }
            }
          ]
        },
        {
          "over": 14,
          "deliveries": [
            {
              "batter": "NJ Rimmington",
              "bowler": "MA Beer",
              "non_striker": "PM Nevill",
              "runs": {
                "batter": 2,
                "extras": 0,
                "total": 2
              }
            },
            {
              "batter": "NJ Rimmington",
              "bowler": "MA Beer",
              "non_striker": "PM Nevill",
              "runs": {
                "batter": 1,
                "extras": 0,
                "total": 1
              }
            },
            {
              "batter": "PM Nevill",
              "bowler": "MA Beer",
              "non_striker": "NJ Rimmington",
              "runs": {
                "batter": 0,
                "extras": 0,
                "total": 0
              }
            },
            {
              "batter": "PM Nevill",
              "bowler": "MA Beer",
              "non_striker": "NJ Rimmington",
              "runs": {
                "batter": 2,
                "extras": 0,
                "total": 2
              }
            },
            {
              "batter": "PM Nevill",
              "bowler": "MA Beer",
              "non_striker": "NJ Rimmington",
              "runs": {
                "batter": 1,
                "extras": 0,
                "total": 1
              }
            },
            {
              "batter": "NJ Rimmington",
              "bowler": "MA Beer",
              "non_striker": "PM Nevill",
              "runs": {
                "batter": 1,
                "extras": 0,
                "total": 1
              }
            }
          ]
        },
        {
          "over": 15,
          "deliveries": [
            {
              "batter": "NJ Rimmington",
              "bowler": "NM Coulter-Nile",
              "non_striker": "PM Nevill",
              "runs": {
                "batter": 1,
                "extras": 0,
                "total": 1
              }
            },
            {
              "batter": "PM Nevill",
              "bowler": "NM Coulter-Nile",
              "non_striker": "NJ Rimmington",
              "runs": {
                "batter": 2,
                "extras": 0,
                "total": 2
              }
            },
            {
              "batter": "PM Nevill",
              "bowler": "NM Coulter-Nile",
              "non_striker": "NJ Rimmington",
              "runs": {
                "batter": 4,
                "extras": 0,
                "total": 4
              }
            },
            {
              "batter": "PM Nevill",
              "bowler": "NM Coulter-Nile",
              "non_striker": "NJ Rimmington",
              "runs": {
                "batter": 1,
                "extras": 0,
                "total": 1
              }
            },
            {
              "batter": "NJ Rimmington",
              "bowler": "NM Coulter-Nile",
              "non_striker": "PM Nevill",
              "runs": {
                "batter": 0,
                "extras": 0,
                "total": 0
              }
            },
            {
              "batter": "NJ Rimmington",
              "bowler": "NM Coulter-Nile",
              "non_striker": "PM Nevill",
              "runs": {
                "batter": 6,
                "extras": 0,
                "total": 6
              }
            }
          ]
        },
        {
          "over": 16,
          "deliveries": [
            {
              "batter": "PM Nevill",
              "bowler": "MA Beer",
              "non_striker": "NJ Rimmington",
              "runs": {
                "batter": 0,
                "extras": 0,
                "total": 0
              }
            },
            {
              "batter": "PM Nevill",
              "bowler": "MA Beer",
              "non_striker": "NJ Rimmington",
              "runs": {
                "batter": 1,
                "extras": 0,
                "total": 1
              }
            },
            {
              "batter": "NJ Rimmington",
              "bowler": "MA Beer",
              "non_striker": "PM Nevill",
              "runs": {
                "batter": 1,
                "extras": 0,
                "total": 1
              }
            },
            {
              "batter": "PM Nevill",
              "bowler": "MA Beer",
              "non_striker": "NJ Rimmington",
              "runs": {
                "batter": 0,
                "extras": 0,
                "total": 0
              },
              "wickets": [
                {
                  "kind": "caught",
                  "player_out": "PM Nevill",
                  "fielders": [
                    {
                      "name": "GB Hogg"
                    }
                  ]
                }
              ]
            },
            {
              "batter": "NJ Rimmington",
              "bowler": "MA Beer",
              "non_striker": "AW O'Brien",
              "runs": {
                "batter": 1,
                "extras": 0,
                "total": 1
              }
            },
            {
              "batter": "AW O'Brien",
              "bowler": "MA Beer",
              "non_striker": "NJ Rimmington",
              "runs": {
                "batter": 0,
                "extras": 0,
                "total": 0
              }
            }
          ]
        },
        {
          "over": 17,
          "deliveries": [
            {
              "batter": "NJ Rimmington",
              "bowler": "AC Thomas",
              "non_striker": "AW O'Brien",
              "runs": {
                "batter": 1,
                "extras": 0,
                "total": 1
              }
            },
            {
              "batter": "AW O'Brien",
              "bowler": "AC Thomas",
              "non_striker": "NJ Rimmington",
              "runs": {
                "batter": 1,
                "extras": 0,
                "total": 1
              }
            },
            {
              "batter": "NJ Rimmington",
              "bowler": "AC Thomas",
              "non_striker": "AW O'Brien",
              "runs": {
                "batter": 0,
                "extras": 0,
                "total": 0
              },
              "wickets": [
                {
                  "kind": "caught",
                  "player_out": "NJ Rimmington",
                  "fielders": [
                    {
                      "name": "MJ North"
                    }
                  ]
                }
              ]
            },
            {
              "batter": "AW O'Brien",
              "bowler": "AC Thomas",
              "non_striker": "DJ Pattinson",
              "runs": {
                "batter": 0,
                "extras": 0,
                "total": 0
              }
            },
            {
              "batter": "AW O'Brien",
              "bowler": "AC Thomas",
              "non_striker": "DJ Pattinson",
              "runs": {
                "batter": 2,
                "extras": 0,
                "total": 2
              }
            },
            {
              "batter": "AW O'Brien",
              "bowler": "AC Thomas",
              "non_striker": "DJ Pattinson",
              "runs": {
                "batter": 0,
                "extras": 0,
                "total": 0
              }
            }
          ]
        },
        {
          "over": 18,
          "deliveries": [
            {
              "batter": "DJ Pattinson",
              "bowler": "NM Coulter-Nile",
              "non_striker": "AW O'Brien",
              "runs": {
                "batter": 1,
                "extras": 0,
                "total": 1
              }
            },
            {
              "batter": "AW O'Brien",
              "bowler": "NM Coulter-Nile",
              "non_striker": "DJ Pattinson",
              "runs": {
                "batter": 1,
                "extras": 0,
                "total": 1
              }
            },
            {
              "batter": "DJ Pattinson",
              "bowler": "NM Coulter-Nile",
              "non_striker": "AW O'Brien",
              "runs": {
                "batter": 4,
                "extras": 0,
                "total": 4
              }
            },
            {
              "batter": "DJ Pattinson",
              "bowler": "NM Coulter-Nile",
              "non_striker": "AW O'Brien",
              "runs": {
                "batter": 0,
                "extras": 0,
                "total": 0
              },
              "wickets": [
                {
                  "kind": "caught",
                  "player_out": "DJ Pattinson",
                  "fielders": [
                    {
                      "name": "TIF Triffitt"
                    }
                  ]
                }
              ]
            },
            {
              "batter": "M Muralitharan",
              "bowler": "NM Coulter-Nile",
              "non_striker": "AW O'Brien",
              "runs": {
                "batter": 0,
                "extras": 0,
                "total": 0
              }
            },
            {
              "batter": "M Muralitharan",
              "bowler": "NM Coulter-Nile",
              "non_striker": "AW O'Brien",
              "runs": {
                "batter": 1,
                "extras": 0,
                "total": 1
              }
            }
          ]
        },
        {
          "over": 19,
          "deliveries": [
            {
              "batter": "M Muralitharan",
              "bowler": "AC Thomas",
              "non_striker": "AW O'Brien",
              "runs": {
                "batter": 0,
                "extras": 0,
                "total": 0
              },
              "wickets": [
                {
                  "kind": "caught",
                  "player_out": "M Muralitharan",
                  "fielders": [
                    {
                      "name": "MA Beer"
                    }
                  ]
                }
              ]
            }
          ]
        }
      ],
      "powerplays": [
        {
          "from": 0.1,
          "to": 5.7,
          "type": "mandatory"
        }
      ],
      "target": {
        "overs": 20,
        "runs": 188
      }
    }
  ]
}