{
  "meta": {
    "data_version": "1.0.0",
    "created": "2017-04-20",
    "revision": 1
  },
  "info": {
    "balls_per_over": 6,
    "dates": [
      "2014-02-05"
    ],
    "event": {
      "name": "Big Bash League",
      "stage": "Semi Final"
    },
    "gender": "male",
    "match_type": "T20",
    "officials": {
      "match_referees": [
        "PL Marshall"
      ],
      "reserve_umpires": [
        "GJ Davidson"
      ],
      "tv_umpires": [
        "GC Joshua"
      ],
      "umpires": [
        "MD Martell",
        "P Wilson"
      ]
    },
    "outcome": {
      "by": {
        "runs": 5
      },
      "method": "D/L",
      "winner": "Perth Scorchers"
    },
    "overs": 20,
    "player_of_match": [
      "CJ Simmons"
    ],
    "players": {
      "Perth Scorchers": [
        "CJ Simmons",
        "SM Katich",
        "SM Whiteman",
        "AC Voges",
        "MR Marsh",
        "AJ Turner",
        "NM Coulter-Nile",
        "PJ Cummins",
        "JP Behrendorff",
        "AC Thomas",
        "GB Hogg"
      ],
      "Sydney Sixers": [
        "MJ Lumb",
        "NJ Maddinson",
        "RS Bopara",
        "SA Abbott",
        "MJ Cosgrove",
        "DLR Smith",
        "MJ North",
        "B Lee",
        "TA Copeland",
        "JR Hazlewood",
        "MA Starc"
      ]
    },
    "registry": {
      "people": {
        "AC Thomas": "b552a935",
        "AC Voges": "864c199e",
        "AJ Turner": "ff1e12a0",
        "B Lee": "dd09ff8e",
        "CJ Simmons": "0095ce38",
        "DLR Smith": "0c5c3a87",
        "GB Hogg": "f708a0bc",
        "GC Joshua": "4c47ebf2",
        "GJ Davidson": "31ad5973",
        "HWR Cartwright": "ab965cad",
        "JP Behrendorff": "4933f499",
        "JR Hazlewood": "03806cf8",
        "MA Starc": "3fb19989",
        "MD Martell": "487c072e",
        "MJ Cosgrove": "be768595",
        "MJ Lumb": "11df3dc8",
        "MJ North": "99464591",
        "MR Marsh": "3d8feaf8",
        "NJ Maddinson": "44afbf2d",
        "NM Coulter-Nile": "56ab442f",
        "P Wilson": "68304a36",
        "PJ Cummins": "ded9240e",
        "PL Marshall": "c1ca6df3",
        "RS Bopara": "7ca5e05d",
        "SA Abbott": "1a2676c5",
        "SM Katich": "fdedb37c",
        "SM Whiteman": "f4427cc6",
        "TA Copeland": "2c7ac4b9"
      }
    },
    "season": "2013/14",
    "team_type": "club",
    "teams": [
      "Sydney Sixers",
      "Perth Scorchers"
    ],
    "toss": {
      "decision": "field",
      "winner": "Sydney Sixers"
    },
    "venue": "Sydney Cricket Ground"
  },
  "innings": [
    {
      "team": "Perth Scorchers",
      "overs": [
        {
          "over": 0,
          "deliveries": [
            {
              "batter": "CJ Simmons",
              "bowler": "B Lee",
              "extras": {
                "wides": 1
              },
              "non_striker": "SM Katich",
              "runs": {
                "batter": 0,
                "extras": 1,
                "total": 1
              }
            },
            {
              "batter": "CJ Simmons",
              "bowler": "B Lee",
              "non_striker": "SM Katich",
              "runs": {
                "batter": 1,
                "extras": 0,
                "total": 1
              }
            },
            {
              "batter": "SM Katich",
              "bowler": "B Lee",
              "non_striker": "CJ Simmons",
              "runs": {
                "batter": 0,
                "extras": 0,
                "total": 0
              }
            },
            {
              "batter": "SM Katich",
              "bowler": "B Lee",
              "non_striker": "CJ Simmons",
              "runs": {
                "batter": 0,
                "extras": 0,
                "total": 0
              }
            },
            {
              "batter": "SM Katich",
              "bowler": "B Lee",
              "non_striker": "CJ Simmons",
              "runs": {
                "batter": 1,
                "extras": 0,
                "total": 1
              }
            },
            {
              "batter": "CJ Simmons",
              "bowler": "B Lee",
              "non_striker": "SM Katich",
              "runs": {
                "batter": 0,
                "extras": 0,
                "total": 0
              }
            },
            {
              "batter": "CJ Simmons",
              "bowler": "B Lee",
              "non_striker": "SM Katich",
              "runs": {
                "batter": 0,
                "extras": 0,
                "total": 0
              }
            }
          ]
        },
        {
          "over": 1,
          "deliveries": [
            {
              "batter": "SM Katich",
              "bowler": "MA Starc",
              "non_striker": "CJ Simmons",
              "runs": {
                "batter": 0,
                "extras": 0,
                "total": 0
              }
            },
            {
              "batter": "SM Katich",
              "bowler": "MA Starc",
              "non_striker": "CJ Simmons",
              "runs": {
                "batter": 0,
                "extras": 0,
                "total": 0
              }
            },
            {
              "batter": "SM Katich",
              "bowler": "MA Starc",
              "non_striker": "CJ Simmons",
              "runs": {
                "batter": 4,
                "extras": 0,
                "total": 4
              }
            },
            {
              "batter": "SM Katich",
              "bowler": "MA Starc",
              "non_striker": "CJ Simmons",
              "runs": {
                "batter": 0,
                "extras": 0,
                "total": 0
              }
            },
            {
              "batter": "SM Katich",
              "bowler": "MA Starc",
              "extras": {
                "wides": 1
              },
              "non_striker": "CJ Simmons",
              "runs": {
                "batter": 0,
                "extras": 1,
                "total": 1
              }
            },
            {
              "batter": "SM Katich",
              "bowler": "MA Starc",
              "non_striker": "CJ Simmons",
              "runs": {
                "batter": 0,
                "extras": 0,
                "total": 0
              }
            },
            {
              "batter": "SM Katich",
              "bowler": "MA Starc",
              "non_striker": "CJ Simmons",
              "runs": {
                "batter": 0,
                "extras": 0,
                "total": 0
              }
            }
          ]
        },
        {
          "over": 2,
          "deliveries": [
            {
              "batter": "CJ Simmons",
              "bowler": "JR Hazlewood",
              "extras": {
                "legbyes": 1
              },
              "non_striker": "SM Katich",
              "runs": {
                "batter": 0,
                "extras": 1,
                "total": 1
              }
            },
            {
              "batter": "SM Katich",
              "bowler": "JR Hazlewood",
              "non_striker": "CJ Simmons",
              "runs": {
                "batter": 0,
                "extras": 0,
                "total": 0
              }
            },
            {
              "batter": "SM Katich",
              "bowler": "JR Hazlewood",
              "non_striker": "CJ Simmons",
              "runs": {
                "batter": 0,
                "extras": 0,
                "total": 0
              }
            },
            {
              "batter": "SM Katich",
              "bowler": "JR Hazlewood",
              "extras": {
                "legbyes": 1
              },
              "non_striker": "CJ Simmons",
              "runs": {
                "batter": 0,
                "extras": 1,
                "total": 1
              }
            },
            {
              "batter": "CJ Simmons",
              "bowler": "JR Hazlewood",
              "non_striker": "SM Katich",
              "runs": {
                "batter": 1,
                "extras": 0,
                "total": 1
              }
            },
            {
              "batter": "SM Katich",
              "bowler": "JR Hazlewood",
              "non_striker": "CJ Simmons",
              "runs": {
                "batter": 1,
                "extras": 0,
                "total": 1
              }
            }
          ]
        },
        {
          "over": 3,
          "deliveries": [
            {
              "batter": "SM Katich",
              "bowler": "MA Starc",
              "non_striker": "CJ Simmons",
              "runs": {
                "batter": 4,
                "extras": 0,
                "total": 4
              }
            },
            {
              "batter": "SM Katich",
              "bowler": "MA Starc",
              "non_striker": "CJ Simmons",
              "runs": {
                "batter": 4,
                "extras": 0,
                "total": 4
              }
            },
            {
              "batter": "SM Katich",
              "bowler": "MA Starc",
              "non_striker": "CJ Simmons",
              "runs": {
                "batter": 0,
                "extras": 0,
                "total": 0
              }
            },
            {
              "batter": "SM Katich",
              "bowler": "MA Starc",
              "non_striker": "CJ Simmons",
              "runs": {
                "batter": 4,
                "extras": 0,
                "total": 4
              }
            },
            {
              "batter": "SM Katich",
              "bowler": "MA Starc",
              "non_striker": "CJ Simmons",
              "runs": {
                "batter": 6,
                "extras": 0,
                "total": 6
              }
            },
            {
              "batter": "SM Katich",
              "bowler": "MA Starc",
              "non_striker": "CJ Simmons",
              "runs": {
                "batter": 1,
                "extras": 0,
                "total": 1
              }
            }
          ]
        },
        {
          "over": 4,
          "deliveries": [
            {
              "batter": "SM Katich",
              "bowler": "JR Hazlewood",
              "non_striker": "CJ Simmons",
              "runs": {
                "batter": 1,
                "extras": 0,
                "total": 1
              }
            },
            {
              "batter": "CJ Simmons",
              "bowler": "JR Hazlewood",
              "non_striker": "SM Katich",
              "runs": {
                "batter": 1,
                "extras": 0,
                "total": 1
              }
            },
            {
              "batter": "SM Katich",
              "bowler": "JR Hazlewood",
              "non_striker": "CJ Simmons",
              "runs": {
                "batter": 0,
                "extras": 0,
                "total": 0
              },
              "wickets": [
                {
                  "kind": "caught",
                  "player_out": "SM Katich",
                  "fielders": [
                    {
                      "name": "B Lee"
                    }
                  ]
                }
              ]
            },
            {
              "batter": "CJ Simmons",
              "bowler": "JR Hazlewood",
              "non_striker": "SM Whiteman",
              "runs": {
                "batter": 0,
                "extras": 0,
                "total": 0
              }
            },
            {
              "batter": "CJ Simmons",
              "bowler": "JR Hazlewood",
              "non_striker": "SM Whiteman",
              "runs": {
                "batter": 0,
                "extras": 0,
                "total": 0
              }
            },
            {
              "batter": "CJ Simmons",
              "bowler": "JR Hazlewood",
              "non_striker": "SM Whiteman",
              "runs": {
                "batter": 0,
                "extras": 0,
                "total": 0
              }
            }
          ]
        },
        {
          "over": 5,
          "deliveries": [
            {
              "batter": "SM Whiteman",
              "bowler": "TA Copeland",
              "non_striker": "CJ Simmons",
              "runs": {
                "batter": 0,
                "extras": 0,
                "total": 0
              }
            },
            {
              "batter": "SM Whiteman",
              "bowler": "TA Copeland",
              "non_striker": "CJ Simmons",
              "runs": {
                "batter": 1,
                "extras": 0,
                "total": 1
              }
            },
            {
              "batter": "CJ Simmons",
              "bowler": "TA Copeland",
              "non_striker": "SM Whiteman",
              "runs": {
                "batter": 1,
                "extras": 0,
                "total": 1
              }
            },
            {
              "batter": "SM Whiteman",
              "bowler": "TA Copeland",
              "non_striker": "CJ Simmons",
              "runs": {
                "batter": 1,
                "extras": 0,
                "total": 1
              }
            },
            {
              "batter": "CJ Simmons",
              "bowler": "TA Copeland",
              "non_striker": "SM Whiteman",
              "runs": {
                "batter": 0,
                "extras": 0,
                "total": 0
              }
            },
            {
              "batter": "CJ Simmons",
              "bowler": "TA Copeland",
              "non_striker": "SM Whiteman",
              "runs": {
                "batter": 0,
                "extras": 0,
                "total": 0
              }
            }
          ]
        },
        {
          "over": 6,
          "deliveries": [
            {
              "batter": "SM Whiteman",
              "bowler": "RS Bopara",
              "non_striker": "CJ Simmons",
              "runs": {
                "batter": 0,
                "extras": 0,
                "total": 0
              }
            },
            {
              "batter": "SM Whiteman",
              "bowler": "RS Bopara",
              "non_striker": "CJ Simmons",
              "runs": {
                "batter": 1,
                "extras": 0,
                "total": 1
              }
            },
            {
              "batter": "CJ Simmons",
              "bowler": "RS Bopara",
              "non_striker": "SM Whiteman",
              "runs": {
                "batter": 0,
                "extras": 0,
                "total": 0
              }
            },
            {
              "batter": "CJ Simmons",
              "bowler": "RS Bopara",
              "non_striker": "SM Whiteman",
              "runs": {
                "batter": 1,
                "extras": 0,
                "total": 1
              }
            },
            {
              "batter": "SM Whiteman",
              "bowler": "RS Bopara",
              "non_striker": "CJ Simmons",
              "runs": {
                "batter": 0,
                "extras": 0,
                "total": 0
              }
            },
            {
              "batter": "SM Whiteman",
              "bowler": "RS Bopara",
              "non_striker": "CJ Simmons",
              "runs": {
                "batter": 1,
                "extras": 0,
                "total": 1
              }
            }
          ]
        },
        {
          "over": 7,
          "deliveries": [
            {
              "batter": "SM Whiteman",
              "bowler": "TA Copeland",
              "non_striker": "CJ Simmons",
              "runs": {
                "batter": 3,
                "extras": 0,
                "total": 3
              }
            },
            {
              "batter": "CJ Simmons",
              "bowler": "TA Copeland",
              "non_striker": "SM Whiteman",
              "runs": {
                "batter": 0,
                "extras": 0,
                "total": 0
              }
            },
            {
              "batter": "CJ Simmons",
              "bowler": "TA Copeland",
              "non_striker": "SM Whiteman",
              "runs": {
                "batter": 1,
                "extras": 0,
                "total": 1
              }
            },
            {
              "batter": "SM Whiteman",
              "bowler": "TA Copeland",
              "non_striker": "CJ Simmons",
              "runs": {
                "batter": 1,
                "extras": 0,
                "total": 1
              }
            },
            {
              "batter": "CJ Simmons",
              "bowler": "TA Copeland",
              "non_striker": "SM Whiteman",
              "runs": {
                "batter": 6,
                "extras": 0,
                "total": 6
              }
            },
            {
              "batter": "CJ Simmons",
              "bowler": "TA Copeland",
              "non_striker": "SM Whiteman",
              "runs": {
                "batter": 2,
                "extras": 0,
                "total": 2
              }
            }
          ]
        },
        {
          "over": 8,
          "deliveries": [
            {
              "batter": "SM Whiteman",
              "bowler": "B Lee",
              "non_striker": "CJ Simmons",
              "runs": {
                "batter": 1,
                "extras": 0,
                "total": 1
              }
            },
            {
              "batter": "CJ Simmons",
              "bowler": "B Lee",
              "non_striker": "SM Whiteman",
              "runs": {
                "batter": 0,
                "extras": 0,
                "total": 0
              }
            },
            {
              "batter": "CJ Simmons",
              "bowler": "B Lee",
              "extras": {
                "legbyes": 1
              },
              "non_striker": "SM Whiteman",
              "runs": {
                "batter": 0,
                "extras": 1,
                "total": 1
              }
            },
            {
              "batter": "SM Whiteman",
              "bowler": "B Lee",
              "non_striker": "CJ Simmons",
              "runs": {
                "batter": 0,
                "extras": 0,
                "total": 0
              },
              "wickets": [
                {
                  "kind": "caught",
                  "player_out": "SM Whiteman",
                  "fielders": [
                    {
                      "name": "SA Abbott"
                    }
                  ]
                }
              ]
            },
            {
              "batter": "CJ Simmons",
              "bowler": "B Lee",
              "non_striker": "AC Voges",
              "runs": {
                "batter": 1,
                "extras": 0,
                "total": 1
              }
            },
            {
              "batter": "AC Voges",
              "bowler": "B Lee",
              "non_striker": "CJ Simmons",
              "runs": {
                "batter": 0,
                "extras": 0,
                "total": 0
              }
            }
          ]
        },
        {
          "over": 9,
          "deliveries": [
            {
              "batter": "CJ Simmons",
              "bowler": "SA Abbott",
              "non_striker": "AC Voges",
              "runs": {
                "batter": 1,
                "extras": 0,
                "total": 1
              }
            },
            {
              "batter": "AC Voges",
              "bowler": "SA Abbott",
              "non_striker": "CJ Simmons",
              "runs": {
                "batter": 1,
                "extras": 0,
                "total": 1
              }
            },
            {
              "batter": "CJ Simmons",
              "bowler": "SA Abbott",
              "non_striker": "AC Voges",
              "runs": {
                "batter": 6,
                "extras": 0,
                "total": 6
              }
            },
            {
              "batter": "CJ Simmons",
              "bowler": "SA Abbott",
              "non_striker": "AC Voges",
              "runs": {
                "batter": 1,
                "extras": 0,
                "total": 1
              }
            },
            {
              "batter": "AC Voges",
              "bowler": "SA Abbott",
              "non_striker": "CJ Simmons",
              "runs": {
                "batter": 0,
                "extras": 0,
                "total": 0
              }
            },
            {
              "batter": "AC Voges",
              "bowler": "SA Abbott",
              "extras": {
                "wides": 1
              },
              "non_striker": "CJ Simmons",
              "runs": {
                "batter": 0,
                "extras": 1,
                "total": 1
              }
            },
            {
              "batter": "AC Voges",
              "bowler": "SA Abbott",
              "non_striker": "CJ Simmons",
              "runs": {
                "batter": 2,
                "extras": 0,
                "total": 2
              }
            }
          ]
        },
        {
          "over": 10,
          "deliveries": [
            {
              "batter": "CJ Simmons",
              "bowler": "RS Bopara",
              "non_striker": "AC Voges",
              "runs": {
                "batter": 0,
                "extras": 0,
                "total": 0
              }
            },
            {
              "batter": "CJ Simmons",
              "bowler": "RS Bopara",
              "non_striker": "AC Voges",
              "runs": {
                "batter": 1,
                "extras": 0,
                "total": 1
              }
            },
            {
              "batter": "AC Voges",
              "bowler": "RS Bopara",
              "non_striker": "CJ Simmons",
              "runs": {
                "batter": 1,
                "extras": 0,
                "total": 1
              }
            },
            {
              "batter": "CJ Simmons",
              "bowler": "RS Bopara",
              "non_striker": "AC Voges",
              "runs": {
                "batter": 2,
                "extras": 0,
                "total": 2
              }
            },
            {
              "batter": "CJ Simmons",
              "bowler": "RS Bopara",
              "non_striker": "AC Voges",
              "runs": {
                "batter": 1,
                "extras": 0,
                "total": 1
              }
            },
            {
              "batter": "AC Voges",
              "bowler": "RS Bopara",
              "non_striker": "CJ Simmons",
              "runs": {
                "batter": 1,
                "extras": 0,
                "total": 1
              }
            }
          ]
        },
        {
          "over": 11,
          "deliveries": [
            {
              "batter": "AC Voges",
              "bowler": "JR Hazlewood",
              "non_striker": "CJ Simmons",
              "runs": {
                "batter": 4,
                "extras": 0,
                "total": 4
              }
            },
            {
              "batter": "AC Voges",
              "bowler": "JR Hazlewood",
              "non_striker": "CJ Simmons",
              "runs": {
                "batter": 2,
                "extras": 0,
                "total": 2
              }
            },
            {
              "batter": "AC Voges",
              "bowler": "JR Hazlewood",
              "non_striker": "CJ Simmons",
              "runs": {
                "batter": 1,
                "extras": 0,
                "total": 1
              }
            },
            {
              "batter": "CJ Simmons",
              "bowler": "JR Hazlewood",
              "non_striker": "AC Voges",
              "runs": {
                "batter": 6,
                "extras": 0,
                "total": 6
              }
            },
            {
              "batter": "CJ Simmons",
              "bowler": "JR Hazlewood",
              "non_striker": "AC Voges",
              "runs": {
                "batter": 4,
                "extras": 0,
                "total": 4
              }
            },
            {
              "batter": "CJ Simmons",
              "bowler": "JR Hazlewood",
              "non_striker": "AC Voges",
              "runs": {
                "batter": 0,
                "extras": 0,
                "total": 0
              }
            }
          ]
        },
        {
          "over": 12,
          "deliveries": [
            {
              "batter": "AC Voges",
              "bowler": "RS Bopara",
              "non_striker": "CJ Simmons",
              "runs": {
                "batter": 0,
                "extras": 0,
                "total": 0
              }
            },
            {
              "batter": "AC Voges",
              "bowler": "RS Bopara",
              "non_striker": "CJ Simmons",
              "runs": {
                "batter": 1,
                "extras": 0,
                "total": 1
              }
            },
            {
              "batter": "CJ Simmons",
              "bowler": "RS Bopara",
              "non_striker": "AC Voges",
              "runs": {
                "batter": 6,
                "extras": 0,
                "total": 6
              }
            },
            {
              "batter": "CJ Simmons",
              "bowler": "RS Bopara",
              "non_striker": "AC Voges",
              "runs": {
                "batter": 2,
                "extras": 0,
                "total": 2
              }
            },
            {
              "batter": "CJ Simmons",
              "bowler": "RS Bopara",
              "non_striker": "AC Voges",
              "runs": {
                "batter": 1,
                "extras": 0,
                "total": 1
              }
            },
            {
              "batter": "AC Voges",
              "bowler": "RS Bopara",
              "non_striker": "CJ Simmons",
              "runs": {
                "batter": 0,
                "extras": 0,
                "total": 0
              }
            }
          ]
        },
        {
          "over": 13,
          "deliveries": [
            {
              "batter": "CJ Simmons",
              "bowler": "MJ North",
              "non_striker": "AC Voges",
              "runs": {
                "batter": 1,
                "extras": 0,
                "total": 1
              }
            },
            {
              "batter": "AC Voges",
              "bowler": "MJ North",
              "non_striker": "CJ Simmons",
              "runs": {
                "batter": 1,
                "extras": 0,
                "total": 1
              }
            },
            {
              "batter": "CJ Simmons",
              "bowler": "MJ North",
              "non_striker": "AC Voges",
              "runs": {
                "batter": 1,
                "extras": 0,
                "total": 1
              }
            },
            {
              "batter": "AC Voges",
              "bowler": "MJ North",
              "non_striker": "CJ Simmons",
              "runs": {
                "batter": 2,
                "extras": 0,
                "total": 2
              }
            },
            {
              "batter": "AC Voges",
              "bowler": "MJ North",
              "non_striker": "CJ Simmons",
              "runs": {
                "batter": 1,
                "extras": 0,
                "total": 1
              }
            },
            {
              "batter": "CJ Simmons",
              "bowler": "MJ North",
              "non_striker": "AC Voges",
              "runs": {
                "batter": 6,
                "extras": 0,
                "total": 6
              }
            }
          ]
        },
        {
          "over": 14,
          "deliveries": [
            {
              "batter": "AC Voges",
              "bowler": "B Lee",
              "non_striker": "CJ Simmons",
              "runs": {
                "batter": 2,
                "extras": 0,
                "total": 2
              }
            },
            {
              "batter": "AC Voges",
              "bowler": "B Lee",
              "non_striker": "CJ Simmons",
              "runs": {
                "batter": 4,
                "extras": 0,
                "total": 4
              }
            },
            {
              "batter": "AC Voges",
              "bowler": "B Lee",
              "non_striker": "CJ Simmons",
              "runs": {
                "batter": 1,
                "extras": 0,
                "total": 1
              }
            },
            {
              "batter": "CJ Simmons",
              "bowler": "B Lee",
              "non_striker": "AC Voges",
              "runs": {
                "batter": 1,
                "extras": 0,
                "total": 1
              }
            },
            {
              "batter": "AC Voges",
              "bowler": "B Lee",
              "non_striker": "CJ Simmons",
              "runs": {
                "batter": 1,
                "extras": 0,
                "total": 1
              }
            },
            {
              "batter": "CJ Simmons",
              "bowler": "B Lee",
              "non_striker": "AC Voges",
              "runs": {
                "batter": 1,
                "extras": 0,
                "total": 1
              }
            }
          ]
        },
        {
          "over": 15,
          "deliveries": [
            {
              "batter": "CJ Simmons",
              "bowler": "SA Abbott",
              "non_striker": "AC Voges",
              "runs": {
                "batter": 1,
                "extras": 0,
                "total": 1
              }
            },
            {
              "batter": "AC Voges",
              "bowler": "SA Abbott",
              "non_striker": "CJ Simmons",
              "runs": {
                "batter": 4,
                "extras": 0,
                "total": 4
              }
            },
            {
              "batter": "AC Voges",
              "bowler": "SA Abbott",
              "non_striker": "CJ Simmons",
              "runs": {
                "batter": 1,
                "extras": 0,
                "total": 1
              }
            },
            {
              "batter": "CJ Simmons",
              "bowler": "SA Abbott",
              "non_striker": "AC Voges",
              "runs": {
                "batter": 6,
                "extras": 0,
                "total": 6
              }
            },
            {
              "batter": "CJ Simmons",
              "bowler": "SA Abbott",
              "extras": {
                "wides": 1
              },
              "non_striker": "AC Voges",
              "runs": {
                "batter": 0,
                "extras": 1,
                "total": 1
              }
            },
            {
              "batter": "CJ Simmons",
              "bowler": "SA Abbott",
              "non_striker": "AC Voges",
              "runs": {
                "batter": 4,
                "extras": 0,
                "total": 4
              }
            },
            {
              "batter": "CJ Simmons",
              "bowler": "SA Abbott",
              "non_striker": "AC Voges",
              "runs": {
                "batter": 6,
                "extras": 0,
                "total": 6
              }
            }
          ]
        },
        {
          "over": 16,
          "deliveries": [
            {
              "batter": "AC Voges",
              "bowler": "MA Starc",
              "non_striker": "CJ Simmons",
              "runs": {
                "batter": 1,
                "extras": 0,
                "total": 1
              }
            },
            {
              "batter": "CJ Simmons",
              "bowler": "MA Starc",
              "non_striker": "AC Voges",
              "runs": {
                "batter": 1,
                "extras": 0,
                "total": 1
              }
            },
            {
              "batter": "AC Voges",
              "bowler": "MA Starc",
              "non_striker": "CJ Simmons",
              "runs": {
                "batter": 0,
                "extras": 0,
                "total": 0
              }
            },
            {
              "batter": "AC Voges",
              "bowler": "MA Starc",
              "non_striker": "CJ Simmons",
              "runs": {
                "batter": 0,
                "extras": 0,
                "total": 0
              },
              "wickets": [
                {
                  "kind": "bowled",
                  "player_out": "AC Voges"
                }
              ]
            },
            {
              "batter": "MR Marsh",
              "bowler": "MA Starc",
              "non_striker": "CJ Simmons",
              "runs": {
                "batter": 1,
                "extras": 0,
                "total": 1
              }
            },
            {
              "batter": "CJ Simmons",
              "bowler": "MA Starc",
              "extras": {
                "legbyes": 1
              },
              "non_striker": "MR Marsh",
              "runs": {
                "batter": 0,
                "extras": 1,
                "total": 1
              }
            }
          ]
        },
        {
          "over": 17,
          "deliveries": [
            {
              "batter": "CJ Simmons",
              "bowler": "JR Hazlewood",
              "extras": {
                "wides": 1
              },
              "non_striker": "MR Marsh",
              "runs": {
                "batter": 0,
                "extras": 1,
                "total": 1
              }
            },
            {
              "batter": "CJ Simmons",
              "bowler": "JR Hazlewood",
              "non_striker": "MR Marsh",
              "runs": {
                "batter": 6,
                "extras": 0,
                "total": 6
              }
            },
            {
              "batter": "CJ Simmons",
              "bowler": "JR Hazlewood",
              "non_striker": "MR Marsh",
              "runs": {
                "batter": 6,
                "extras": 0,
                "total": 6
              }
            },
            {
              "batter": "CJ Simmons",
              "bowler": "JR Hazlewood",
              "non_striker": "MR Marsh",
              "runs": {
                "batter": 0,
                "extras": 0,
                "total": 0
              }
            },
            {
              "batter": "CJ Simmons",
              "bowler": "JR Hazlewood",
              "extras": {
                "legbyes": 1
              },
              "non_striker": "MR Marsh",
              "runs": {
                "batter": 0,
                "extras": 1,
                "total": 1
              }
            },
            {
              "batter": "MR Marsh",
              "bowler": "JR Hazlewood",
              "non_striker": "CJ Simmons",
              "runs": {
                "batter": 1,
                "extras": 0,
                "total": 1
              }
            },
            {
              "batter": "CJ Simmons",
              "bowler": "JR Hazlewood",
              "non_striker": "MR Marsh",
              "runs": {
                "batter": 6,
                "extras": 0,
                "total": 6
              }
            }
          ]
        },
        {
          "over": 18,
          "deliveries": [
            {
              "batter": "MR Marsh",
              "bowler": "MA Starc",
              "non_striker": "CJ Simmons",
              "runs": {
                "batter": 1,
                "extras": 0,
                "total": 1
              }
            },
            {
              "batter": "CJ Simmons",
              "bowler": "MA Starc",
              "non_striker": "MR Marsh",
              "runs": {
                "batter": 2,
                "extras": 0,
                "total": 2
              }
            },
            {
              "batter": "CJ Simmons",
              "bowler": "MA Starc",
              "non_striker": "MR Marsh",
              "runs": {
                "batter": 2,
                "extras": 0,
                "total": 2
              }
            },
            {
              "batter": "CJ Simmons",
              "bowler": "MA Starc",
              "non_striker": "MR Marsh",
              "runs": {
                "batter": 4,
                "extras": 0,
                "total": 4
              }
            },
            {
              "batter": "CJ Simmons",
              "bowler": "MA Starc",
              "non_striker": "MR Marsh",
              "runs": {
                "batter": 1,
                "extras": 0,
                "total": 1
              }
            },
            {
              "batter": "MR Marsh",
              "bowler": "MA Starc",
              "non_striker": "CJ Simmons",
              "runs": {
                "batter": 0,
                "extras": 0,
                "total": 0
              },
              "wickets": [
                {
                  "kind": "caught",
                  "player_out": "MR Marsh",
                  "fielders": [
                    {
                      "name": "DLR Smith"
                    }
                  ]
                }
              ]
            }
          ]
        },
        {
          "over": 19,
          "deliveries": [
            {
              "batter": "CJ Simmons",
              "bowler": "B Lee",
              "non_striker": "AJ Turner",
              "runs": {
                "batter": 6,
                "extras": 0,
                "total": 6
              }
            },
            {
              "batter": "CJ Simmons",
              "bowler": "B Lee",
              "non_striker": "AJ Turner",
              "runs": {
                "batter": 0,
                "extras": 0,
                "total": 0
              }
            },
            {
              "batter": "CJ Simmons",
              "bowler": "B Lee",
              "non_striker": "AJ Turner",
              "runs": {
                "batter": 4,
                "extras": 0,
                "total": 4
              }
            },
            {
              "batter": "CJ Simmons",
              "bowler": "B Lee",
              "extras": {
                "wides": 1
              },
              "non_striker": "AJ Turner",
              "runs": {
                "batter": 0,
                "extras": 1,
                "total": 1
              }
            },
            {
              "batter": "CJ Simmons",
              "bowler": "B Lee",
              "non_striker": "AJ Turner",
              "runs": {
                "batter": 1,
                "extras": 0,
                "total": 1
              },
              "wickets": [
                {
                  "kind": "run out",
                  "player_out": "CJ Simmons",
                  "fielders": [
                    {
                      "name": "SA Abbott"
                    },
                    {
                      "name": "DLR Smith"
                    }
                  ]
                }
              ]
            },
            {
              "batter": "NM Coulter-Nile",
              "bowler": "B Lee",
              "non_striker": "AJ Turner",
              "runs": {
                "batter": 0,
                "extras": 0,
                "total": 0
              }
            },
            {
              "batter": "NM Coulter-Nile",
              "bowler": "B Lee",
              "extras": {
                "byes": 1
              },
              "non_striker": "AJ Turner",
              "runs": {
                "batter": 0,
                "extras": 1,
                "total": 1
              }
            }
          ]
        }
      ],
      "powerplays": [
        {
          "from": 0.1,
          "to": 5.6,
          "type": "mandatory"
        }
      ]
    },
    {
      "team": "Sydney Sixers",
      "overs": [
        {
          "over": 0,
          "deliveries": [
            {
              "batter": "MJ Lumb",
              "bowler": "AC Thomas",
              "extras": {
                "wides": 1
              },
              "non_striker": "NJ Maddinson",
              "runs": {
                "batter": 0,
                "extras": 1,
                "total": 1
              }
            },
            {
              "batter": "MJ Lumb",
              "bowler": "AC Thomas",
              "non_striker": "NJ Maddinson",
              "runs": {
                "batter": 0,
                "extras": 0,
                "total": 0
              }
            },
            {
              "batter": "MJ Lumb",
              "bowler": "AC Thomas",
              "non_striker": "NJ Maddinson",
              "runs": {
                "batter": 0,
                "extras": 0,
                "total": 0
              }
            },
            {
              "batter": "MJ Lumb",
              "bowler": "AC Thomas",
              "non_striker": "NJ Maddinson",
              "runs": {
                "batter": 1,
                "extras": 0,
                "total": 1
              }
            },
            {
              "batter": "NJ Maddinson",
              "bowler": "AC Thomas",
              "non_striker": "MJ Lumb",
              "runs": {
                "batter": 4,
                "extras": 0,
                "total": 4
              }
            },
            {
              "batter": "NJ Maddinson",
              "bowler": "AC Thomas",
              "non_striker": "MJ Lumb",
              "runs": {
                "batter": 1,
                "extras": 0,
                "total": 1
              }
            },
            {
              "batter": "MJ Lumb",
              "bowler": "AC Thomas",
              "extras": {
                "legbyes": 1
              },
              "non_striker": "NJ Maddinson",
              "runs": {
                "batter": 0,
                "extras": 1,
                "total": 1
              }
            }
          ]
        },
        {
          "over": 1,
          "deliveries": [
            {
              "batter": "MJ Lumb",
              "bowler": "JP Behrendorff",
              "non_striker": "NJ Maddinson",
              "runs": {
                "batter": 0,
                "extras": 0,
                "total": 0
              }
            },
            {
              "batter": "MJ Lumb",
              "bowler": "JP Behrendorff",
              "non_striker": "NJ Maddinson",
              "runs": {
                "batter": 0,
                "extras": 0,
                "total": 0
              },
              "wickets": [
                {
                  "kind": "caught",
                  "player_out": "MJ Lumb",
                  "fielders": [
                    {
                      "name": "PJ Cummins"
                    }
                  ]
                }
              ]
            },
            {
              "batter": "NJ Maddinson",
              "bowler": "JP Behrendorff",
              "non_striker": "RS Bopara",
              "runs": {
                "batter": 0,
                "extras": 0,
                "total": 0
              }
            },
            {
              "batter": "NJ Maddinson",
              "bowler": "JP Behrendorff",
              "non_striker": "RS Bopara",
              "runs": {
                "batter": 1,
                "extras": 0,
                "total": 1
              }
            },
            {
              "batter": "RS Bopara",
              "bowler": "JP Behrendorff",
              "non_striker": "NJ Maddinson",
              "runs": {
                "batter": 0,
                "extras": 0,
                "total": 0
              },
              "wickets": [
                {
                  "kind": "caught",
                  "player_out": "RS Bopara",
                  "fielders": [
                    {
                      "name": "GB Hogg"
                    }
                  ]
                }
              ]
            },
            {
              "batter": "NJ Maddinson",
              "bowler": "JP Behrendorff",
              "non_striker": "SA Abbott",
              "runs": {
                "batter": 4,
                "extras": 0,
                "total": 4
              }
            }
          ]
        },
        {
          "over": 2,
          "deliveries": [
            {
              "batter": "SA Abbott",
              "bowler": "GB Hogg",
              "extras": {
                "byes": 3
              },
              "non_striker": "NJ Maddinson",
              "runs": {
                "batter": 0,
                "extras": 3,
                "total": 3
              }
            },
            {
              "batter": "NJ Maddinson",
              "bowler": "GB Hogg",
              "non_striker": "SA Abbott",
              "runs": {
                "batter": 3,
                "extras": 0,
                "total": 3
              }
            },
            {
              "batter": "SA Abbott",
              "bowler": "GB Hogg",
              "non_striker": "NJ Maddinson",
              "runs": {
                "batter": 1,
                "extras": 0,
                "total": 1
              }
            },
            {
              "batter": "NJ Maddinson",
              "bowler": "GB Hogg",
              "non_striker": "SA Abbott",
              "runs": {
                "batter": 6,
                "extras": 0,
                "total": 6
              }
            },
            {
              "batter": "NJ Maddinson",
              "bowler": "GB Hogg",
              "non_striker": "SA Abbott",
              "runs": {
                "batter": 4,
                "extras": 0,
                "total": 4
              }
            },
            {
              "batter": "NJ Maddinson",
              "bowler": "GB Hogg",
              "non_striker": "SA Abbott",
              "runs": {
                "batter": 0,
                "extras": 0,
                "total": 0
              }
            }
          ]
        },
        {
          "over": 3,
          "deliveries": [
            {
              "batter": "SA Abbott",
              "bowler": "PJ Cummins",
              "extras": {
                "byes": 1
              },
              "non_striker": "NJ Maddinson",
              "runs": {
                "batter": 0,
                "extras": 1,
                "total": 1
              }
            },
            {
              "batter": "NJ Maddinson",
              "bowler": "PJ Cummins",
              "non_striker": "SA Abbott",
              "runs": {
                "batter": 2,
                "extras": 0,
                "total": 2
              }
            },
            {
              "batter": "NJ Maddinson",
              "bowler": "PJ Cummins",
              "non_striker": "SA Abbott",
              "runs": {
                "batter": 0,
                "extras": 0,
                "total": 0
              },
              "wickets": [
                {
                  "kind": "run out",
                  "player_out": "SA Abbott",
                  "fielders": [
                    {
                      "name": "SM Whiteman"
                    }
                  ]
                }
              ]
            },
            {
              "batter": "MJ Cosgrove",
              "bowler": "PJ Cummins",
              "non_striker": "NJ Maddinson",
              "runs": {
                "batter": 0,
                "extras": 0,
                "total": 0
              },
              "wickets": [
                {
                  "kind": "caught",
                  "player_out": "MJ Cosgrove",
                  "fielders": [
                    {
                      "name": "SM Whiteman"
                    }
                  ]
                }
              ]
            },
            {
              "batter": "DLR Smith",
              "bowler": "PJ Cummins",
              "non_striker": "NJ Maddinson",
              "runs": {
                "batter": 4,
                "extras": 0,
                "total": 4
              }
            },
            {
              "batter": "DLR Smith",
              "bowler": "PJ Cummins",
              "non_striker": "NJ Maddinson",
              "runs": {
                "batter": 0,
                "extras": 0,
                "total": 0
              },
              "wickets": [
                {
                  "kind": "bowled",
                  "player_out": "DLR Smith"
                }
              ]
            }
          ]
        },
        {
          "over": 4,
          "deliveries": [
            {
              "batter": "NJ Maddinson",
              "bowler": "NM Coulter-Nile",
              "non_striker": "MJ North",
              "runs": {
                "batter": 0,
                "extras": 0,
                "total": 0
              }
            },
            {
              "batter": "NJ Maddinson",
              "bowler": "NM Coulter-Nile",
              "non_striker": "MJ North",
              "runs": {
                "batter": 2,
                "extras": 0,
                "total": 2
              }
            },
            {
              "batter": "NJ Maddinson",
              "bowler": "NM Coulter-Nile",
              "non_striker": "MJ North",
              "runs": {
                "batter": 4,
                "extras": 0,
                "total": 4
              }
            },
            {
              "batter": "NJ Maddinson",
              "bowler": "NM Coulter-Nile",
              "non_striker": "MJ North",
              "runs": {
                "batter": 4,
                "extras": 0,
                "total": 4
              }
            },
            {
              "batter": "NJ Maddinson",
              "bowler": "NM Coulter-Nile",
              "non_striker": "MJ North",
              "runs": {
                "batter": 1,
                "extras": 0,
                "total": 1
              },
              "wickets": [
                {
                  "kind": "run out",
                  "player_out": "NJ Maddinson",
                  "fielders": [
                    {
                      "name": "HWR Cartwright",
                      "substitute": true
                    },
                    {
                      "name": "SM Whiteman"
                    }
                  ]
                }
              ]
            },
            {
              "batter": "B Lee",
              "bowler": "NM Coulter-Nile",
              "non_striker": "MJ North",
              "runs": {
                "batter": 0,
                "extras": 0,
                "total": 0
              }
            }
          ]
        }
      ],
      "powerplays": [
        {
          "from": 0.1,
          "to": 4.6,
          "type": "mandatory"
        }
      ],
      "target": {
        "overs": 5,
        "runs": 54
      }
    }
  ]
}