{
  "meta": {
    "data_version": "1.0.0",
    "created": "2017-04-20",
    "revision": 2
  },
  "info": {
    "balls_per_over": 6,
    "city": "Sydney",
    "dates": [
      "2014-01-01"
    ],
    "event": {
      "name": "Big Bash League"
    },
    "gender": "male",
    "match_type": "T20",
    "officials": {
      "match_referees": [
        "DJ Harper"
      ],
      "reserve_umpires": [
        "GJ Davidson"
      ],
      "tv_umpires": [
        "SD Fry"
      ],
      "umpires": [
        "GA Abood",
        "MW Graham-Smith"
      ]
    },
    "outcome": {
      "by": {
        "wickets": 7
      },
      "winner": "Melbourne Stars"
    },
    "overs": 20,
    "player_of_match": [
      "BJ Hodge"
    ],
    "players": {
      "Melbourne Stars": [
        "LJ Wright",
        "CL White",
        "MS Wade",
        "BJ Hodge",
        "DJ Hussey",
        "GJ Maxwell",
        "JW Hastings",
        "SL Malinga",
        "MP Stoinis",
        "CJ McKay",
        "JM Bird"
      ],
      "Sydney Thunder": [
        "DP Hughes",
        "TM Dilshan",
        "MEK Hussey",
        "EJG Morgan",
        "KR Patterson",
        "JS Floros",
        "RGL Carters",
        "SJ Coyte",
        "GS Sandhu",
        "LW Feldman",
        "DP Nannes"
      ]
    },
    "registry": {
      "people": {
        "BJ Hodge": "b57f8a9a",
        "CJ McKay": "94eac556",
        "CL White": "d0513f63",
        "DJ Harper": "0ec08b27",
        "DJ Hussey": "fd835ab3",
        "DP Hughes": "f3982af9",
        "DP Nannes": "c404f58a",
        "EJG Morgan": "d2a6c0e6",
        "GA Abood": "a4af5528",
        "GJ Davidson": "31ad5973",
        "GJ Maxwell": "b681e71e",
        "GS Sandhu": "1558d83b",
        "JM Bird": "bc773eeb",
        "JS Floros": "79765f6f",
        "JW Hastings": "012829ff",
        "KR Patterson": "e3bf8356",
        "LJ Wright": "cca50cd6",
        "LW Feldman": "da13a0fc",
        "MEK Hussey": "48fd7349",
        "MP Stoinis": "d9273ee7",
        "MS Wade": "afa7e784",
        "MW Graham-Smith": "18aca3ce",
        "RGL Carters": "f54c8804",
        "SD Fry": "6b725ed1",
        "SJ Coyte": "36769c31",
        "SL Malinga": "a12e1d51",
        "TM Dilshan": "5bdcdb72"
      }
    },
    "season": "2013/14",
    "team_type": "club",
    "teams": [
      "Sydney Thunder",
      "Melbourne Stars"
    ],
    "toss": {
      "decision": "bat",
      "winner": "Sydney Thunder"
    },
    "venue": "Stadium Australia"
  },
  "innings": [
    {
      "team": "Sydney Thunder",
      "overs": [
        {
          "over": 0,
          "deliveries": [
            {
              "batter": "DP Hughes",
              "bowler": "JM Bird",
              "non_striker": "TM Dilshan",
              "runs": {
                "batter": 0,
                "extras": 0,
                "total": 0
              }
            },
            {
              "batter": "DP Hughes",
              "bowler": "JM Bird",
              "non_striker": "TM Dilshan",
              "runs": {
                "batter": 0,
                "extras": 0,
                "total": 0
              }
            },
            {
              "batter": "DP Hughes",
              "bowler": "JM Bird",
              "non_striker": "TM Dilshan",
              "runs": {
                "batter": 0,
                "extras": 0,
                "total": 0
              }
            },
            {
              "batter": "DP Hughes",
              "bowler": "JM Bird",
              "non_striker": "TM Dilshan",
              "runs": {
                "batter": 4,
                "extras": 0,
                "total": 4
              }
            },
            {
              "batter": "DP Hughes",
              "bowler": "JM Bird",
              "non_striker": "TM Dilshan",
              "runs": {
                "batter": 1,
                "extras": 0,
                "total": 1
              }
            },
            {
              "batter": "TM Dilshan",
              "bowler": "JM Bird",
              "non_striker": "DP Hughes",
              "runs": {
                "batter": 0,
                "extras": 0,
                "total": 0
              }
            }
          ]
        },
        {
          "over": 1,
          "deliveries": [
            {
              "batter": "DP Hughes",
              "bowler": "JW Hastings",
              "non_striker": "TM Dilshan",
              "runs": {
                "batter": 1,
                "extras": 0,
                "total": 1
              }
            },
            {
              "batter": "TM Dilshan",
              "bowler": "JW Hastings",
              "non_striker": "DP Hughes",
              "runs": {
                "batter": 0,
                "extras": 0,
                "total": 0
              }
            },
            {
              "batter": "TM Dilshan",
              "bowler": "JW Hastings",
              "non_striker": "DP Hughes",
              "runs": {
                "batter": 0,
                "extras": 0,
                "total": 0
              }
            },
            {
              "batter": "TM Dilshan",
              "bowler": "JW Hastings",
              "non_striker": "DP Hughes",
              "runs": {
                "batter": 0,
                "extras": 0,
                "total": 0
              },
              "wickets": [
                {
                  "kind": "caught",
                  "player_out": "TM Dilshan",
                  "fielders": [
                    {
                      "name": "MS Wade"
                    }
                  ]
                }
              ]
            },
            {
              "batter": "MEK Hussey",
              "bowler": "JW Hastings",
              "non_striker": "DP Hughes",
              "runs": {
                "batter": 1,
                "extras": 0,
                "total": 1
              }
            },
            {
              "batter": "DP Hughes",
              "bowler": "JW Hastings",
              "non_striker": "MEK Hussey",
              "runs": {
                "batter": 0,
                "extras": 0,
                "total": 0
              }
            }
          ]
        },
        {
          "over": 2,
          "deliveries": [
            {
              "batter": "MEK Hussey",
              "bowler": "GJ Maxwell",
              "non_striker": "DP Hughes",
              "runs": {
                "batter": 0,
                "extras": 0,
                "total": 0
              }
            },
            {
              "batter": "MEK Hussey",
              "bowler": "GJ Maxwell",
              "non_striker": "DP Hughes",
              "runs": {
                "batter": 0,
                "extras": 0,
                "total": 0
              }
            },
            {
              "batter": "MEK Hussey",
              "bowler": "GJ Maxwell",
              "non_striker": "DP Hughes",
              "runs": {
                "batter": 1,
                "extras": 0,
                "total": 1
              }
            },
            {
              "batter": "DP Hughes",
              "bowler": "GJ Maxwell",
              "non_striker": "MEK Hussey",
              "runs": {
                "batter": 1,
                "extras": 0,
                "total": 1
              }
            },
            {
              "batter": "MEK Hussey",
              "bowler": "GJ Maxwell",
              "non_striker": "DP Hughes",
              "runs": {
                "batter": 1,
                "extras": 0,
                "total": 1
              }
            },
            {
              "batter": "DP Hughes",
              "bowler": "GJ Maxwell",
              "non_striker": "MEK Hussey",
              "runs": {
                "batter": 0,
                "extras": 0,
                "total": 0
              }
            }
          ]
        },
        {
          "over": 3,
          "deliveries": [
            {
              "batter": "MEK Hussey",
              "bowler": "JM Bird",
              "non_striker": "DP Hughes",
              "runs": {
                "batter": 4,
                "extras": 0,
                "total": 4
              }
            },
            {
              "batter": "MEK Hussey",
              "bowler": "JM Bird",
              "non_striker": "DP Hughes",
              "runs": {
                "batter": 0,
                "extras": 0,
                "total": 0
              }
            },
            {
              "batter": "MEK Hussey",
              "bowler": "JM Bird",
              "non_striker": "DP Hughes",
              "runs": {
                "batter": 2,
                "extras": 0,
                "total": 2
              }
            },
            {
              "batter": "MEK Hussey",
              "bowler": "JM Bird",
              "non_striker": "DP Hughes",
              "runs": {
                "batter": 0,
                "extras": 0,
                "total": 0
              }
            },
            {
              "batter": "MEK Hussey",
              "bowler": "JM Bird",
              "non_striker": "DP Hughes",
              "runs": {
                "batter": 0,
                "extras": 0,
                "total": 0
              }
            },
            {
              "batter": "MEK Hussey",
              "bowler": "JM Bird",
              "non_striker": "DP Hughes",
              "runs": {
                "batter": 0,
                "extras": 0,
                "total": 0
              }
            }
          ]
        },
        {
          "over": 4,
          "deliveries": [
            {
              "batter": "DP Hughes",
              "bowler": "SL Malinga",
              "non_striker": "MEK Hussey",
              "runs": {
                "batter": 2,
                "extras": 0,
                "total": 2
              }
            },
            {
              "batter": "DP Hughes",
              "bowler": "SL Malinga",
              "non_striker": "MEK Hussey",
              "runs": {
                "batter": 0,
                "extras": 0,
                "total": 0
              }
            },
            {
              "batter": "DP Hughes",
              "bowler": "SL Malinga",
              "non_striker": "MEK Hussey",
              "runs": {
                "batter": 4,
                "extras": 0,
                "total": 4
              }
            },
            {
              "batter": "DP Hughes",
              "bowler": "SL Malinga",
              "non_striker": "MEK Hussey",
              "runs": {
                "batter": 0,
                "extras": 0,
                "total": 0
              }
            },
            {
              "batter": "DP Hughes",
              "bowler": "SL Malinga",
              "non_striker": "MEK Hussey",
              "runs": {
                "batter": 2,
                "extras": 0,
                "total": 2
              }
            },
            {
              "batter": "DP Hughes",
              "bowler": "SL Malinga",
              "non_striker": "MEK Hussey",
              "runs": {
                "batter": 1,
                "extras": 0,
                "total": 1
              }
            }
          ]
        },
        {
          "over": 5,
          "deliveries": [
            {
              "batter": "DP Hughes",
              "bowler": "JW Hastings",
              "non_striker": "MEK Hussey",
              "runs": {
                "batter": 0,
                "extras": 0,
                "total": 0
              },
              "wickets": [
                {
                  "kind": "caught",
                  "player_out": "DP Hughes",
                  "fielders": [
                    {
                      "name": "CL White"
                    }
                  ]
                }
              ]
            },
            {
              "batter": "MEK Hussey",
              "bowler": "JW Hastings",
              "non_striker": "EJG Morgan",
              "runs": {
                "batter": 0,
                "extras": 0,
                "total": 0
              }
            },
            {
              "batter": "MEK Hussey",
              "bowler": "JW Hastings",
              "non_striker": "EJG Morgan",
              "runs": {
                "batter": 2,
                "extras": 0,
                "total": 2
              }
            },
            {
              "batter": "MEK Hussey",
              "bowler": "JW Hastings",
              "non_striker": "EJG Morgan",
              "runs": {
                "batter": 4,
                "extras": 0,
                "total": 4
              }
            },
            {
              "batter": "MEK Hussey",
              "bowler": "JW Hastings",
              "non_striker": "EJG Morgan",
              "runs": {
                "batter": 0,
                "extras": 0,
                "total": 0
              }
            },
            {
              "batter": "MEK Hussey",
              "bowler": "JW Hastings",
              "non_striker": "EJG Morgan",
              "runs": {
                "batter": 1,
                "extras": 0,
                "total": 1
              }
            }
          ]
        },
        {
          "over": 6,
          "deliveries": [
            {
              "batter": "MEK Hussey",
              "bowler": "SL Malinga",
              "non_striker": "EJG Morgan",
              "runs": {
                "batter": 1,
                "extras": 0,
                "total": 1
              }
            },
            {
              "batter": "EJG Morgan",
              "bowler": "SL Malinga",
              "non_striker": "MEK Hussey",
              "runs": {
                "batter": 0,
                "extras": 0,
                "total": 0
              }
            },
            {
              "batter": "EJG Morgan",
              "bowler": "SL Malinga",
              "non_striker": "MEK Hussey",
              "runs": {
                "batter": 1,
                "extras": 0,
                "total": 1
              }
            },
            {
              "batter": "MEK Hussey",
              "bowler": "SL Malinga",
              "non_striker": "EJG Morgan",
              "runs": {
                "batter": 2,
                "extras": 0,
                "total": 2
              }
            },
            {
              "batter": "MEK Hussey",
              "bowler": "SL Malinga",
              "non_striker": "EJG Morgan",
              "runs": {
                "batter": 0,
                "extras": 0,
                "total": 0
              }
            },
            {
              "batter": "MEK Hussey",
              "bowler": "SL Malinga",
              "non_striker": "EJG Morgan",
              "runs": {
                "batter": 2,
                "extras": 0,
                "total": 2
              }
            }
          ]
        },
        {
          "over": 7,
          "deliveries": [
            {
              "batter": "EJG Morgan",
              "bowler": "CJ McKay",
              "non_striker": "MEK Hussey",
              "runs": {
                "batter": 6,
                "extras": 0,
                "total": 6
              }
            },
            {
              "batter": "EJG Morgan",
              "bowler": "CJ McKay",
              "non_striker": "MEK Hussey",
              "runs": {
                "batter": 1,
                "extras": 0,
                "total": 1
              }
            },
            {
              "batter": "MEK Hussey",
              "bowler": "CJ McKay",
              "non_striker": "EJG Morgan",
              "runs": {
                "batter": 0,
                "extras": 0,
                "total": 0
              }
            },
            {
              "batter": "MEK Hussey",
              "bowler": "CJ McKay",
              "non_striker": "EJG Morgan",
              "runs": {
                "batter": 1,
                "extras": 0,
                "total": 1
              }
            },
            {
              "batter": "EJG Morgan",
              "bowler": "CJ McKay",
              "non_striker": "MEK Hussey",
              "runs": {
                "batter": 2,
                "extras": 0,
                "total": 2
              }
            },
            {
              "batter": "EJG Morgan",
              "bowler": "CJ McKay",
              "non_striker": "MEK Hussey",
              "runs": {
                "batter": 1,
                "extras": 0,
                "total": 1
              }
            }
          ]
        },
        {
          "over": 8,
          "deliveries": [
            {
              "batter": "EJG Morgan",
              "bowler": "LJ Wright",
              "non_striker": "MEK Hussey",
              "runs": {
                "batter": 1,
                "extras": 0,
                "total": 1
              }
            },
            {
              "batter": "MEK Hussey",
              "bowler": "LJ Wright",
              "non_striker": "EJG Morgan",
              "runs": {
                "batter": 4,
                "extras": 0,
                "total": 4
              }
            },
            {
              "batter": "MEK Hussey",
              "bowler": "LJ Wright",
              "non_striker": "EJG Morgan",
              "runs": {
                "batter": 1,
                "extras": 0,
                "total": 1
              }
            },
            {
              "batter": "EJG Morgan",
              "bowler": "LJ Wright",
              "non_striker": "MEK Hussey",
              "runs": {
                "batter": 1,
                "extras": 0,
                "total": 1
              }
            },
            {
              "batter": "MEK Hussey",
              "bowler": "LJ Wright",
              "non_striker": "EJG Morgan",
              "runs": {
                "batter": 1,
                "extras": 0,
                "total": 1
              }
            },
            {
              "batter": "EJG Morgan",
              "bowler": "LJ Wright",
              "non_striker": "MEK Hussey",
              "runs": {
                "batter": 4,
                "extras": 0,
                "total": 4
              }
            }
          ]
        },
        {
          "over": 9,
          "deliveries": [
            {
              "batter": "MEK Hussey",
              "bowler": "JM Bird",
              "non_striker": "EJG Morgan",
              "runs": {
                "batter": 1,
                "extras": 0,
                "total": 1
              }
            },
            {
              "batter": "EJG Morgan",
              "bowler": "JM Bird",
              "non_striker": "MEK Hussey",
              "runs": {
                "batter": 1,
                "extras": 0,
                "total": 1
              }
            },
            {
              "batter": "MEK Hussey",
              "bowler": "JM Bird",
              "non_striker": "EJG Morgan",
              "runs": {
                "batter": 1,
                "extras": 0,
                "total": 1
              }
            },
            {
              "batter": "EJG Morgan",
              "bowler": "JM Bird",
              "non_striker": "MEK Hussey",
              "runs": {
                "batter": 0,
                "extras": 0,
                "total": 0
              }
            },
            {
              "batter": "EJG Morgan",
              "bowler": "JM Bird",
              "non_striker": "MEK Hussey",
              "runs": {
                "batter": 0,
                "extras": 0,
                "total": 0
              }
            },
            {
              "batter": "EJG Morgan",
              "bowler": "JM Bird",
              "non_striker": "MEK Hussey",
              "runs": {
                "batter": 0,
                "extras": 0,
                "total": 0
              }
            }
          ]
        },
        {
          "over": 10,
          "deliveries": [
            {
              "batter": "MEK Hussey",
              "bowler": "CJ McKay",
              "non_striker": "EJG Morgan",
              "runs": {
                "batter": 1,
                "extras": 0,
                "total": 1
              }
            },
            {
              "batter": "EJG Morgan",
              "bowler": "CJ McKay",
              "non_striker": "MEK Hussey",
              "runs": {
                "batter": 1,
                "extras": 0,
                "total": 1
              }
            },
            {
              "batter": "MEK Hussey",
              "bowler": "CJ McKay",
              "non_striker": "EJG Morgan",
              "runs": {
                "batter": 1,
                "extras": 0,
                "total": 1
              }
            },
            {
              "batter": "EJG Morgan",
              "bowler": "CJ McKay",
              "non_striker": "MEK Hussey",
              "runs": {
                "batter": 1,
                "extras": 0,
                "total": 1
              }
            },
            {
              "batter": "MEK Hussey",
              "bowler": "CJ McKay",
              "non_striker": "EJG Morgan",
              "runs": {
                "batter": 1,
                "extras": 0,
                "total": 1
              }
            },
            {
              "batter": "EJG Morgan",
              "bowler": "CJ McKay",
              "non_striker": "MEK Hussey",
              "runs": {
                "batter": 1,
                "extras": 0,
                "total": 1
              }
            }
          ]
        },
        {
          "over": 11,
          "deliveries": [
            {
              "batter": "EJG Morgan",
              "bowler": "JW Hastings",
              "non_striker": "MEK Hussey",
              "runs": {
                "batter": 6,
                "extras": 0,
                "total": 6
              }
            },
            {
              "batter": "EJG Morgan",
              "bowler": "JW Hastings",
              "non_striker": "MEK Hussey",
              "runs": {
                "batter": 2,
                "extras": 0,
                "total": 2
              }
            },
            {
              "batter": "EJG Morgan",
              "bowler": "JW Hastings",
              "non_striker": "MEK Hussey",
              "runs": {
                "batter": 1,
                "extras": 0,
                "total": 1
              }
            },
            {
              "batter": "MEK Hussey",
              "bowler": "JW Hastings",
              "non_striker": "EJG Morgan",
              "runs": {
                "batter": 1,
                "extras": 0,
                "total": 1
              }
            },
            {
              "batter": "EJG Morgan",
              "bowler": "JW Hastings",
              "extras": {
                "wides": 1
              },
              "non_striker": "MEK Hussey",
              "runs": {
                "batter": 0,
                "extras": 1,
                "total": 1
              }
            },
            {
              "batter": "EJG Morgan",
              "bowler": "JW Hastings",
              "non_striker": "MEK Hussey",
              "runs": {
                "batter": 1,
                "extras": 0,
                "total": 1
              }
            },
            {
              "batter": "MEK Hussey",
              "bowler": "JW Hastings",
              "non_striker": "EJG Morgan",
              "runs": {
                "batter": 0,
                "extras": 0,
                "total": 0
              }
            }
          ]
        },
        {
          "over": 12,
          "deliveries": [
            {
              "batter": "EJG Morgan",
              "bowler": "JM Bird",
              "non_striker": "MEK Hussey",
              "runs": {
                "batter": 0,
                "extras": 0,
                "total": 0
              }
            },
            {
              "batter": "EJG Morgan",
              "bowler": "JM Bird",
              "non_striker": "MEK Hussey",
              "runs": {
                "batter": 0,
                "extras": 0,
                "total": 0
              }
            },
            {
              "batter": "EJG Morgan",
              "bowler": "JM Bird",
              "non_striker": "MEK Hussey",
              "runs": {
                "batter": 0,
                "extras": 0,
                "total": 0
              },
              "wickets": [
                {
                  "kind": "caught",
                  "player_out": "EJG Morgan",
                  "fielders": [
                    {
                      "name": "GJ Maxwell"
                    }
                  ]
                }
              ]
            },
            {
              "batter": "MEK Hussey",
              "bowler": "JM Bird",
              "non_striker": "KR Patterson",
              "runs": {
                "batter": 1,
                "extras": 0,
                "total": 1
              }
            },
            {
              "batter": "KR Patterson",
              "bowler": "JM Bird",
              "non_striker": "MEK Hussey",
              "runs": {
                "batter": 1,
                "extras": 0,
                "total": 1
              }
            },
            {
              "batter": "MEK Hussey",
              "bowler": "JM Bird",
              "non_striker": "KR Patterson",
              "runs": {
                "batter": 1,
                "extras": 0,
                "total": 1
              }
            }
          ]
        },
        {
          "over": 13,
          "deliveries": [
            {
              "batter": "MEK Hussey",
              "bowler": "GJ Maxwell",
              "non_striker": "KR Patterson",
              "runs": {
                "batter": 1,
                "extras": 0,
                "total": 1
              }
            },
            {
              "batter": "KR Patterson",
              "bowler": "GJ Maxwell",
              "non_striker": "MEK Hussey",
              "runs": {
                "batter": 1,
                "extras": 0,
                "total": 1
              }
            },
            {
              "batter": "MEK Hussey",
              "bowler": "GJ Maxwell",
              "non_striker": "KR Patterson",
              "runs": {
                "batter": 1,
                "extras": 0,
                "total": 1
              }
            },
            {
              "batter": "KR Patterson",
              "bowler": "GJ Maxwell",
              "non_striker": "MEK Hussey",
              "runs": {
                "batter": 6,
                "extras": 0,
                "total": 6
              }
            },
            {
              "batter": "KR Patterson",
              "bowler": "GJ Maxwell",
              "non_striker": "MEK Hussey",
              "runs": {
                "batter": 0,
                "extras": 0,
                "total": 0
              }
            },
            {
              "batter": "KR Patterson",
              "bowler": "GJ Maxwell",
              "non_striker": "MEK Hussey",
              "runs": {
                "batter": 2,
                "extras": 0,
                "total": 2
              }
            }
          ]
        },
        {
          "over": 14,
          "deliveries": [
            {
              "batter": "MEK Hussey",
              "bowler": "CJ McKay",
              "non_striker": "KR Patterson",
              "runs": {
                "batter": 2,
                "extras": 0,
                "total": 2
              }
            },
            {
              "batter": "MEK Hussey",
              "bowler": "CJ McKay",
              "non_striker": "KR Patterson",
              "runs": {
                "batter": 4,
                "extras": 0,
                "total": 4
              }
            },
            {
              "batter": "MEK Hussey",
              "bowler": "CJ McKay",
              "non_striker": "KR Patterson",
              "runs": {
                "batter": 1,
                "extras": 0,
                "total": 1
              }
            },
            {
              "batter": "KR Patterson",
              "bowler": "CJ McKay",
              "non_striker": "MEK Hussey",
              "runs": {
                "batter": 1,
                "extras": 0,
                "total": 1
              }
            },
            {
              "batter": "MEK Hussey",
              "bowler": "CJ McKay",
              "non_striker": "KR Patterson",
              "runs": {
                "batter": 1,
                "extras": 0,
                "total": 1
              }
            },
            {
              "batter": "KR Patterson",
              "bowler": "CJ McKay",
              "non_striker": "MEK Hussey",
              "runs": {
                "batter": 6,
                "extras": 0,
                "total": 6
              }
            }
          ]
        },
        {
          "over": 15,
          "deliveries": [
            {
              "batter": "MEK Hussey",
              "bowler": "SL Malinga",
              "non_striker": "KR Patterson",
              "runs": {
                "batter": 6,
                "extras": 0,
                "total": 6
              }
            },
            {
              "batter": "MEK Hussey",
              "bowler": "SL Malinga",
              "non_striker": "KR Patterson",
              "runs": {
                "batter": 1,
                "extras": 0,
                "total": 1
              }
            },
            {
              "batter": "KR Patterson",
              "bowler": "SL Malinga",
              "extras": {
                "legbyes": 1
              },
              "non_striker": "MEK Hussey",
              "runs": {
                "batter": 0,
                "extras": 1,
                "total": 1
              }
            },
            {
              "batter": "MEK Hussey",
              "bowler": "SL Malinga",
              "non_striker": "KR Patterson",
              "runs": {
                "batter": 2,
                "extras": 0,
                "total": 2
              }
            },
            {
              "batter": "MEK Hussey",
              "bowler": "SL Malinga",
              "non_striker": "KR Patterson",
              "runs": {
                "batter": 1,
                "extras": 0,
                "total": 1
              }
            },
            {
              "batter": "KR Patterson",
              "bowler": "SL Malinga",
              "non_striker": "MEK Hussey",
              "runs": {
                "batter": 1,
                "extras": 0,
                "total": 1
              }
            }
          ]
        },
        {
          "over": 16,
          "deliveries": [
            {
              "batter": "KR Patterson",
              "bowler": "JW Hastings",
              "non_striker": "MEK Hussey",
              "runs": {
                "batter": 0,
                "extras": 0,
                "total": 0
              }
            },
            {
              "batter": "KR Patterson",
              "bowler": "JW Hastings",
              "non_striker": "MEK Hussey",
              "runs": {
                "batter": 0,
                "extras": 0,
                "total": 0
              },
              "wickets": [
                {
                  "kind": "caught",
                  "player_out": "KR Patterson",
                  "fielders": [
                    {
                      "name": "GJ Maxwell"
                    }
                  ]
                }
              ]
            },
            {
              "batter": "MEK Hussey",
              "bowler": "JW Hastings",
              "non_striker": "JS Floros",
              "runs": {
                "batter": 4,
                "extras": 0,
                "total": 4
              }
            },
            {
              "batter": "MEK Hussey",
              "bowler": "JW Hastings",
              "non_striker": "JS Floros",
              "runs": {
                "batter": 4,
                "extras": 0,
                "total": 4
              }
            },
            {
              "batter": "MEK Hussey",
              "bowler": "JW Hastings",
              "non_striker": "JS Floros",
              "runs": {
                "batter": 1,
                "extras": 0,
                "total": 1
              }
            },
            {
              "batter": "JS Floros",
              "bowler": "JW Hastings",
              "non_striker": "MEK Hussey",
              "runs": {
                "batter": 1,
                "extras": 0,
                "total": 1
              }
            }
          ]
        },
        {
          "over": 17,
          "deliveries": [
            {
              "batter": "JS Floros",
              "bowler": "GJ Maxwell",
              "non_striker": "MEK Hussey",
              "runs": {
                "batter": 1,
                "extras": 0,
                "total": 1
              }
            },
            {
              "batter": "MEK Hussey",
              "bowler": "GJ Maxwell",
              "non_striker": "JS Floros",
              "runs": {
                "batter": 1,
                "extras": 0,
                "total": 1
              }
            },
            {
              "batter": "JS Floros",
              "bowler": "GJ Maxwell",
              "non_striker": "MEK Hussey",
              "runs": {
                "batter": 0,
                "extras": 0,
                "total": 0
              }
            },
            {
              "batter": "JS Floros",
              "bowler": "GJ Maxwell",
              "non_striker": "MEK Hussey",
              "runs": {
                "batter": 0,
                "extras": 0,
                "total": 0
              },
              "wickets": [
                {
                  "kind": "run out",
                  "player_out": "MEK Hussey",
                  "fielders": [
                    {
                      "name": "MS Wade"
                    },
                    {
                      "name": "GJ Maxwell"
                    }
                  ]
                }
              ]
            },
            {
              "batter": "JS Floros",
              "bowler": "GJ Maxwell",
              "non_striker": "RGL Carters",
              "runs": {
                "batter": 1,
                "extras": 0,
                "total": 1
              }
            },
            {
              "batter": "RGL Carters",
              "bowler": "GJ Maxwell",
              "non_striker": "JS Floros",
              "runs": {
                "batter": 0,
                "extras": 0,
                "total": 0
              }
            }
          ]
        },
        {
          "over": 18,
          "deliveries": [
            {
              "batter": "JS Floros",
              "bowler": "SL Malinga",
              "non_striker": "RGL Carters",
              "runs": {
                "batter": 0,
                "extras": 0,
                "total": 0
              }
            },
            {
              "batter": "JS Floros",
              "bowler": "SL Malinga",
              "non_striker": "RGL Carters",
              "runs": {
                "batter": 0,
                "extras": 0,
                "total": 0
              }
            },
            {
              "batter": "JS Floros",
              "bowler": "SL Malinga",
              "non_striker": "RGL Carters",
              "runs": {
                "batter": 4,
                "extras": 0,
                "total": 4
              }
            },
            {
              "batter": "JS Floros",
              "bowler": "SL Malinga",
              "non_striker": "RGL Carters",
              "runs": {
                "batter": 0,
                "extras": 0,
                "total": 0
              }
            },
            {
              "batter": "JS Floros",
              "bowler": "SL Malinga",
              "non_striker": "RGL Carters",
              "runs": {
                "batter": 1,
                "extras": 0,
                "total": 1
              }
            },
            {
              "batter": "RGL Carters",
              "bowler": "SL Malinga",
              "non_striker": "JS Floros",
              "runs": {
                "batter": 2,
                "extras": 0,
                "total": 2
              }
            }
          ]
        },
        {
          "over": 19,
          "deliveries": [
            {
              "batter": "JS Floros",
              "bowler": "CJ McKay",
              "non_striker": "RGL Carters",
              "runs": {
                "batter": 4,
                "extras": 0,
                "total": 4
              }
            },
            {
              "batter": "JS Floros",
              "bowler": "CJ McKay",
              "non_striker": "RGL Carters",
              "runs": {
                "batter": 6,
                "extras": 0,
                "total": 6
              }
            },
            {
              "batter": "JS Floros",
              "bowler": "CJ McKay",
              "non_striker": "RGL Carters",
              "runs": {
                "batter": 0,
                "extras": 0,
                "total": 0
              }
            },
            {
              "batter": "JS Floros",
              "bowler": "CJ McKay",
              "non_striker": "RGL Carters",
              "runs": {
                "batter": 0,
                "extras": 0,
                "total": 0
              },
              "wickets": [
                {
                  "kind": "caught",
                  "player_out": "JS Floros",
                  "fielders": [
                    {
                      "name": "JW Hastings"
                    }
                  ]
                }
              ]
            },
            {
              "batter": "RGL Carters",
              "bowler": "CJ McKay",
              "non_striker": "SJ Coyte",
              "runs": {
                "batter": 1,
                "extras": 0,
                "total": 1
              }
            },
            {
              "batter": "SJ Coyte",
              "bowler": "CJ McKay",
              "extras": {
                "byes": 1
              },
              "non_striker": "RGL Carters",
              "runs": {
                "batter": 0,
                "extras": 1,
                "total": 1
              }
            }
          ]
        }
      ],
      "powerplays": [
        {
          "from": 0.1,
          "to": 5.6,
          "type": "mandatory"
        }
      ]
    },
    {
      "team": "Melbourne Stars",
      "overs": [
        {
          "over": 0,
          "deliveries": [
            {
              "batter": "LJ Wright",
              "bowler": "DP Nannes",
              "extras": {
                "wides": 1
              },
              "non_striker": "CL White",
              "runs": {
                "batter": 0,
                "extras": 1,
                "total": 1
              }
            },
            {
              "batter": "LJ Wright",
              "bowler": "DP Nannes",
              "non_striker": "CL White",
              "runs": {
                "batter": 0,
                "extras": 0,
                "total": 0
              }
            },
            {
              "batter": "LJ Wright",
              "bowler": "DP Nannes",
              "non_striker": "CL White",
              "runs": {
                "batter": 0,
                "extras": 0,
                "total": 0
              }
            },
            {
              "batter": "LJ Wright",
              "bowler": "DP Nannes",
              "non_striker": "CL White",
              "runs": {
                "batter": 0,
                "extras": 0,
                "total": 0
              }
            },
            {
              "batter": "LJ Wright",
              "bowler": "DP Nannes",
              "non_striker": "CL White",
              "runs": {
                "batter": 0,
                "extras": 0,
                "total": 0
              }
            },
            {
              "batter": "LJ Wright",
              "bowler": "DP Nannes",
              "non_striker": "CL White",
              "runs": {
                "batter": 0,
                "extras": 0,
                "total": 0
              }
            },
            {
              "batter": "LJ Wright",
              "bowler": "DP Nannes",
              "non_striker": "CL White",
              "runs": {
                "batter": 4,
                "extras": 0,
                "total": 4
              }
            }
          ]
        },
        {
          "over": 1,
          "deliveries": [
            {
              "batter": "CL White",
              "bowler": "LW Feldman",
              "non_striker": "LJ Wright",
              "runs": {
                "batter": 4,
                "extras": 0,
                "total": 4
              }
            },
            {
              "batter": "CL White",
              "bowler": "LW Feldman",
              "non_striker": "LJ Wright",
              "runs": {
                "batter": 1,
                "extras": 0,
                "total": 1
              }
            },
            {
              "batter": "LJ Wright",
              "bowler": "LW Feldman",
              "non_striker": "CL White",
              "runs": {
                "batter": 4,
                "extras": 0,
                "total": 4
              }
            },
            {
              "batter": "LJ Wright",
              "bowler": "LW Feldman",
              "extras": {
                "legbyes": 1
              },
              "non_striker": "CL White",
              "runs": {
                "batter": 0,
                "extras": 1,
                "total": 1
              }
            },
            {
              "batter": "CL White",
              "bowler": "LW Feldman",
              "non_striker": "LJ Wright",
              "runs": {
                "batter": 1,
                "extras": 0,
                "total": 1
              }
            },
            {
              "batter": "LJ Wright",
              "bowler": "LW Feldman",
              "non_striker": "CL White",
              "runs": {
                "batter": 1,
                "extras": 0,
                "total": 1
              }
            }
          ]
        },
        {
          "over": 2,
          "deliveries": [
            {
              "batter": "LJ Wright",
              "bowler": "DP Nannes",
              "non_striker": "CL White",
              "runs": {
                "batter": 0,
                "extras": 0,
                "total": 0
              },
              "wickets": [
                {
                  "kind": "caught",
                  "player_out": "LJ Wright",
                  "fielders": [
                    {
                      "name": "EJG Morgan"
                    }
                  ]
                }
              ]
            },
            {
              "batter": "MS Wade",
              "bowler": "DP Nannes",
              "non_striker": "CL White",
              "runs": {
                "batter": 0,
                "extras": 0,
                "total": 0
              }
            },
            {
              "batter": "MS Wade",
              "bowler": "DP Nannes",
              "non_striker": "CL White",
              "runs": {
                "batter": 0,
                "extras": 0,
                "total": 0
              }
            },
            {
              "batter": "MS Wade",
              "bowler": "DP Nannes",
              "non_striker": "CL White",
              "runs": {
                "batter": 0,
                "extras": 0,
                "total": 0
              }
            },
            {
              "batter": "MS Wade",
              "bowler": "DP Nannes",
              "non_striker": "CL White",
              "runs": {
                "batter": 1,
                "extras": 0,
                "total": 1
              }
            },
            {
              "batter": "CL White",
              "bowler": "DP Nannes",
              "non_striker": "MS Wade",
              "runs": {
                "batter": 2,
                "extras": 0,
                "total": 2
              }
            }
          ]
        },
        {
          "over": 3,
          "deliveries": [
            {
              "batter": "MS Wade",
              "bowler": "GS Sandhu",
              "non_striker": "CL White",
              "runs": {
                "batter": 4,
                "extras": 0,
                "total": 4
              }
            },
            {
              "batter": "MS Wade",
              "bowler": "GS Sandhu",
              "non_striker": "CL White",
              "runs": {
                "batter": 0,
                "extras": 0,
                "total": 0
              }
            },
            {
              "batter": "MS Wade",
              "bowler": "GS Sandhu",
              "non_striker": "CL White",
              "runs": {
                "batter": 0,
                "extras": 0,
                "total": 0
              }
            },
            {
              "batter": "MS Wade",
              "bowler": "GS Sandhu",
              "non_striker": "CL White",
              "runs": {
                "batter": 1,
                "extras": 0,
                "total": 1
              }
            },
            {
              "batter": "CL White",
              "bowler": "GS Sandhu",
              "non_striker": "MS Wade",
              "runs": {
                "batter": 1,
                "extras": 0,
                "total": 1
              }
            },
            {
              "batter": "MS Wade",
              "bowler": "GS Sandhu",
              "non_striker": "CL White",
              "runs": {
                "batter": 0,
                "extras": 0,
                "total": 0
              }
            }
          ]
        },
        {
          "over": 4,
          "deliveries": [
            {
              "batter": "CL White",
              "bowler": "DP Nannes",
              "non_striker": "MS Wade",
              "runs": {
                "batter": 0,
                "extras": 0,
                "total": 0
              }
            },
            {
              "batter": "CL White",
              "bowler": "DP Nannes",
              "non_striker": "MS Wade",
              "runs": {
                "batter": 1,
                "extras": 0,
                "total": 1
              }
            },
            {
              "batter": "MS Wade",
              "bowler": "DP Nannes",
              "non_striker": "CL White",
              "runs": {
                "batter": 0,
                "extras": 0,
                "total": 0
              }
            },
            {
              "batter": "MS Wade",
              "bowler": "DP Nannes",
              "non_striker": "CL White",
              "runs": {
                "batter": 1,
                "extras": 0,
                "total": 1
              }
            },
            {
              "batter": "CL White",
              "bowler": "DP Nannes",
              "non_striker": "MS Wade",
              "runs": {
                "batter": 0,
                "extras": 0,
                "total": 0
              }
            },
            {
              "batter": "CL White",
              "bowler": "DP Nannes",
              "non_striker": "MS Wade",
              "runs": {
                "batter": 1,
                "extras": 0,
                "total": 1
              }
            }
          ]
        },
        {
          "over": 5,
          "deliveries": [
            {
              "batter": "CL White",
              "bowler": "GS Sandhu",
              "non_striker": "MS Wade",
              "runs": {
                "batter": 0,
                "extras": 0,
                "total": 0
              }
            },
            {
              "batter": "CL White",
              "bowler": "GS Sandhu",
              "non_striker": "MS Wade",
              "runs": {
                "batter": 0,
                "extras": 0,
                "total": 0
              }
            },
            {
              "batter": "CL White",
              "bowler": "GS Sandhu",
              "non_striker": "MS Wade",
              "runs": {
                "batter": 4,
                "extras": 0,
                "total": 4
              }
            },
            {
              "batter": "CL White",
              "bowler": "GS Sandhu",
              "non_striker": "MS Wade",
              "runs": {
                "batter": 1,
                "extras": 0,
                "total": 1
              }
            },
            {
              "batter": "MS Wade",
              "bowler": "GS Sandhu",
              "non_striker": "CL White",
              "runs": {
                "batter": 4,
                "extras": 0,
                "total": 4
              }
            },
            {
              "batter": "MS Wade",
              "bowler": "GS Sandhu",
              "non_striker": "CL White",
              "runs": {
                "batter": 1,
                "extras": 0,
                "total": 1
              }
            }
          ]
        },
        {
          "over": 6,
          "deliveries": [
            {
              "batter": "MS Wade",
              "bowler": "SJ Coyte",
              "non_striker": "CL White",
              "runs": {
                "batter": 1,
                "extras": 0,
                "total": 1
              }
            },
            {
              "batter": "CL White",
              "bowler": "SJ Coyte",
              "non_striker": "MS Wade",
              "runs": {
                "batter": 1,
                "extras": 0,
                "total": 1
              }
            },
            {
              "batter": "MS Wade",
              "bowler": "SJ Coyte",
              "non_striker": "CL White",
              "runs": {
                "batter": 0,
                "extras": 0,
                "total": 0
              }
            },
            {
              "batter": "MS Wade",
              "bowler": "SJ Coyte",
              "non_striker": "CL White",
              "runs": {
                "batter": 0,
                "extras": 0,
                "total": 0
              }
            },
            {
              "batter": "MS Wade",
              "bowler": "SJ Coyte",
              "non_striker": "CL White",
              "runs": {
                "batter": 1,
                "extras": 0,
                "total": 1
              }
            },
            {
              "batter": "CL White",
              "bowler": "SJ Coyte",
              "non_striker": "MS Wade",
              "runs": {
                "batter": 4,
                "extras": 0,
                "total": 4
              }
            }
          ]
        },
        {
          "over": 7,
          "deliveries": [
            {
              "batter": "MS Wade",
              "bowler": "LW Feldman",
              "non_striker": "CL White",
              "runs": {
                "batter": 4,
                "extras": 0,
                "total": 4
              }
            },
            {
              "batter": "MS Wade",
              "bowler": "LW Feldman",
              "non_striker": "CL White",
              "runs": {
                "batter": 1,
                "extras": 0,
                "total": 1
              }
            },
            {
              "batter": "CL White",
              "bowler": "LW Feldman",
              "non_striker": "MS Wade",
              "runs": {
                "batter": 0,
                "extras": 0,
                "total": 0
              },
              "wickets": [
                {
                  "kind": "caught",
                  "player_out": "CL White",
                  "fielders": [
                    {
                      "name": "KR Patterson"
                    }
                  ]
                }
              ]
            },
            {
              "batter": "MS Wade",
              "bowler": "LW Feldman",
              "non_striker": "BJ Hodge",
              "runs": {
                "batter": 0,
                "extras": 0,
                "total": 0
              }
            },
            {
              "batter": "MS Wade",
              "bowler": "LW Feldman",
              "non_striker": "BJ Hodge",
              "runs": {
                "batter": 0,
                "extras": 0,
                "total": 0
              }
            },
            {
              "batter": "MS Wade",
              "bowler": "LW Feldman",
              "non_striker": "BJ Hodge",
              "runs": {
                "batter": 2,
                "extras": 0,
                "total": 2
              }
            }
          ]
        },
        {
          "over": 8,
          "deliveries": [
            {
              "batter": "BJ Hodge",
              "bowler": "TM Dilshan",
              "non_striker": "MS Wade",
              "runs": {
                "batter": 0,
                "extras": 0,
                "total": 0
              }
            },
            {
              "batter": "BJ Hodge",
              "bowler": "TM Dilshan",
              "non_striker": "MS Wade",
              "runs": {
                "batter": 0,
                "extras": 0,
                "total": 0
              }
            },
            {
              "batter": "BJ Hodge",
              "bowler": "TM Dilshan",
              "non_striker": "MS Wade",
              "runs": {
                "batter": 1,
                "extras": 0,
                "total": 1
              }
            },
            {
              "batter": "MS Wade",
              "bowler": "TM Dilshan",
              "non_striker": "BJ Hodge",
              "runs": {
                "batter": 0,
                "extras": 0,
                "total": 0
              }
            },
            {
              "batter": "MS Wade",
              "bowler": "TM Dilshan",
              "non_striker": "BJ Hodge",
              "runs": {
                "batter": 0,
                "extras": 0,
                "total": 0
              }
            },
            {
              "batter": "MS Wade",
              "bowler": "TM Dilshan",
              "non_striker": "BJ Hodge",
              "runs": {
                "batter": 1,
                "extras": 0,
                "total": 1
              }
            }
          ]
        },
        {
          "over": 9,
          "deliveries": [
            {
              "batter": "MS Wade",
              "bowler": "LW Feldman",
              "non_striker": "BJ Hodge",
              "runs": {
                "batter": 2,
                "extras": 0,
                "total": 2
              }
            },
            {
              "batter": "MS Wade",
              "bowler": "LW Feldman",
              "non_striker": "BJ Hodge",
              "runs": {
                "batter": 2,
                "extras": 0,
                "total": 2
              }
            },
            {
              "batter": "MS Wade",
              "bowler": "LW Feldman",
              "non_striker": "BJ Hodge",
              "runs": {
                "batter": 6,
                "extras": 0,
                "total": 6
              }
            },
            {
              "batter": "MS Wade",
              "bowler": "LW Feldman",
              "non_striker": "BJ Hodge",
              "runs": {
                "batter": 1,
                "extras": 0,
                "total": 1
              }
            },
            {
              "batter": "BJ Hodge",
              "bowler": "LW Feldman",
              "non_striker": "MS Wade",
              "runs": {
                "batter": 1,
                "extras": 0,
                "total": 1
              }
            },
            {
              "batter": "MS Wade",
              "bowler": "LW Feldman",
              "non_striker": "BJ Hodge",
              "runs": {
                "batter": 1,
                "extras": 0,
                "total": 1
              }
            }
          ]
        },
        {
          "over": 10,
          "deliveries": [
            {
              "batter": "MS Wade",
              "bowler": "TM Dilshan",
              "non_striker": "BJ Hodge",
              "runs": {
                "batter": 0,
                "extras": 0,
                "total": 0
              }
            },
            {
              "batter": "MS Wade",
              "bowler": "TM Dilshan",
              "non_striker": "BJ Hodge",
              "runs": {
                "batter": 1,
                "extras": 0,
                "total": 1
              }
            },
            {
              "batter": "BJ Hodge",
              "bowler": "TM Dilshan",
              "non_striker": "MS Wade",
              "runs": {
                "batter": 1,
                "extras": 0,
                "total": 1
              }
            },
            {
              "batter": "MS Wade",
              "bowler": "TM Dilshan",
              "non_striker": "BJ Hodge",
              "runs": {
                "batter": 1,
                "extras": 0,
                "total": 1
              }
            },
            {
              "batter": "BJ Hodge",
              "bowler": "TM Dilshan",
              "non_striker": "MS Wade",
              "runs": {
                "batter": 0,
                "extras": 0,
                "total": 0
              }
            },
            {
              "batter": "BJ Hodge",
              "bowler": "TM Dilshan",
              "non_striker": "MS Wade",
              "runs": {
                "batter": 6,
                "extras": 0,
                "total": 6
              }
            }
          ]
        },
        {
          "over": 11,
          "deliveries": [
            {
              "batter": "MS Wade",
              "bowler": "LW Feldman",
              "non_striker": "BJ Hodge",
              "runs": {
                "batter": 1,
                "extras": 0,
                "total": 1
              }
            },
            {
              "batter": "BJ Hodge",
              "bowler": "LW Feldman",
              "non_striker": "MS Wade",
              "runs": {
                "batter": 0,
                "extras": 0,
                "total": 0
              }
            },
            {
              "batter": "BJ Hodge",
              "bowler": "LW Feldman",
              "non_striker": "MS Wade",
              "runs": {
                "batter": 0,
                "extras": 0,
                "total": 0
              }
            },
            {
              "batter": "BJ Hodge",
              "bowler": "LW Feldman",
              "non_striker": "MS Wade",
              "runs": {
                "batter": 1,
                "extras": 0,
                "total": 1
              }
            },
            {
              "batter": "MS Wade",
              "bowler": "LW Feldman",
              "non_striker": "BJ Hodge",
              "runs": {
                "batter": 0,
                "extras": 0,
                "total": 0
              }
            },
            {
              "batter": "MS Wade",
              "bowler": "LW Feldman",
              "non_striker": "BJ Hodge",
              "runs": {
                "batter": 1,
                "extras": 0,
                "total": 1
              }
            }
          ]
        },
        {
          "over": 12,
          "deliveries": [
            {
              "batter": "MS Wade",
              "bowler": "SJ Coyte",
              "non_striker": "BJ Hodge",
              "runs": {
                "batter": 1,
                "extras": 0,
                "total": 1
              }
            },
            {
              "batter": "BJ Hodge",
              "bowler": "SJ Coyte",
              "non_striker": "MS Wade",
              "runs": {
                "batter": 0,
                "extras": 0,
                "total": 0
              }
            },
            {
              "batter": "BJ Hodge",
              "bowler": "SJ Coyte",
              "non_striker": "MS Wade",
              "runs": {
                "batter": 1,
                "extras": 0,
                "total": 1
              }
            },
            {
              "batter": "MS Wade",
              "bowler": "SJ Coyte",
              "non_striker": "BJ Hodge",
              "runs": {
                "batter": 4,
                "extras": 0,
                "total": 4
              }
            },
            {
              "batter": "MS Wade",
              "bowler": "SJ Coyte",
              "non_striker": "BJ Hodge",
              "runs": {
                "batter": 1,
                "extras": 0,
                "total": 1
              }
            },
            {
              "batter": "BJ Hodge",
              "bowler": "SJ Coyte",
              "non_striker": "MS Wade",
              "runs": {
                "batter": 1,
                "extras": 0,
                "total": 1
              }
            }
          ]
        },
        {
          "over": 13,
          "deliveries": [
            {
              "batter": "BJ Hodge",
              "bowler": "GS Sandhu",
              "non_striker": "MS Wade",
              "runs": {
                "batter": 1,
                "extras": 0,
                "total": 1
              }
            },
            {
              "batter": "MS Wade",
              "bowler": "GS Sandhu",
              "non_striker": "BJ Hodge",
              "runs": {
                "batter": 0,
                "extras": 0,
                "total": 0
              },
              "wickets": [
                {
                  "kind": "caught",
                  "player_out": "MS Wade",
                  "fielders": [
                    {
                      "name": "EJG Morgan"
                    }
                  ]
                }
              ]
            },
            {
              "batter": "DJ Hussey",
              "bowler": "GS Sandhu",
              "non_striker": "BJ Hodge",
              "runs": {
                "batter": 0,
                "extras": 0,
                "total": 0
              }
            },
            {
              "batter": "DJ Hussey",
              "bowler": "GS Sandhu",
              "non_striker": "BJ Hodge",
              "runs": {
                "batter": 1,
                "extras": 0,
                "total": 1
              }
            },
            {
              "batter": "BJ Hodge",
              "bowler": "GS Sandhu",
              "non_striker": "DJ Hussey",
              "runs": {
                "batter": 1,
                "extras": 0,
                "total": 1
              }
            },
            {
              "batter": "DJ Hussey",
              "bowler": "GS Sandhu",
              "non_striker": "BJ Hodge",
              "runs": {
                "batter": 1,
                "extras": 0,
                "total": 1
              }
            }
          ]
        },
        {
          "over": 14,
          "deliveries": [
            {
              "batter": "DJ Hussey",
              "bowler": "TM Dilshan",
              "non_striker": "BJ Hodge",
              "runs": {
                "batter": 4,
                "extras": 0,
                "total": 4
              }
            },
            {
              "batter": "DJ Hussey",
              "bowler": "TM Dilshan",
              "non_striker": "BJ Hodge",
              "runs": {
                "batter": 1,
                "extras": 0,
                "total": 1
              }
            },
            {
              "batter": "BJ Hodge",
              "bowler": "TM Dilshan",
              "non_striker": "DJ Hussey",
              "runs": {
                "batter": 6,
                "extras": 0,
                "total": 6
              }
            },
            {
              "batter": "BJ Hodge",
              "bowler": "TM Dilshan",
              "non_striker": "DJ Hussey",
              "runs": {
                "batter": 6,
                "extras": 0,
                "total": 6
              }
            },
            {
              "batter": "BJ Hodge",
              "bowler": "TM Dilshan",
              "non_striker": "DJ Hussey",
              "runs": {
                "batter": 0,
                "extras": 0,
                "total": 0
              }
            },
            {
              "batter": "BJ Hodge",
              "bowler": "TM Dilshan",
              "non_striker": "DJ Hussey",
              "runs": {
                "batter": 1,
                "extras": 0,
                "total": 1
              }
            }
          ]
        },
        {
          "over": 15,
          "deliveries": [
            {
              "batter": "BJ Hodge",
              "bowler": "SJ Coyte",
              "non_striker": "DJ Hussey",
              "runs": {
                "batter": 4,
                "extras": 0,
                "total": 4
              }
            },
            {
              "batter": "BJ Hodge",
              "bowler": "SJ Coyte",
              "non_striker": "DJ Hussey",
              "runs": {
                "batter": 6,
                "extras": 0,
                "total": 6
              }
            },
            {
              "batter": "BJ Hodge",
              "bowler": "SJ Coyte",
              "non_striker": "DJ Hussey",
              "runs": {
                "batter": 1,
                "extras": 0,
                "total": 1
              }
            },
            {
              "batter": "DJ Hussey",
              "bowler": "SJ Coyte",
              "non_striker": "BJ Hodge",
              "runs": {
                "batter": 1,
                "extras": 0,
                "total": 1
              }
            },
            {
              "batter": "BJ Hodge",
              "bowler": "SJ Coyte",
              "non_striker": "DJ Hussey",
              "runs": {
                "batter": 0,
                "extras": 0,
                "total": 0
              }
            },
            {
              "batter": "BJ Hodge",
              "bowler": "SJ Coyte",
              "non_striker": "DJ Hussey",
              "runs": {
                "batter": 4,
                "extras": 0,
                "total": 4
              }
            }
          ]
        },
        {
          "over": 16,
          "deliveries": [
            {
              "batter": "DJ Hussey",
              "bowler": "DP Nannes",
              "non_striker": "BJ Hodge",
              "runs": {
                "batter": 1,
                "extras": 0,
                "total": 1
              }
            },
            {
              "batter": "BJ Hodge",
              "bowler": "DP Nannes",
              "non_striker": "DJ Hussey",
              "runs": {
                "batter": 0,
                "extras": 0,
                "total": 0
              }
            },
            {
              "batter": "BJ Hodge",
              "bowler": "DP Nannes",
              "non_striker": "DJ Hussey",
              "runs": {
                "batter": 1,
                "extras": 0,
                "total": 1
              }
            },
            {
              "batter": "DJ Hussey",
              "bowler": "DP Nannes",
              "non_striker": "BJ Hodge",
              "runs": {
                "batter": 0,
                "extras": 0,
                "total": 0
              }
            },
            {
              "batter": "DJ Hussey",
              "bowler": "DP Nannes",
              "non_striker": "BJ Hodge",
              "runs": {
                "batter": 1,
                "extras": 0,
                "total": 1
              }
            },
            {
              "batter": "BJ Hodge",
              "bowler": "DP Nannes",
              "non_striker": "DJ Hussey",
              "runs": {
                "batter": 1,
                "extras": 0,
                "total": 1
              }
            }
          ]
        },
        {
          "over": 17,
          "deliveries": [
            {
              "batter": "BJ Hodge",
              "bowler": "GS Sandhu",
              "non_striker": "DJ Hussey",
              "runs": {
                "batter": 4,
                "extras": 0,
                "total": 4
              }
            },
            {
              "batter": "BJ Hodge",
              "bowler": "GS Sandhu",
              "non_striker": "DJ Hussey",
              "runs": {
                "batter": 1,
                "extras": 0,
                "total": 1
              }
            },
            {
              "batter": "DJ Hussey",
              "bowler": "GS Sandhu",
              "non_striker": "BJ Hodge",
              "runs": {
                "batter": 3,
                "extras": 0,
                "total": 3
              }
            },
            {
              "batter": "BJ Hodge",
              "bowler": "GS Sandhu",
              "non_striker": "DJ Hussey",
              "runs": {
                "batter": 2,
                "extras": 0,
                "total": 2
              }
            },
            {
              "batter": "BJ Hodge",
              "bowler": "GS Sandhu",
              "non_striker": "DJ Hussey",
              "runs": {
                "batter": 0,
                "extras": 0,
                "total": 0
              }
            },
            {
              "batter": "BJ Hodge",
              "bowler": "GS Sandhu",
              "non_striker": "DJ Hussey",
              "runs": {
                "batter": 1,
                "extras": 0,
                "total": 1
              }
            }
          ]
        },
        {
          "over": 18,
          "deliveries": [
            {
              "batter": "BJ Hodge",
              "bowler": "SJ Coyte",
              "non_striker": "DJ Hussey",
              "runs": {
                "batter": 6,
                "extras": 0,
                "total": 6
              }
            },
            {
              "batter": "BJ Hodge",
              "bowler": "SJ Coyte",
              "non_striker": "DJ Hussey",
              "runs": {
                "batter": 4,
                "extras": 0,
                "total": 4
              }
            },
            {
              "batter": "BJ Hodge",
              "bowler": "SJ Coyte",
              "non_striker": "DJ Hussey",
              "runs": {
                "batter": 1,
                "extras": 0,
                "total": 1
              }
            },
            {
              "batter": "DJ Hussey",
              "bowler": "SJ Coyte",
              "non_striker": "BJ Hodge",
              "runs": {
                "batter": 1,
                "extras": 0,
                "total": 1
              }
            },
            {
              "batter": "BJ Hodge",
              "bowler": "SJ Coyte",
              "non_striker": "DJ Hussey",
              "runs": {
                "batter": 1,
                "extras": 0,
                "total": 1
              }
            },
            {
              "batter": "DJ Hussey",
              "bowler": "SJ Coyte",
              "non_striker": "BJ Hodge",
              "runs": {
                "batter": 1,
                "extras": 0,
                "total": 1
              }
            }
          ]
        },
        {
          "over": 19,
          "deliveries": [
            {
              "batter": "DJ Hussey",
              "bowler": "TM Dilshan",
              "non_striker": "BJ Hodge",
              "runs": {
                "batter": 1,
                "extras": 0,
                "total": 1
              }
            }
          ]
        }
      ],
      "powerplays": [
        {
          "from": 0.1,
          "to": 5.6,
          "type": "mandatory"
        }
      ],
      "target": {
        "overs": 20,
        "runs": 156
      }
    }
  ]
}