{
  "meta": {
    "data_version": "1.0.0",
    "created": "2017-04-19",
    "revision": 1
  },
  "info": {
    "balls_per_over": 6,
    "city": "Brisbane",
    "dates": [
      "2015-01-15"
    ],
    "event": {
      "name": "Big Bash League"
    },
    "gender": "male",
    "match_type": "T20",
    "officials": {
      "match_referees": [
        "D Talalla"
      ],
      "reserve_umpires": [
        "MS Branch"
      ],
      "tv_umpires": [
        "AJ Barrow"
      ],
      "umpires": [
        "GA Abood",
        "P Wilson"
      ]
    },
    "outcome": {
      "by": {
        "runs": 18
      },
      "winner": "Brisbane Heat"
    },
    "overs": 20,
    "player_of_match": [
      "CA Lynn"
    ],
    "players": {
      "Brisbane Heat": [
        "JA Burns",
        "PJ Forrest",
        "CA Lynn",
        "DT Christian",
        "NJ Reardon",
        "BCJ Cutting",
        "A Flintoff",
        "JJ Peirson",
        "JR Hopes",
        "SD Parry",
        "MT Steketee"
      ],
      "Hobart Hurricanes": [
        "BR Dunk",
        "TD Paine",
        "MW Hill",
        "EP Gulbis",
        "TR Birt",
        "Shoaib Malik",
        "JW Wells",
        "TT Bresnan",
        "BW Hilfenhaus",
        "CJ Boyce",
        "JK Reed"
      ]
    },
    "registry": {
      "people": {
        "A Flintoff": "ddc0828d",
        "AJ Barrow": "a67aa9df",
        "BCJ Cutting": "2e11c706",
        "BR Dunk": "272d796e",
        "BW Hilfenhaus": "f3171936",
        "CA Lynn": "45eda7c8",
        "CJ Boyce": "51a60c16",
        "D Talalla": "dcfe6cdd",
        "DP Michael": "9815de17",
        "DT Christian": "2a2e6343",
        "EP Gulbis": "bbce4647",
        "GA Abood": "a4af5528",
        "JA Burns": "7a5f232a",
        "JJ Peirson": "2b55c3b4",
        "JK Reed": "a8ad6e80",
        "JR Hopes": "2498e163",
        "JW Wells": "8bdac857",
        "MS Branch": "6f06b264",
        "MT Steketee": "903560ed",
        "MW Hill": "1952e660",
        "NJ Reardon": "c7bdb5b5",
        "P Wilson": "68304a36",
        "PJ Forrest": "56c205b7",
        "SD Parry": "fdb8ed0d",
        "Shoaib Malik": "64c34cd0",
        "TD Paine": "5748e866",
        "TR Birt": "d2d4bb0a",
        "TT Bresnan": "58043739"
      }
    },
    "season": "2014/15",
    "team_type": "club",
    "teams": [
      "Brisbane Heat",
      "Hobart Hurricanes"
    ],
    "toss": {
      "decision": "field",
      "winner": "Hobart Hurricanes"
    },
    "venue": "Brisbane Cricket Ground, Woolloongabba"
  },
  "innings": [
    {
      "team": "Brisbane Heat",
      "overs": [
        {
          "over": 0,
          "deliveries": [
            {
              "batter": "JA Burns",
              "bowler": "JK Reed",
              "non_striker": "PJ Forrest",
              "runs": {
                "batter": 0,
                "extras": 0,
                "total": 0
              }
            },
            {
              "batter": "JA Burns",
              "bowler": "JK Reed",
              "non_striker": "PJ Forrest",
              "runs": {
                "batter": 1,
                "extras": 0,
                "total": 1
              }
            },
            {
              "batter": "PJ Forrest",
              "bowler": "JK Reed",
              "non_striker": "JA Burns",
              "runs": {
                "batter": 2,
                "extras": 0,
                "total": 2
              }
            },
            {
              "batter": "PJ Forrest",
              "bowler": "JK Reed",
              "non_striker": "JA Burns",
              "runs": {
                "batter": 0,
                "extras": 0,
                "total": 0
              }
            },
            {
              "batter": "PJ Forrest",
              "bowler": "JK Reed",
              "non_striker": "JA Burns",
              "runs": {
                "batter": 0,
                "extras": 0,
                "total": 0
              }
            },
            {
              "batter": "PJ Forrest",
              "bowler": "JK Reed",
              "non_striker": "JA Burns",
              "runs": {
                "batter": 0,
                "extras": 0,
                "total": 0
              }
            }
          ]
        },
        {
          "over": 1,
          "deliveries": [
            {
              "batter": "JA Burns",
              "bowler": "BW Hilfenhaus",
              "non_striker": "PJ Forrest",
              "runs": {
                "batter": 0,
                "extras": 0,
                "total": 0
              }
            },
            {
              "batter": "JA Burns",
              "bowler": "BW Hilfenhaus",
              "non_striker": "PJ Forrest",
              "runs": {
                "batter": 0,
                "extras": 0,
                "total": 0
              },
              "wickets": [
                {
                  "kind": "caught",
                  "player_out": "JA Burns",
                  "fielders": [
                    {
                      "name": "BR Dunk"
                    }
                  ]
                }
              ]
            },
            {
              "batter": "CA Lynn",
              "bowler": "BW Hilfenhaus",
              "non_striker": "PJ Forrest",
              "runs": {
                "batter": 1,
                "extras": 0,
                "total": 1
              }
            },
            {
              "batter": "PJ Forrest",
              "bowler": "BW Hilfenhaus",
              "non_striker": "CA Lynn",
              "runs": {
                "batter": 0,
                "extras": 0,
                "total": 0
              }
            },
            {
              "batter": "PJ Forrest",
              "bowler": "BW Hilfenhaus",
              "non_striker": "CA Lynn",
              "runs": {
                "batter": 2,
                "extras": 0,
                "total": 2
              }
            },
            {
              "batter": "PJ Forrest",
              "bowler": "BW Hilfenhaus",
              "non_striker": "CA Lynn",
              "runs": {
                "batter": 1,
                "extras": 0,
                "total": 1
              }
            }
          ]
        },
        {
          "over": 2,
          "deliveries": [
            {
              "batter": "PJ Forrest",
              "bowler": "TT Bresnan",
              "non_striker": "CA Lynn",
              "runs": {
                "batter": 1,
                "extras": 0,
                "total": 1
              }
            },
            {
              "batter": "CA Lynn",
              "bowler": "TT Bresnan",
              "non_striker": "PJ Forrest",
              "runs": {
                "batter": 4,
                "extras": 0,
                "total": 4
              }
            },
            {
              "batter": "CA Lynn",
              "bowler": "TT Bresnan",
              "non_striker": "PJ Forrest",
              "runs": {
                "batter": 4,
                "extras": 0,
                "total": 4
              }
            },
            {
              "batter": "CA Lynn",
              "bowler": "TT Bresnan",
              "non_striker": "PJ Forrest",
              "runs": {
                "batter": 4,
                "extras": 0,
                "total": 4
              }
            },
            {
              "batter": "CA Lynn",
              "bowler": "TT Bresnan",
              "non_striker": "PJ Forrest",
              "runs": {
                "batter": 4,
                "extras": 0,
                "total": 4
              }
            },
            {
              "batter": "CA Lynn",
              "bowler": "TT Bresnan",
              "non_striker": "PJ Forrest",
              "runs": {
                "batter": 4,
                "extras": 0,
                "total": 4
              }
            }
          ]
        },
        {
          "over": 3,
          "deliveries": [
            {
              "batter": "PJ Forrest",
              "bowler": "BW Hilfenhaus",
              "non_striker": "CA Lynn",
              "runs": {
                "batter": 2,
                "extras": 0,
                "total": 2
              }
            },
            {
              "batter": "PJ Forrest",
              "bowler": "BW Hilfenhaus",
              "non_striker": "CA Lynn",
              "runs": {
                "batter": 1,
                "extras": 0,
                "total": 1
              }
            },
            {
              "batter": "CA Lynn",
              "bowler": "BW Hilfenhaus",
              "non_striker": "PJ Forrest",
              "runs": {
                "batter": 6,
                "extras": 0,
                "total": 6
              }
            },
            {
              "batter": "CA Lynn",
              "bowler": "BW Hilfenhaus",
              "non_striker": "PJ Forrest",
              "runs": {
                "batter": 0,
                "extras": 0,
                "total": 0
              }
            },
            {
              "batter": "CA Lynn",
              "bowler": "BW Hilfenhaus",
              "non_striker": "PJ Forrest",
              "runs": {
                "batter": 6,
                "extras": 0,
                "total": 6
              }
            },
            {
              "batter": "CA Lynn",
              "bowler": "BW Hilfenhaus",
              "non_striker": "PJ Forrest",
              "runs": {
                "batter": 1,
                "extras": 0,
                "total": 1
              }
            }
          ]
        },
        {
          "over": 4,
          "deliveries": [
            {
              "batter": "CA Lynn",
              "bowler": "EP Gulbis",
              "non_striker": "PJ Forrest",
              "runs": {
                "batter": 1,
                "extras": 0,
                "total": 1
              }
            },
            {
              "batter": "PJ Forrest",
              "bowler": "EP Gulbis",
              "non_striker": "CA Lynn",
              "runs": {
                "batter": 0,
                "extras": 0,
                "total": 0
              }
            },
            {
              "batter": "PJ Forrest",
              "bowler": "EP Gulbis",
              "non_striker": "CA Lynn",
              "runs": {
                "batter": 4,
                "extras": 0,
                "total": 4
              }
            },
            {
              "batter": "PJ Forrest",
              "bowler": "EP Gulbis",
              "non_striker": "CA Lynn",
              "runs": {
                "batter": 4,
                "extras": 0,
                "total": 4
              }
            },
            {
              "batter": "PJ Forrest",
              "bowler": "EP Gulbis",
              "non_striker": "CA Lynn",
              "runs": {
                "batter": 0,
                "extras": 0,
                "total": 0
              }
            },
            {
              "batter": "PJ Forrest",
              "bowler": "EP Gulbis",
              "non_striker": "CA Lynn",
              "runs": {
                "batter": 1,
                "extras": 0,
                "total": 1
              }
            }
          ]
        },
        {
          "over": 5,
          "deliveries": [
            {
              "batter": "PJ Forrest",
              "bowler": "Shoaib Malik",
              "non_striker": "CA Lynn",
              "runs": {
                "batter": 1,
                "extras": 0,
                "total": 1
              }
            },
            {
              "batter": "CA Lynn",
              "bowler": "Shoaib Malik",
              "non_striker": "PJ Forrest",
              "runs": {
                "batter": 1,
                "extras": 0,
                "total": 1
              }
            },
            {
              "batter": "PJ Forrest",
              "bowler": "Shoaib Malik",
              "non_striker": "CA Lynn",
              "runs": {
                "batter": 1,
                "extras": 0,
                "total": 1
              }
            },
            {
              "batter": "CA Lynn",
              "bowler": "Shoaib Malik",
              "non_striker": "PJ Forrest",
              "runs": {
                "batter": 4,
                "extras": 0,
                "total": 4
              }
            },
            {
              "batter": "CA Lynn",
              "bowler": "Shoaib Malik",
              "non_striker": "PJ Forrest",
              "runs": {
                "batter": 0,
                "extras": 0,
                "total": 0
              }
            },
            {
              "batter": "CA Lynn",
              "bowler": "Shoaib Malik",
              "non_striker": "PJ Forrest",
              "runs": {
                "batter": 4,
                "extras": 0,
                "total": 4
              }
            }
          ]
        },
        {
          "over": 6,
          "deliveries": [
            {
              "batter": "PJ Forrest",
              "bowler": "TT Bresnan",
              "non_striker": "CA Lynn",
              "runs": {
                "batter": 1,
                "extras": 0,
                "total": 1
              }
            },
            {
              "batter": "CA Lynn",
              "bowler": "TT Bresnan",
              "non_striker": "PJ Forrest",
              "runs": {
                "batter": 4,
                "extras": 0,
                "total": 4
              }
            },
            {
              "batter": "CA Lynn",
              "bowler": "TT Bresnan",
              "non_striker": "PJ Forrest",
              "runs": {
                "batter": 1,
                "extras": 0,
                "total": 1
              }
            },
            {
              "batter": "PJ Forrest",
              "bowler": "TT Bresnan",
              "non_striker": "CA Lynn",
              "runs": {
                "batter": 1,
                "extras": 0,
                "total": 1
              }
            },
            {
              "batter": "CA Lynn",
              "bowler": "TT Bresnan",
              "non_striker": "PJ Forrest",
              "runs": {
                "batter": 2,
                "extras": 0,
                "total": 2
              }
            },
            {
              "batter": "CA Lynn",
              "bowler": "TT Bresnan",
              "non_striker": "PJ Forrest",
              "runs": {
                "batter": 4,
                "extras": 0,
                "total": 4
              }
            }
          ]
        },
        {
          "over": 7,
          "deliveries": [
            {
              "batter": "PJ Forrest",
              "bowler": "CJ Boyce",
              "non_striker": "CA Lynn",
              "runs": {
                "batter": 1,
                "extras": 0,
                "total": 1
              }
            },
            {
              "batter": "CA Lynn",
              "bowler": "CJ Boyce",
              "non_striker": "PJ Forrest",
              "runs": {
                "batter": 1,
                "extras": 0,
                "total": 1
              }
            },
            {
              "batter": "PJ Forrest",
              "bowler": "CJ Boyce",
              "non_striker": "CA Lynn",
              "runs": {
                "batter": 1,
                "extras": 0,
                "total": 1
              }
            },
            {
              "batter": "CA Lynn",
              "bowler": "CJ Boyce",
              "non_striker": "PJ Forrest",
              "runs": {
                "batter": 0,
                "extras": 0,
                "total": 0
              }
            },
            {
              "batter": "CA Lynn",
              "bowler": "CJ Boyce",
              "non_striker": "PJ Forrest",
              "runs": {
                "batter": 0,
                "extras": 0,
                "total": 0
              }
            },
            {
              "batter": "CA Lynn",
              "bowler": "CJ Boyce",
              "non_striker": "PJ Forrest",
              "runs": {
                "batter": 1,
                "extras": 0,
                "total": 1
              }
            }
          ]
        },
        {
          "over": 8,
          "deliveries": [
            {
              "batter": "CA Lynn",
              "bowler": "EP Gulbis",
              "non_striker": "PJ Forrest",
              "runs": {
                "batter": 4,
                "extras": 0,
                "total": 4
              }
            },
            {
              "batter": "CA Lynn",
              "bowler": "EP Gulbis",
              "non_striker": "PJ Forrest",
              "runs": {
                "batter": 1,
                "extras": 0,
                "total": 1
              }
            },
            {
              "batter": "PJ Forrest",
              "bowler": "EP Gulbis",
              "non_striker": "CA Lynn",
              "runs": {
                "batter": 1,
                "extras": 0,
                "total": 1
              }
            },
            {
              "batter": "CA Lynn",
              "bowler": "EP Gulbis",
              "non_striker": "PJ Forrest",
              "runs": {
                "batter": 4,
                "extras": 0,
                "total": 4
              }
            },
            {
              "batter": "CA Lynn",
              "bowler": "EP Gulbis",
              "non_striker": "PJ Forrest",
              "runs": {
                "batter": 6,
                "extras": 0,
                "total": 6
              }
            },
            {
              "batter": "CA Lynn",
              "bowler": "EP Gulbis",
              "non_striker": "PJ Forrest",
              "runs": {
                "batter": 1,
                "extras": 0,
                "total": 1
              }
            }
          ]
        },
        {
          "over": 9,
          "deliveries": [
            {
              "batter": "CA Lynn",
              "bowler": "CJ Boyce",
              "non_striker": "PJ Forrest",
              "runs": {
                "batter": 4,
                "extras": 0,
                "total": 4
              }
            },
            {
              "batter": "CA Lynn",
              "bowler": "CJ Boyce",
              "non_striker": "PJ Forrest",
              "runs": {
                "batter": 1,
                "extras": 0,
                "total": 1
              }
            },
            {
              "batter": "PJ Forrest",
              "bowler": "CJ Boyce",
              "non_striker": "CA Lynn",
              "runs": {
                "batter": 1,
                "extras": 0,
                "total": 1
              }
            },
            {
              "batter": "CA Lynn",
              "bowler": "CJ Boyce",
              "non_striker": "PJ Forrest",
              "runs": {
                "batter": 1,
                "extras": 0,
                "total": 1
              }
            },
            {
              "batter": "PJ Forrest",
              "bowler": "CJ Boyce",
              "non_striker": "CA Lynn",
              "runs": {
                "batter": 1,
                "extras": 0,
                "total": 1
              }
            },
            {
              "batter": "CA Lynn",
              "bowler": "CJ Boyce",
              "non_striker": "PJ Forrest",
              "runs": {
                "batter": 0,
                "extras": 0,
                "total": 0
              }
            }
          ]
        },
        {
          "over": 10,
          "deliveries": [
            {
              "batter": "PJ Forrest",
              "bowler": "BW Hilfenhaus",
              "non_striker": "CA Lynn",
              "runs": {
                "batter": 2,
                "extras": 0,
                "total": 2
              }
            },
            {
              "batter": "PJ Forrest",
              "bowler": "BW Hilfenhaus",
              "non_striker": "CA Lynn",
              "runs": {
                "batter": 0,
                "extras": 0,
                "total": 0
              }
            },
            {
              "batter": "PJ Forrest",
              "bowler": "BW Hilfenhaus",
              "non_striker": "CA Lynn",
              "runs": {
                "batter": 1,
                "extras": 0,
                "total": 1
              }
            },
            {
              "batter": "CA Lynn",
              "bowler": "BW Hilfenhaus",
              "non_striker": "PJ Forrest",
              "runs": {
                "batter": 1,
                "extras": 0,
                "total": 1
              }
            },
            {
              "batter": "PJ Forrest",
              "bowler": "BW Hilfenhaus",
              "non_striker": "CA Lynn",
              "runs": {
                "batter": 0,
                "extras": 0,
                "total": 0
              }
            },
            {
              "batter": "PJ Forrest",
              "bowler": "BW Hilfenhaus",
              "non_striker": "CA Lynn",
              "runs": {
                "batter": 1,
                "extras": 0,
                "total": 1
              }
            }
          ]
        },
        {
          "over": 11,
          "deliveries": [
            {
              "batter": "PJ Forrest",
              "bowler": "Shoaib Malik",
              "non_striker": "CA Lynn",
              "runs": {
                "batter": 1,
                "extras": 0,
                "total": 1
              }
            },
            {
              "batter": "CA Lynn",
              "bowler": "Shoaib Malik",
              "non_striker": "PJ Forrest",
              "runs": {
                "batter": 1,
                "extras": 0,
                "total": 1
              }
            },
            {
              "batter": "PJ Forrest",
              "bowler": "Shoaib Malik",
              "non_striker": "CA Lynn",
              "runs": {
                "batter": 2,
                "extras": 0,
                "total": 2
              }
            },
            {
              "batter": "PJ Forrest",
              "bowler": "Shoaib Malik",
              "non_striker": "CA Lynn",
              "runs": {
                "batter": 0,
                "extras": 0,
                "total": 0
              }
            },
            {
              "batter": "PJ Forrest",
              "bowler": "Shoaib Malik",
              "non_striker": "CA Lynn",
              "runs": {
                "batter": 0,
                "extras": 0,
                "total": 0
              }
            },
            {
              "batter": "PJ Forrest",
              "bowler": "Shoaib Malik",
              "non_striker": "CA Lynn",
              "runs": {
                "batter": 0,
                "extras": 0,
                "total": 0
              }
            }
          ]
        },
        {
          "over": 12,
          "deliveries": [
            {
              "batter": "CA Lynn",
              "bowler": "EP Gulbis",
              "non_striker": "PJ Forrest",
              "runs": {
                "batter": 0,
                "extras": 0,
                "total": 0
              },
              "wickets": [
                {
                  "kind": "caught",
                  "player_out": "CA Lynn",
                  "fielders": [
                    {
                      "name": "DP Michael",
                      "substitute": true
                    }
                  ]
                }
              ]
            },
            {
              "batter": "PJ Forrest",
              "bowler": "EP Gulbis",
              "non_striker": "DT Christian",
              "runs": {
                "batter": 2,
                "extras": 0,
                "total": 2
              }
            },
            {
              "batter": "PJ Forrest",
              "bowler": "EP Gulbis",
              "non_striker": "DT Christian",
              "runs": {
                "batter": 0,
                "extras": 0,
                "total": 0
              }
            },
            {
              "batter": "PJ Forrest",
              "bowler": "EP Gulbis",
              "non_striker": "DT Christian",
              "runs": {
                "batter": 1,
                "extras": 0,
                "total": 1
              }
            },
            {
              "batter": "DT Christian",
              "bowler": "EP Gulbis",
              "extras": {
                "wides": 1
              },
              "non_striker": "PJ Forrest",
              "runs": {
                "batter": 0,
                "extras": 1,
                "total": 1
              }
            },
            {
              "batter": "DT Christian",
              "bowler": "EP Gulbis",
              "non_striker": "PJ Forrest",
              "runs": {
                "batter": 1,
                "extras": 0,
                "total": 1
              }
            },
            {
              "batter": "PJ Forrest",
              "bowler": "EP Gulbis",
              "non_striker": "DT Christian",
              "runs": {
                "batter": 1,
                "extras": 0,
                "total": 1
              }
            }
          ]
        },
        {
          "over": 13,
          "deliveries": [
            {
              "batter": "PJ Forrest",
              "bowler": "CJ Boyce",
              "non_striker": "DT Christian",
              "runs": {
                "batter": 1,
                "extras": 0,
                "total": 1
              }
            },
            {
              "batter": "DT Christian",
              "bowler": "CJ Boyce",
              "non_striker": "PJ Forrest",
              "runs": {
                "batter": 1,
                "extras": 0,
                "total": 1
              }
            },
            {
              "batter": "PJ Forrest",
              "bowler": "CJ Boyce",
              "non_striker": "DT Christian",
              "runs": {
                "batter": 0,
                "extras": 0,
                "total": 0
              }
            },
            {
              "batter": "PJ Forrest",
              "bowler": "CJ Boyce",
              "non_striker": "DT Christian",
              "runs": {
                "batter": 0,
                "extras": 0,
                "total": 0
              }
            },
            {
              "batter": "PJ Forrest",
              "bowler": "CJ Boyce",
              "non_striker": "DT Christian",
              "runs": {
                "batter": 2,
                "extras": 0,
                "total": 2
              }
            },
            {
              "batter": "PJ Forrest",
              "bowler": "CJ Boyce",
              "non_striker": "DT Christian",
              "runs": {
                "batter": 1,
                "extras": 0,
                "total": 1
              }
            }
          ]
        },
        {
          "over": 14,
          "deliveries": [
            {
              "batter": "PJ Forrest",
              "bowler": "EP Gulbis",
              "non_striker": "DT Christian",
              "runs": {
                "batter": 1,
                "extras": 0,
                "total": 1
              }
            },
            {
              "batter": "DT Christian",
              "bowler": "EP Gulbis",
              "non_striker": "PJ Forrest",
              "runs": {
                "batter": 0,
                "extras": 0,
                "total": 0
              }
            },
            {
              "batter": "DT Christian",
              "bowler": "EP Gulbis",
              "non_striker": "PJ Forrest",
              "runs": {
                "batter": 1,
                "extras": 0,
                "total": 1
              }
            },
            {
              "batter": "PJ Forrest",
              "bowler": "EP Gulbis",
              "non_striker": "DT Christian",
              "runs": {
                "batter": 2,
                "extras": 0,
                "total": 2
              }
            },
            {
              "batter": "PJ Forrest",
              "bowler": "EP Gulbis",
              "non_striker": "DT Christian",
              "runs": {
                "batter": 0,
                "extras": 0,
                "total": 0
              }
            },
            {
              "batter": "PJ Forrest",
              "bowler": "EP Gulbis",
              "non_striker": "DT Christian",
              "runs": {
                "batter": 1,
                "extras": 0,
                "total": 1
              }
            }
          ]
        },
        {
          "over": 15,
          "deliveries": [
            {
              "batter": "PJ Forrest",
              "bowler": "CJ Boyce",
              "non_striker": "DT Christian",
              "runs": {
                "batter": 0,
                "extras": 0,
                "total": 0
              },
              "wickets": [
                {
                  "kind": "caught",
                  "player_out": "PJ Forrest",
                  "fielders": [
                    {
                      "name": "DP Michael",
                      "substitute": true
                    }
                  ]
                }
              ]
            },
            {
              "batter": "DT Christian",
              "bowler": "CJ Boyce",
              "non_striker": "NJ Reardon",
              "runs": {
                "batter": 2,
                "extras": 0,
                "total": 2
              }
            },
            {
              "batter": "DT Christian",
              "bowler": "CJ Boyce",
              "non_striker": "NJ Reardon",
              "runs": {
                "batter": 1,
                "extras": 0,
                "total": 1
              }
            },
            {
              "batter": "NJ Reardon",
              "bowler": "CJ Boyce",
              "non_striker": "DT Christian",
              "runs": {
                "batter": 1,
                "extras": 0,
                "total": 1
              }
            },
            {
              "batter": "DT Christian",
              "bowler": "CJ Boyce",
              "non_striker": "NJ Reardon",
              "runs": {
                "batter": 1,
                "extras": 0,
                "total": 1
              }
            },
            {
              "batter": "NJ Reardon",
              "bowler": "CJ Boyce",
              "non_striker": "DT Christian",
              "runs": {
                "batter": 6,
                "extras": 0,
                "total": 6
              }
            }
          ]
        },
        {
          "over": 16,
          "deliveries": [
            {
              "batter": "DT Christian",
              "bowler": "TT Bresnan",
              "non_striker": "NJ Reardon",
              "runs": {
                "batter": 1,
                "extras": 0,
                "total": 1
              }
            },
            {
              "batter": "NJ Reardon",
              "bowler": "TT Bresnan",
              "non_striker": "DT Christian",
              "runs": {
                "batter": 0,
                "extras": 0,
                "total": 0
              }
            },
            {
              "batter": "NJ Reardon",
              "bowler": "TT Bresnan",
              "non_striker": "DT Christian",
              "runs": {
                "batter": 1,
                "extras": 0,
                "total": 1
              }
            },
            {
              "batter": "DT Christian",
              "bowler": "TT Bresnan",
              "non_striker": "NJ Reardon",
              "runs": {
                "batter": 4,
                "extras": 0,
                "total": 4
              }
            },
            {
              "batter": "DT Christian",
              "bowler": "TT Bresnan",
              "non_striker": "NJ Reardon",
              "runs": {
                "batter": 4,
                "extras": 0,
                "total": 4
              }
            },
            {
              "batter": "DT Christian",
              "bowler": "TT Bresnan",
              "non_striker": "NJ Reardon",
              "runs": {
                "batter": 4,
                "extras": 0,
                "total": 4
              }
            }
          ]
        },
        {
          "over": 17,
          "deliveries": [
            {
              "batter": "NJ Reardon",
              "bowler": "Shoaib Malik",
              "non_striker": "DT Christian",
              "runs": {
                "batter": 4,
                "extras": 0,
                "total": 4
              }
            },
            {
              "batter": "NJ Reardon",
              "bowler": "Shoaib Malik",
              "non_striker": "DT Christian",
              "runs": {
                "batter": 1,
                "extras": 0,
                "total": 1
              }
            },
            {
              "batter": "DT Christian",
              "bowler": "Shoaib Malik",
              "non_striker": "NJ Reardon",
              "runs": {
                "batter": 0,
                "extras": 0,
                "total": 0
              },
              "wickets": [
                {
                  "kind": "caught",
                  "player_out": "DT Christian",
                  "fielders": [
                    {
                      "name": "CJ Boyce"
                    }
                  ]
                }
              ]
            },
            {
              "batter": "NJ Reardon",
              "bowler": "Shoaib Malik",
              "non_striker": "BCJ Cutting",
              "runs": {
                "batter": 1,
                "extras": 0,
                "total": 1
              }
            },
            {
              "batter": "BCJ Cutting",
              "bowler": "Shoaib Malik",
              "extras": {
                "wides": 1
              },
              "non_striker": "NJ Reardon",
              "runs": {
                "batter": 0,
                "extras": 1,
                "total": 1
              }
            },
            {
              "batter": "BCJ Cutting",
              "bowler": "Shoaib Malik",
              "non_striker": "NJ Reardon",
              "runs": {
                "batter": 1,
                "extras": 0,
                "total": 1
              }
            },
            {
              "batter": "NJ Reardon",
              "bowler": "Shoaib Malik",
              "non_striker": "BCJ Cutting",
              "runs": {
                "batter": 4,
                "extras": 0,
                "total": 4
              }
            }
          ]
        },
        {
          "over": 18,
          "deliveries": [
            {
              "batter": "BCJ Cutting",
              "bowler": "BW Hilfenhaus",
              "non_striker": "NJ Reardon",
              "runs": {
                "batter": 4,
                "extras": 0,
                "total": 4
              }
            },
            {
              "batter": "BCJ Cutting",
              "bowler": "BW Hilfenhaus",
              "extras": {
                "wides": 1
              },
              "non_striker": "NJ Reardon",
              "runs": {
                "batter": 0,
                "extras": 1,
                "total": 1
              }
            },
            {
              "batter": "BCJ Cutting",
              "bowler": "BW Hilfenhaus",
              "non_striker": "NJ Reardon",
              "runs": {
                "batter": 2,
                "extras": 0,
                "total": 2
              }
            },
            {
              "batter": "BCJ Cutting",
              "bowler": "BW Hilfenhaus",
              "non_striker": "NJ Reardon",
              "runs": {
                "batter": 4,
                "extras": 0,
                "total": 4
              }
            },
            {
              "batter": "BCJ Cutting",
              "bowler": "BW Hilfenhaus",
              "non_striker": "NJ Reardon",
              "runs": {
                "batter": 1,
                "extras": 0,
                "total": 1
              }
            },
            {
              "batter": "NJ Reardon",
              "bowler": "BW Hilfenhaus",
              "non_striker": "BCJ Cutting",
              "runs": {
                "batter": 1,
                "extras": 0,
                "total": 1
              }
            },
            {
              "batter": "BCJ Cutting",
              "bowler": "BW Hilfenhaus",
              "non_striker": "NJ Reardon",
              "runs": {
                "batter": 6,
                "extras": 0,
                "total": 6
              }
            }
          ]
        },
        {
          "over": 19,
          "deliveries": [
            {
              "batter": "NJ Reardon",
              "bowler": "Shoaib Malik",
              "non_striker": "BCJ Cutting",
              "runs": {
                "batter": 1,
                "extras": 0,
                "total": 1
              }
            },
            {
              "batter": "BCJ Cutting",
              "bowler": "Shoaib Malik",
              "non_striker": "NJ Reardon",
              "runs": {
                "batter": 6,
                "extras": 0,
                "total": 6
              }
            },
            {
              "batter": "BCJ Cutting",
              "bowler": "Shoaib Malik",
              "non_striker": "NJ Reardon",
              "runs": {
                "batter": 0,
                "extras": 0,
                "total": 0
              },
              "wickets": [
                {
                  "kind": "caught",
                  "player_out": "BCJ Cutting",
                  "fielders": [
                    {
                      "name": "BW Hilfenhaus"
                    }
                  ]
                }
              ]
            },
            {
              "batter": "NJ Reardon",
              "bowler": "Shoaib Malik",
              "non_striker": "A Flintoff",
              "runs": {
                "batter": 0,
                "extras": 0,
                "total": 0
              },
              "wickets": [
                {
                  "kind": "caught",
                  "player_out": "NJ Reardon",
                  "fielders": [
                    {
                      "name": "JW Wells"
                    }
                  ]
                }
              ]
            },
            {
              "batter": "A Flintoff",
              "bowler": "Shoaib Malik",
              "non_striker": "JJ Peirson",
              "runs": {
                "batter": 2,
                "extras": 0,
                "total": 2
              }
            },
            {
              "batter": "A Flintoff",
              "bowler": "Shoaib Malik",
              "non_striker": "JJ Peirson",
              "runs": {
                "batter": 1,
                "extras": 0,
                "total": 1
              }
            }
          ]
        }
      ],
      "powerplays": [
        {
          "from": 0.1,
          "to": 5.6,
          "type": "mandatory"
        }
      ]
    },
    {
      "team": "Hobart Hurricanes",
      "overs": [
        {
          "over": 0,
          "deliveries": [
            {
              "batter": "BR Dunk",
              "bowler": "JR Hopes",
              "extras": {
                "wides": 1
              },
              "non_striker": "TD Paine",
              "runs": {
                "batter": 0,
                "extras": 1,
                "total": 1
              }
            },
            {
              "batter": "BR Dunk",
              "bowler": "JR Hopes",
              "non_striker": "TD Paine",
              "runs": {
                "batter": 1,
                "extras": 0,
                "total": 1
              }
            },
            {
              "batter": "TD Paine",
              "bowler": "JR Hopes",
              "non_striker": "BR Dunk",
              "runs": {
                "batter": 0,
                "extras": 0,
                "total": 0
              }
            },
            {
              "batter": "TD Paine",
              "bowler": "JR Hopes",
              "non_striker": "BR Dunk",
              "runs": {
                "batter": 0,
                "extras": 0,
                "total": 0
              }
            },
            {
              "batter": "TD Paine",
              "bowler": "JR Hopes",
              "extras": {
                "wides": 1
              },
              "non_striker": "BR Dunk",
              "runs": {
                "batter": 0,
                "extras": 1,
                "total": 1
              }
            },
            {
              "batter": "TD Paine",
              "bowler": "JR Hopes",
              "non_striker": "BR Dunk",
              "runs": {
                "batter": 1,
                "extras": 0,
                "total": 1
              }
            },
            {
              "batter": "BR Dunk",
              "bowler": "JR Hopes",
              "non_striker": "TD Paine",
              "runs": {
                "batter": 0,
                "extras": 0,
                "total": 0
              }
            },
            {
              "batter": "BR Dunk",
              "bowler": "JR Hopes",
              "non_striker": "TD Paine",
              "runs": {
                "batter": 1,
                "extras": 0,
                "total": 1
              }
            }
          ]
        },
        {
          "over": 1,
          "deliveries": [
            {
              "batter": "BR Dunk",
              "bowler": "MT Steketee",
              "extras": {
                "wides": 1
              },
              "non_striker": "TD Paine",
              "runs": {
                "batter": 0,
                "extras": 1,
                "total": 1
              }
            },
            {
              "batter": "BR Dunk",
              "bowler": "MT Steketee",
              "non_striker": "TD Paine",
              "runs": {
                "batter": 0,
                "extras": 0,
                "total": 0
              }
            },
            {
              "batter": "BR Dunk",
              "bowler": "MT Steketee",
              "non_striker": "TD Paine",
              "runs": {
                "batter": 0,
                "extras": 0,
                "total": 0
              }
            },
            {
              "batter": "BR Dunk",
              "bowler": "MT Steketee",
              "non_striker": "TD Paine",
              "runs": {
                "batter": 0,
                "extras": 0,
                "total": 0
              },
              "wickets": [
                {
                  "kind": "caught",
                  "player_out": "BR Dunk",
                  "fielders": [
                    {
                      "name": "JJ Peirson"
                    }
                  ]
                }
              ]
            },
            {
              "batter": "MW Hill",
              "bowler": "MT Steketee",
              "non_striker": "TD Paine",
              "runs": {
                "batter": 0,
                "extras": 0,
                "total": 0
              }
            },
            {
              "batter": "MW Hill",
              "bowler": "MT Steketee",
              "non_striker": "TD Paine",
              "runs": {
                "batter": 2,
                "extras": 0,
                "total": 2
              }
            },
            {
              "batter": "MW Hill",
              "bowler": "MT Steketee",
              "non_striker": "TD Paine",
              "runs": {
                "batter": 1,
                "extras": 0,
                "total": 1
              }
            }
          ]
        },
        {
          "over": 2,
          "deliveries": [
            {
              "batter": "MW Hill",
              "bowler": "JR Hopes",
              "non_striker": "TD Paine",
              "runs": {
                "batter": 1,
                "extras": 0,
                "total": 1
              }
            },
            {
              "batter": "TD Paine",
              "bowler": "JR Hopes",
              "extras": {
                "wides": 1
              },
              "non_striker": "MW Hill",
              "runs": {
                "batter": 0,
                "extras": 1,
                "total": 1
              }
            },
            {
              "batter": "TD Paine",
              "bowler": "JR Hopes",
              "non_striker": "MW Hill",
              "runs": {
                "batter": 1,
                "extras": 0,
                "total": 1
              }
            },
            {
              "batter": "MW Hill",
              "bowler": "JR Hopes",
              "non_striker": "TD Paine",
              "runs": {
                "batter": 0,
                "extras": 0,
                "total": 0
              }
            },
            {
              "batter": "MW Hill",
              "bowler": "JR Hopes",
              "non_striker": "TD Paine",
              "runs": {
                "batter": 4,
                "extras": 0,
                "total": 4
              }
            },
            {
              "batter": "MW Hill",
              "bowler": "JR Hopes",
              "non_striker": "TD Paine",
              "runs": {
                "batter": 0,
                "extras": 0,
                "total": 0
              }
            },
            {
              "batter": "MW Hill",
              "bowler": "JR Hopes",
              "non_striker": "TD Paine",
              "runs": {
                "batter": 1,
                "extras": 0,
                "total": 1
              }
            }
          ]
        },
        {
          "over": 3,
          "deliveries": [
            {
              "batter": "MW Hill",
              "bowler": "MT Steketee",
              "non_striker": "TD Paine",
              "runs": {
                "batter": 1,
                "extras": 0,
                "total": 1
              }
            },
            {
              "batter": "TD Paine",
              "bowler": "MT Steketee",
              "non_striker": "MW Hill",
              "runs": {
                "batter": 3,
                "extras": 0,
                "total": 3
              }
            },
            {
              "batter": "MW Hill",
              "bowler": "MT Steketee",
              "non_striker": "TD Paine",
              "runs": {
                "batter": 0,
                "extras": 0,
                "total": 0
              }
            },
            {
              "batter": "MW Hill",
              "bowler": "MT Steketee",
              "non_striker": "TD Paine",
              "runs": {
                "batter": 1,
                "extras": 0,
                "total": 1
              }
            },
            {
              "batter": "TD Paine",
              "bowler": "MT Steketee",
              "non_striker": "MW Hill",
              "runs": {
                "batter": 0,
                "extras": 0,
                "total": 0
              },
              "wickets": [
                {
                  "kind": "caught",
                  "player_out": "TD Paine",
                  "fielders": [
                    {
                      "name": "DT Christian"
                    }
                  ]
                }
              ]
            },
            {
              "batter": "MW Hill",
              "bowler": "MT Steketee",
              "non_striker": "EP Gulbis",
              "runs": {
                "batter": 0,
                "extras": 0,
                "total": 0
              }
            }
          ]
        },
        {
          "over": 4,
          "deliveries": [
            {
              "batter": "EP Gulbis",
              "bowler": "DT Christian",
              "non_striker": "MW Hill",
              "runs": {
                "batter": 0,
                "extras": 0,
                "total": 0
              }
            },
            {
              "batter": "EP Gulbis",
              "bowler": "DT Christian",
              "non_striker": "MW Hill",
              "runs": {
                "batter": 2,
                "extras": 0,
                "total": 2
              }
            },
            {
              "batter": "EP Gulbis",
              "bowler": "DT Christian",
              "non_striker": "MW Hill",
              "runs": {
                "batter": 1,
                "extras": 0,
                "total": 1
              }
            },
            {
              "batter": "MW Hill",
              "bowler": "DT Christian",
              "non_striker": "EP Gulbis",
              "runs": {
                "batter": 4,
                "extras": 0,
                "total": 4
              }
            },
            {
              "batter": "MW Hill",
              "bowler": "DT Christian",
              "non_striker": "EP Gulbis",
              "runs": {
                "batter": 1,
                "extras": 0,
                "total": 1
              }
            },
            {
              "batter": "EP Gulbis",
              "bowler": "DT Christian",
              "non_striker": "MW Hill",
              "runs": {
                "batter": 0,
                "extras": 0,
                "total": 0
              },
              "wickets": [
                {
                  "kind": "caught",
                  "player_out": "EP Gulbis",
                  "fielders": [
                    {
                      "name": "JR Hopes"
                    }
                  ]
                }
              ]
            }
          ]
        },
        {
          "over": 5,
          "deliveries": [
            {
              "batter": "MW Hill",
              "bowler": "MT Steketee",
              "non_striker": "TR Birt",
              "runs": {
                "batter": 1,
                "extras": 0,
                "total": 1
              }
            },
            {
              "batter": "TR Birt",
              "bowler": "MT Steketee",
              "non_striker": "MW Hill",
              "runs": {
                "batter": 1,
                "extras": 0,
                "total": 1
              }
            },
            {
              "batter": "MW Hill",
              "bowler": "MT Steketee",
              "non_striker": "TR Birt",
              "runs": {
                "batter": 4,
                "extras": 0,
                "total": 4
              }
            },
            {
              "batter": "MW Hill",
              "bowler": "MT Steketee",
              "non_striker": "TR Birt",
              "runs": {
                "batter": 1,
                "extras": 0,
                "total": 1
              }
            },
            {
              "batter": "TR Birt",
              "bowler": "MT Steketee",
              "non_striker": "MW Hill",
              "runs": {
                "batter": 4,
                "extras": 0,
                "total": 4
              }
            },
            {
              "batter": "TR Birt",
              "bowler": "MT Steketee",
              "extras": {
                "legbyes": 4
              },
              "non_striker": "MW Hill",
              "runs": {
                "batter": 0,
                "extras": 4,
                "total": 4
              }
            }
          ]
        },
        {
          "over": 6,
          "deliveries": [
            {
              "batter": "MW Hill",
              "bowler": "DT Christian",
              "non_striker": "TR Birt",
              "runs": {
                "batter": 4,
                "extras": 0,
                "total": 4
              }
            },
            {
              "batter": "MW Hill",
              "bowler": "DT Christian",
              "non_striker": "TR Birt",
              "runs": {
                "batter": 0,
                "extras": 0,
                "total": 0
              },
              "wickets": [
                {
                  "kind": "caught",
                  "player_out": "MW Hill",
                  "fielders": [
                    {
                      "name": "SD Parry"
                    }
                  ]
                }
              ]
            },
            {
              "batter": "Shoaib Malik",
              "bowler": "DT Christian",
              "non_striker": "TR Birt",
              "runs": {
                "batter": 1,
                "extras": 0,
                "total": 1
              }
            },
            {
              "batter": "TR Birt",
              "bowler": "DT Christian",
              "non_striker": "Shoaib Malik",
              "runs": {
                "batter": 4,
                "extras": 0,
                "total": 4
              }
            },
            {
              "batter": "TR Birt",
              "bowler": "DT Christian",
              "non_striker": "Shoaib Malik",
              "runs": {
                "batter": 6,
                "extras": 0,
                "total": 6
              }
            },
            {
              "batter": "TR Birt",
              "bowler": "DT Christian",
              "extras": {
                "legbyes": 1
              },
              "non_striker": "Shoaib Malik",
              "runs": {
                "batter": 0,
                "extras": 1,
                "total": 1
              }
            }
          ]
        },
        {
          "over": 7,
          "deliveries": [
            {
              "batter": "TR Birt",
              "bowler": "SD Parry",
              "non_striker": "Shoaib Malik",
              "runs": {
                "batter": 1,
                "extras": 0,
                "total": 1
              }
            },
            {
              "batter": "Shoaib Malik",
              "bowler": "SD Parry",
              "non_striker": "TR Birt",
              "runs": {
                "batter": 0,
                "extras": 0,
                "total": 0
              }
            },
            {
              "batter": "Shoaib Malik",
              "bowler": "SD Parry",
              "non_striker": "TR Birt",
              "runs": {
                "batter": 1,
                "extras": 0,
                "total": 1
              }
            },
            {
              "batter": "TR Birt",
              "bowler": "SD Parry",
              "non_striker": "Shoaib Malik",
              "runs": {
                "batter": 0,
                "extras": 0,
                "total": 0
              },
              "wickets": [
                {
                  "kind": "stumped",
                  "player_out": "TR Birt",
                  "fielders": [
                    {
                      "name": "JJ Peirson"
                    }
                  ]
                }
              ]
            },
            {
              "batter": "JW Wells",
              "bowler": "SD Parry",
              "non_striker": "Shoaib Malik",
              "runs": {
                "batter": 0,
                "extras": 0,
                "total": 0
              }
            },
            {
              "batter": "JW Wells",
              "bowler": "SD Parry",
              "non_striker": "Shoaib Malik",
              "runs": {
                "batter": 0,
                "extras": 0,
                "total": 0
              }
            }
          ]
        },
        {
          "over": 8,
          "deliveries": [
            {
              "batter": "Shoaib Malik",
              "bowler": "BCJ Cutting",
              "non_striker": "JW Wells",
              "runs": {
                "batter": 1,
                "extras": 0,
                "total": 1
              }
            },
            {
              "batter": "JW Wells",
              "bowler": "BCJ Cutting",
              "non_striker": "Shoaib Malik",
              "runs": {
                "batter": 0,
                "extras": 0,
                "total": 0
              }
            },
            {
              "batter": "JW Wells",
              "bowler": "BCJ Cutting",
              "non_striker": "Shoaib Malik",
              "runs": {
                "batter": 0,
                "extras": 0,
                "total": 0
              }
            },
            {
              "batter": "JW Wells",
              "bowler": "BCJ Cutting",
              "non_striker": "Shoaib Malik",
              "runs": {
                "batter": 0,
                "extras": 0,
                "total": 0
              }
            },
            {
              "batter": "JW Wells",
              "bowler": "BCJ Cutting",
              "extras": {
                "wides": 1
              },
              "non_striker": "Shoaib Malik",
              "runs": {
                "batter": 0,
                "extras": 1,
                "total": 1
              }
            },
            {
              "batter": "JW Wells",
              "bowler": "BCJ Cutting",
              "extras": {
                "wides": 1
              },
              "non_striker": "Shoaib Malik",
              "runs": {
                "batter": 0,
                "extras": 1,
                "total": 1
              }
            },
            {
              "batter": "JW Wells",
              "bowler": "BCJ Cutting",
              "non_striker": "Shoaib Malik",
              "runs": {
                "batter": 1,
                "extras": 0,
                "total": 1
              }
            },
            {
              "batter": "Shoaib Malik",
              "bowler": "BCJ Cutting",
              "non_striker": "JW Wells",
              "runs": {
                "batter": 1,
                "extras": 0,
                "total": 1
              }
            }
          ]
        },
        {
          "over": 9,
          "deliveries": [
            {
              "batter": "Shoaib Malik",
              "bowler": "SD Parry",
              "non_striker": "JW Wells",
              "runs": {
                "batter": 4,
                "extras": 0,
                "total": 4
              }
            },
            {
              "batter": "Shoaib Malik",
              "bowler": "SD Parry",
              "non_striker": "JW Wells",
              "runs": {
                "batter": 2,
                "extras": 0,
                "total": 2
              }
            },
            {
              "batter": "Shoaib Malik",
              "bowler": "SD Parry",
              "non_striker": "JW Wells",
              "runs": {
                "batter": 2,
                "extras": 0,
                "total": 2
              }
            },
            {
              "batter": "Shoaib Malik",
              "bowler": "SD Parry",
              "non_striker": "JW Wells",
              "runs": {
                "batter": 1,
                "extras": 0,
                "total": 1
              }
            },
            {
              "batter": "JW Wells",
              "bowler": "SD Parry",
              "non_striker": "Shoaib Malik",
              "runs": {
                "batter": 4,
                "extras": 0,
                "total": 4
              }
            },
            {
              "batter": "JW Wells",
              "bowler": "SD Parry",
              "non_striker": "Shoaib Malik",
              "runs": {
                "batter": 1,
                "extras": 0,
                "total": 1
              }
            }
          ]
        },
        {
          "over": 10,
          "deliveries": [
            {
              "batter": "JW Wells",
              "bowler": "BCJ Cutting",
              "non_striker": "Shoaib Malik",
              "runs": {
                "batter": 0,
                "extras": 0,
                "total": 0
              },
              "wickets": [
                {
                  "kind": "caught",
                  "player_out": "JW Wells",
                  "fielders": [
                    {
                      "name": "A Flintoff"
                    }
                  ]
                }
              ]
            },
            {
              "batter": "Shoaib Malik",
              "bowler": "BCJ Cutting",
              "non_striker": "TT Bresnan",
              "runs": {
                "batter": 0,
                "extras": 0,
                "total": 0
              }
            },
            {
              "batter": "Shoaib Malik",
              "bowler": "BCJ Cutting",
              "non_striker": "TT Bresnan",
              "runs": {
                "batter": 1,
                "extras": 0,
                "total": 1
              }
            },
            {
              "batter": "TT Bresnan",
              "bowler": "BCJ Cutting",
              "non_striker": "Shoaib Malik",
              "runs": {
                "batter": 0,
                "extras": 0,
                "total": 0
              }
            },
            {
              "batter": "TT Bresnan",
              "bowler": "BCJ Cutting",
              "non_striker": "Shoaib Malik",
              "runs": {
                "batter": 1,
                "extras": 0,
                "total": 1
              }
            },
            {
              "batter": "Shoaib Malik",
              "bowler": "BCJ Cutting",
              "non_striker": "TT Bresnan",
              "runs": {
                "batter": 6,
                "extras": 0,
                "total": 6
              }
            }
          ]
        },
        {
          "over": 11,
          "deliveries": [
            {
              "batter": "TT Bresnan",
              "bowler": "A Flintoff",
              "non_striker": "Shoaib Malik",
              "runs": {
                "batter": 1,
                "extras": 0,
                "total": 1
              }
            },
            {
              "batter": "Shoaib Malik",
              "bowler": "A Flintoff",
              "non_striker": "TT Bresnan",
              "runs": {
                "batter": 1,
                "extras": 0,
                "total": 1
              }
            },
            {
              "batter": "TT Bresnan",
              "bowler": "A Flintoff",
              "non_striker": "Shoaib Malik",
              "runs": {
                "batter": 0,
                "extras": 0,
                "total": 0
              }
            },
            {
              "batter": "TT Bresnan",
              "bowler": "A Flintoff",
              "non_striker": "Shoaib Malik",
              "runs": {
                "batter": 0,
                "extras": 0,
                "total": 0
              },
              "wickets": [
                {
                  "kind": "run out",
                  "player_out": "TT Bresnan",
                  "fielders": [
                    {
                      "name": "JJ Peirson"
                    }
                  ]
                }
              ]
            },
            {
              "batter": "BW Hilfenhaus",
              "bowler": "A Flintoff",
              "extras": {
                "legbyes": 1
              },
              "non_striker": "Shoaib Malik",
              "runs": {
                "batter": 0,
                "extras": 1,
                "total": 1
              }
            },
            {
              "batter": "Shoaib Malik",
              "bowler": "A Flintoff",
              "non_striker": "BW Hilfenhaus",
              "runs": {
                "batter": 2,
                "extras": 0,
                "total": 2
              }
            }
          ]
        },
        {
          "over": 12,
          "deliveries": [
            {
              "batter": "BW Hilfenhaus",
              "bowler": "DT Christian",
              "non_striker": "Shoaib Malik",
              "runs": {
                "batter": 4,
                "extras": 0,
                "total": 4
              }
            },
            {
              "batter": "BW Hilfenhaus",
              "bowler": "DT Christian",
              "non_striker": "Shoaib Malik",
              "runs": {
                "batter": 1,
                "extras": 0,
                "total": 1
              }
            },
            {
              "batter": "Shoaib Malik",
              "bowler": "DT Christian",
              "non_striker": "BW Hilfenhaus",
              "runs": {
                "batter": 2,
                "extras": 0,
                "total": 2
              }
            },
            {
              "batter": "Shoaib Malik",
              "bowler": "DT Christian",
              "non_striker": "BW Hilfenhaus",
              "runs": {
                "batter": 6,
                "extras": 0,
                "total": 6
              }
            },
            {
              "batter": "Shoaib Malik",
              "bowler": "DT Christian",
              "non_striker": "BW Hilfenhaus",
              "runs": {
                "batter": 2,
                "extras": 0,
                "total": 2
              }
            },
            {
              "batter": "Shoaib Malik",
              "bowler": "DT Christian",
              "non_striker": "BW Hilfenhaus",
              "runs": {
                "batter": 1,
                "extras": 0,
                "total": 1
              }
            }
          ]
        },
        {
          "over": 13,
          "deliveries": [
            {
              "batter": "Shoaib Malik",
              "bowler": "A Flintoff",
              "non_striker": "BW Hilfenhaus",
              "runs": {
                "batter": 4,
                "extras": 0,
                "total": 4
              }
            },
            {
              "batter": "Shoaib Malik",
              "bowler": "A Flintoff",
              "non_striker": "BW Hilfenhaus",
              "runs": {
                "batter": 1,
                "extras": 0,
                "total": 1
              }
            },
            {
              "batter": "BW Hilfenhaus",
              "bowler": "A Flintoff",
              "non_striker": "Shoaib Malik",
              "runs": {
                "batter": 0,
                "extras": 0,
                "total": 0
              }
            },
            {
              "batter": "BW Hilfenhaus",
              "bowler": "A Flintoff",
              "non_striker": "Shoaib Malik",
              "runs": {
                "batter": 2,
                "extras": 0,
                "total": 2
              }
            },
            {
              "batter": "BW Hilfenhaus",
              "bowler": "A Flintoff",
              "non_striker": "Shoaib Malik",
              "runs": {
                "batter": 2,
                "extras": 0,
                "total": 2
              }
            },
            {
              "batter": "BW Hilfenhaus",
              "bowler": "A Flintoff",
              "non_striker": "Shoaib Malik",
              "runs": {
                "batter": 1,
                "extras": 0,
                "total": 1
              }
            }
          ]
        },
        {
          "over": 14,
          "deliveries": [
            {
              "batter": "BW Hilfenhaus",
              "bowler": "BCJ Cutting",
              "non_striker": "Shoaib Malik",
              "runs": {
                "batter": 1,
                "extras": 0,
                "total": 1
              }
            },
            {
              "batter": "Shoaib Malik",
              "bowler": "BCJ Cutting",
              "non_striker": "BW Hilfenhaus",
              "runs": {
                "batter": 2,
                "extras": 0,
                "total": 2
              }
            },
            {
              "batter": "Shoaib Malik",
              "bowler": "BCJ Cutting",
              "non_striker": "BW Hilfenhaus",
              "runs": {
                "batter": 1,
                "extras": 0,
                "total": 1
              }
            },
            {
              "batter": "BW Hilfenhaus",
              "bowler": "BCJ Cutting",
              "non_striker": "Shoaib Malik",
              "runs": {
                "batter": 6,
                "extras": 0,
                "total": 6
              }
            },
            {
              "batter": "BW Hilfenhaus",
              "bowler": "BCJ Cutting",
              "non_striker": "Shoaib Malik",
              "runs": {
                "batter": 0,
                "extras": 0,
                "total": 0
              }
            },
            {
              "batter": "BW Hilfenhaus",
              "bowler": "BCJ Cutting",
              "non_striker": "Shoaib Malik",
              "runs": {
                "batter": 1,
                "extras": 0,
                "total": 1
              }
            }
          ]
        },
        {
          "over": 15,
          "deliveries": [
            {
              "batter": "BW Hilfenhaus",
              "bowler": "JR Hopes",
              "non_striker": "Shoaib Malik",
              "runs": {
                "batter": 2,
                "extras": 0,
                "total": 2
              }
            },
            {
              "batter": "BW Hilfenhaus",
              "bowler": "JR Hopes",
              "non_striker": "Shoaib Malik",
              "runs": {
                "batter": 2,
                "extras": 0,
                "total": 2
              }
            },
            {
              "batter": "BW Hilfenhaus",
              "bowler": "JR Hopes",
              "non_striker": "Shoaib Malik",
              "runs": {
                "batter": 0,
                "extras": 0,
                "total": 0
              }
            },
            {
              "batter": "BW Hilfenhaus",
              "bowler": "JR Hopes",
              "non_striker": "Shoaib Malik",
              "runs": {
                "batter": 0,
                "extras": 0,
                "total": 0
              }
            },
            {
              "batter": "BW Hilfenhaus",
              "bowler": "JR Hopes",
              "non_striker": "Shoaib Malik",
              "runs": {
                "batter": 1,
                "extras": 0,
                "total": 1
              }
            },
            {
              "batter": "Shoaib Malik",
              "bowler": "JR Hopes",
              "non_striker": "BW Hilfenhaus",
              "runs": {
                "batter": 0,
                "extras": 0,
                "total": 0
              },
              "wickets": [
                {
                  "kind": "caught",
                  "player_out": "Shoaib Malik",
                  "fielders": [
                    {
                      "name": "SD Parry"
                    }
                  ]
                }
              ]
            }
          ]
        },
        {
          "over": 16,
          "deliveries": [
            {
              "batter": "BW Hilfenhaus",
              "bowler": "DT Christian",
              "non_striker": "CJ Boyce",
              "runs": {
                "batter": 0,
                "extras": 0,
                "total": 0
              }
            },
            {
              "batter": "BW Hilfenhaus",
              "bowler": "DT Christian",
              "non_striker": "CJ Boyce",
              "runs": {
                "batter": 0,
                "extras": 0,
                "total": 0
              }
            },
            {
              "batter": "BW Hilfenhaus",
              "bowler": "DT Christian",
              "non_striker": "CJ Boyce",
              "runs": {
                "batter": 1,
                "extras": 0,
                "total": 1
              }
            },
            {
              "batter": "CJ Boyce",
              "bowler": "DT Christian",
              "non_striker": "BW Hilfenhaus",
              "runs": {
                "batter": 1,
                "extras": 0,
                "total": 1
              }
            },
            {
              "batter": "BW Hilfenhaus",
              "bowler": "DT Christian",
              "non_striker": "CJ Boyce",
              "runs": {
                "batter": 6,
                "extras": 0,
                "total": 6
              }
            },
            {
              "batter": "BW Hilfenhaus",
              "bowler": "DT Christian",
              "non_striker": "CJ Boyce",
              "runs": {
                "batter": 1,
                "extras": 0,
                "total": 1
              }
            }
          ]
        },
        {
          "over": 17,
          "deliveries": [
            {
              "batter": "BW Hilfenhaus",
              "bowler": "JR Hopes",
              "non_striker": "CJ Boyce",
              "runs": {
                "batter": 1,
                "extras": 0,
                "total": 1
              }
            },
            {
              "batter": "CJ Boyce",
              "bowler": "JR Hopes",
              "non_striker": "BW Hilfenhaus",
              "runs": {
                "batter": 6,
                "extras": 0,
                "total": 6
              }
            },
            {
              "batter": "CJ Boyce",
              "bowler": "JR Hopes",
              "non_striker": "BW Hilfenhaus",
              "runs": {
                "batter": 4,
                "extras": 0,
                "total": 4
              }
            },
            {
              "batter": "CJ Boyce",
              "bowler": "JR Hopes",
              "non_striker": "BW Hilfenhaus",
              "runs": {
                "batter": 2,
                "extras": 0,
                "total": 2
              }
            },
            {
              "batter": "CJ Boyce",
              "bowler": "JR Hopes",
              "non_striker": "BW Hilfenhaus",
              "runs": {
                "batter": 1,
                "extras": 0,
                "total": 1
              }
            },
            {
              "batter": "BW Hilfenhaus",
              "bowler": "JR Hopes",
              "extras": {
                "legbyes": 1
              },
              "non_striker": "CJ Boyce",
              "runs": {
                "batter": 0,
                "extras": 1,
                "total": 1
              }
            }
          ]
        },
        {
          "over": 18,
          "deliveries": [
            {
              "batter": "BW Hilfenhaus",
              "bowler": "BCJ Cutting",
              "non_striker": "CJ Boyce",
              "runs": {
                "batter": 2,
                "extras": 0,
                "total": 2
              }
            },
            {
              "batter": "BW Hilfenhaus",
              "bowler": "BCJ Cutting",
              "non_striker": "CJ Boyce",
              "runs": {
                "batter": 0,
                "extras": 0,
                "total": 0
              }
            },
            {
              "batter": "BW Hilfenhaus",
              "bowler": "BCJ Cutting",
              "non_striker": "CJ Boyce",
              "runs": {
                "batter": 1,
                "extras": 0,
                "total": 1
              }
            },
            {
              "batter": "CJ Boyce",
              "bowler": "BCJ Cutting",
              "non_striker": "BW Hilfenhaus",
              "runs": {
                "batter": 4,
                "extras": 0,
                "total": 4
              }
            },
            {
              "batter": "CJ Boyce",
              "bowler": "BCJ Cutting",
              "extras": {
                "wides": 1
              },
              "non_striker": "BW Hilfenhaus",
              "runs": {
                "batter": 0,
                "extras": 1,
                "total": 1
              }
            },
            {
              "batter": "CJ Boyce",
              "bowler": "BCJ Cutting",
              "non_striker": "BW Hilfenhaus",
              "runs": {
                "batter": 1,
                "extras": 0,
                "total": 1
              }
            },
            {
              "batter": "BW Hilfenhaus",
              "bowler": "BCJ Cutting",
              "extras": {
                "legbyes": 1
              },
              "non_striker": "CJ Boyce",
              "runs": {
                "batter": 0,
                "extras": 1,
                "total": 1
              }
            }
          ]
        },
        {
          "over": 19,
          "deliveries": [
            {
              "batter": "BW Hilfenhaus",
              "bowler": "MT Steketee",
              "non_striker": "CJ Boyce",
              "runs": {
                "batter": 0,
                "extras": 0,
                "total": 0
              }
            },
            {
              "batter": "BW Hilfenhaus",
              "bowler": "MT Steketee",
              "non_striker": "CJ Boyce",
              "runs": {
                "batter": 2,
                "extras": 0,
                "total": 2
              }
            },
            {
              "batter": "BW Hilfenhaus",
              "bowler": "MT Steketee",
              "extras": {
                "byes": 1
              },
              "non_striker": "CJ Boyce",
              "runs": {
                "batter": 0,
                "extras": 1,
                "total": 1
              }
            },
            {
              "batter": "CJ Boyce",
              "bowler": "MT Steketee",
              "non_striker": "BW Hilfenhaus",
              "runs": {
                "batter": 4,
                "extras": 0,
                "total": 4
              }
            },
            {
              "batter": "CJ Boyce",
              "bowler": "MT Steketee",
              "non_striker": "BW Hilfenhaus",
              "runs": {
                "batter": 1,
                "extras": 0,
                "total": 1
              }
            },
            {
              "batter": "BW Hilfenhaus",
              "bowler": "MT Steketee",
              "non_striker": "CJ Boyce",
              "runs": {
                "batter": 1,
                "extras": 0,
                "total": 1
              }
            }
          ]
        }
      ],
      "powerplays": [
        {
          "from": 0.1,
          "to": 5.6,
          "type": "mandatory"
        }
      ],
      "target": {
        "overs": 20,
        "runs": 199
      }
    }
  ]
}