{
  "meta": {
    "data_version": "1.0.0",
    "created": "2017-04-02",
    "revision": 1
  },
  "info": {
    "balls_per_over": 6,
    "dates": [
      "2015-12-27"
    ],
    "event": {
      "match_number": 10,
      "name": "Big Bash League"
    },
    "gender": "male",
    "match_type": "T20",
    "officials": {
      "match_referees": [
        "DJ Harper"
      ],
      "reserve_umpires": [
        "SA Lightbody"
      ],
      "tv_umpires": [
        "SD Fry"
      ],
      "umpires": [
        "GC Joshua",
        "SJ Nogajski"
      ]
    },
    "outcome": {
      "by": {
        "wickets": 5
      },
      "winner": "Melbourne Stars"
    },
    "overs": 20,
    "player_of_match": [
      "GJ Maxwell"
    ],
    "players": {
      "Melbourne Stars": [
        "MP Stoinis",
        "LJ Wright",
        "GJ Maxwell",
        "PSP Handscomb",
        "DJ Hussey",
        "JP Faulkner",
        "TIF Triffitt",
        "MA Beer",
        "SM Boland",
        "BW Hilfenhaus",
        "A Zampa"
      ],
      "Sydney Sixers": [
        "MJ Lumb",
        "BJ Haddin",
        "NJ Maddinson",
        "MC Henriques",
        "JC Silk",
        "J Botha",
        "SA Abbott",
        "TL Lawford",
        "SNJ O'Keefe",
        "DE Bollinger",
        "JM Bird"
      ]
    },
    "registry": {
      "people": {
        "A Zampa": "14f96089",
        "BJ Haddin": "b0c772ee",
        "BW Hilfenhaus": "f3171936",
        "DE Bollinger": "45c2196c",
        "DJ Harper": "0ec08b27",
        "DJ Hussey": "fd835ab3",
        "GC Joshua": "4c47ebf2",
        "GJ Maxwell": "b681e71e",
        "J Botha": "7c503806",
        "JC Silk": "7a6dc294",
        "JM Bird": "bc773eeb",
        "JP Faulkner": "808f425a",
        "LJ Wright": "cca50cd6",
        "MA Beer": "f60dc2a5",
        "MC Henriques": "32198ae0",
        "MJ Lumb": "11df3dc8",
        "MP Stoinis": "d9273ee7",
        "NJ Maddinson": "44afbf2d",
        "PSP Handscomb": "ada15e88",
        "SA Abbott": "1a2676c5",
        "SA Lightbody": "680b8cbf",
        "SD Fry": "6b725ed1",
        "SJ Nogajski": "9b3f9323",
        "SM Boland": "d167edd3",
        "SNJ O'Keefe": "3540beff",
        "TIF Triffitt": "593513d5",
        "TL Lawford": "e01b6c44"
      }
    },
    "season": "2015/16",
    "team_type": "club",
    "teams": [
      "Sydney Sixers",
      "Melbourne Stars"
    ],
    "toss": {
      "decision": "bat",
      "winner": "Sydney Sixers"
    },
    "venue": "Sydney Cricket Ground"
  },
  "innings": [
    {
      "team": "Sydney Sixers",
      "overs": [
        {
          "over": 0,
          "deliveries": [
            {
              "batter": "MJ Lumb",
              "bowler": "MA Beer",
              "non_striker": "BJ Haddin",
              "runs": {
                "batter": 0,
                "extras": 0,
                "total": 0
              }
            },
            {
              "batter": "MJ Lumb",
              "bowler": "MA Beer",
              "non_striker": "BJ Haddin",
              "runs": {
                "batter": 1,
                "extras": 0,
                "total": 1
              }
            },
            {
              "batter": "BJ Haddin",
              "bowler": "MA Beer",
              "non_striker": "MJ Lumb",
              "runs": {
                "batter": 1,
                "extras": 0,
                "total": 1
              }
            },
            {
              "batter": "MJ Lumb",
              "bowler": "MA Beer",
              "non_striker": "BJ Haddin",
              "runs": {
                "batter": 0,
                "extras": 0,
                "total": 0
              }
            },
            {
              "batter": "MJ Lumb",
              "bowler": "MA Beer",
              "non_striker": "BJ Haddin",
              "runs": {
                "batter": 0,
                "extras": 0,
                "total": 0
              }
            },
            {
              "batter": "MJ Lumb",
              "bowler": "MA Beer",
              "non_striker": "BJ Haddin",
              "runs": {
                "batter": 1,
                "extras": 0,
                "total": 1
              }
            }
          ]
        },
        {
          "over": 1,
          "deliveries": [
            {
              "batter": "MJ Lumb",
              "bowler": "JP Faulkner",
              "non_striker": "BJ Haddin",
              "runs": {
                "batter": 0,
                "extras": 0,
                "total": 0
              }
            },
            {
              "batter": "MJ Lumb",
              "bowler": "JP Faulkner",
              "non_striker": "BJ Haddin",
              "runs": {
                "batter": 4,
                "extras": 0,
                "total": 4
              }
            },
            {
              "batter": "MJ Lumb",
              "bowler": "JP Faulkner",
              "non_striker": "BJ Haddin",
              "runs": {
                "batter": 6,
                "extras": 0,
                "total": 6
              }
            },
            {
              "batter": "MJ Lumb",
              "bowler": "JP Faulkner",
              "non_striker": "BJ Haddin",
              "runs": {
                "batter": 0,
                "extras": 0,
                "total": 0
              }
            },
            {
              "batter": "MJ Lumb",
              "bowler": "JP Faulkner",
              "non_striker": "BJ Haddin",
              "runs": {
                "batter": 3,
                "extras": 0,
                "total": 3
              }
            },
            {
              "batter": "BJ Haddin",
              "bowler": "JP Faulkner",
              "non_striker": "MJ Lumb",
              "runs": {
                "batter": 0,
                "extras": 0,
                "total": 0
              }
            }
          ]
        },
        {
          "over": 2,
          "deliveries": [
            {
              "batter": "MJ Lumb",
              "bowler": "MA Beer",
              "non_striker": "BJ Haddin",
              "runs": {
                "batter": 0,
                "extras": 0,
                "total": 0
              }
            },
            {
              "batter": "MJ Lumb",
              "bowler": "MA Beer",
              "non_striker": "BJ Haddin",
              "runs": {
                "batter": 0,
                "extras": 0,
                "total": 0
              },
              "wickets": [
                {
                  "kind": "lbw",
                  "player_out": "MJ Lumb"
                }
              ]
            },
            {
              "batter": "NJ Maddinson",
              "bowler": "MA Beer",
              "non_striker": "BJ Haddin",
              "runs": {
                "batter": 0,
                "extras": 0,
                "total": 0
              }
            },
            {
              "batter": "NJ Maddinson",
              "bowler": "MA Beer",
              "non_striker": "BJ Haddin",
              "runs": {
                "batter": 1,
                "extras": 0,
                "total": 1
              }
            },
            {
              "batter": "BJ Haddin",
              "bowler": "MA Beer",
              "non_striker": "NJ Maddinson",
              "runs": {
                "batter": 1,
                "extras": 0,
                "total": 1
              }
            },
            {
              "batter": "NJ Maddinson",
              "bowler": "MA Beer",
              "non_striker": "BJ Haddin",
              "runs": {
                "batter": 0,
                "extras": 0,
                "total": 0
              }
            }
          ]
        },
        {
          "over": 3,
          "deliveries": [
            {
              "batter": "BJ Haddin",
              "bowler": "GJ Maxwell",
              "non_striker": "NJ Maddinson",
              "runs": {
                "batter": 0,
                "extras": 0,
                "total": 0
              },
              "wickets": [
                {
                  "kind": "caught",
                  "player_out": "BJ Haddin",
                  "fielders": [
                    {
                      "name": "MA Beer"
                    }
                  ]
                }
              ]
            },
            {
              "batter": "MC Henriques",
              "bowler": "GJ Maxwell",
              "non_striker": "NJ Maddinson",
              "runs": {
                "batter": 1,
                "extras": 0,
                "total": 1
              }
            },
            {
              "batter": "NJ Maddinson",
              "bowler": "GJ Maxwell",
              "non_striker": "MC Henriques",
              "runs": {
                "batter": 0,
                "extras": 0,
                "total": 0
              }
            },
            {
              "batter": "NJ Maddinson",
              "bowler": "GJ Maxwell",
              "non_striker": "MC Henriques",
              "runs": {
                "batter": 1,
                "extras": 0,
                "total": 1
              }
            },
            {
              "batter": "MC Henriques",
              "bowler": "GJ Maxwell",
              "non_striker": "NJ Maddinson",
              "runs": {
                "batter": 1,
                "extras": 0,
                "total": 1
              }
            },
            {
              "batter": "NJ Maddinson",
              "bowler": "GJ Maxwell",
              "non_striker": "MC Henriques",
              "runs": {
                "batter": 0,
                "extras": 0,
                "total": 0
              }
            }
          ]
        },
        {
          "over": 4,
          "deliveries": [
            {
              "batter": "MC Henriques",
              "bowler": "SM Boland",
              "non_striker": "NJ Maddinson",
              "runs": {
                "batter": 4,
                "extras": 0,
                "total": 4
              }
            },
            {
              "batter": "MC Henriques",
              "bowler": "SM Boland",
              "non_striker": "NJ Maddinson",
              "runs": {
                "batter": 4,
                "extras": 0,
                "total": 4
              }
            },
            {
              "batter": "MC Henriques",
              "bowler": "SM Boland",
              "non_striker": "NJ Maddinson",
              "runs": {
                "batter": 0,
                "extras": 0,
                "total": 0
              }
            },
            {
              "batter": "MC Henriques",
              "bowler": "SM Boland",
              "non_striker": "NJ Maddinson",
              "runs": {
                "batter": 0,
                "extras": 0,
                "total": 0
              }
            },
            {
              "batter": "MC Henriques",
              "bowler": "SM Boland",
              "non_striker": "NJ Maddinson",
              "runs": {
                "batter": 0,
                "extras": 0,
                "total": 0
              }
            },
            {
              "batter": "MC Henriques",
              "bowler": "SM Boland",
              "non_striker": "NJ Maddinson",
              "runs": {
                "batter": 1,
                "extras": 0,
                "total": 1
              }
            }
          ]
        },
        {
          "over": 5,
          "deliveries": [
            {
              "batter": "MC Henriques",
              "bowler": "GJ Maxwell",
              "non_striker": "NJ Maddinson",
              "runs": {
                "batter": 4,
                "extras": 0,
                "total": 4
              }
            },
            {
              "batter": "MC Henriques",
              "bowler": "GJ Maxwell",
              "non_striker": "NJ Maddinson",
              "runs": {
                "batter": 2,
                "extras": 0,
                "total": 2
              }
            },
            {
              "batter": "MC Henriques",
              "bowler": "GJ Maxwell",
              "non_striker": "NJ Maddinson",
              "runs": {
                "batter": 1,
                "extras": 0,
                "total": 1
              }
            },
            {
              "batter": "NJ Maddinson",
              "bowler": "GJ Maxwell",
              "non_striker": "MC Henriques",
              "runs": {
                "batter": 1,
                "extras": 0,
                "total": 1
              }
            },
            {
              "batter": "MC Henriques",
              "bowler": "GJ Maxwell",
              "non_striker": "NJ Maddinson",
              "runs": {
                "batter": 1,
                "extras": 0,
                "total": 1
              }
            },
            {
              "batter": "NJ Maddinson",
              "bowler": "GJ Maxwell",
              "non_striker": "MC Henriques",
              "runs": {
                "batter": 1,
                "extras": 0,
                "total": 1
              }
            }
          ]
        },
        {
          "over": 6,
          "deliveries": [
            {
              "batter": "NJ Maddinson",
              "bowler": "A Zampa",
              "non_striker": "MC Henriques",
              "runs": {
                "batter": 1,
                "extras": 0,
                "total": 1
              }
            },
            {
              "batter": "MC Henriques",
              "bowler": "A Zampa",
              "non_striker": "NJ Maddinson",
              "runs": {
                "batter": 0,
                "extras": 0,
                "total": 0
              }
            },
            {
              "batter": "MC Henriques",
              "bowler": "A Zampa",
              "non_striker": "NJ Maddinson",
              "runs": {
                "batter": 0,
                "extras": 0,
                "total": 0
              }
            },
            {
              "batter": "MC Henriques",
              "bowler": "A Zampa",
              "non_striker": "NJ Maddinson",
              "runs": {
                "batter": 3,
                "extras": 0,
                "total": 3
              }
            },
            {
              "batter": "NJ Maddinson",
              "bowler": "A Zampa",
              "non_striker": "MC Henriques",
              "runs": {
                "batter": 1,
                "extras": 0,
                "total": 1
              }
            },
            {
              "batter": "MC Henriques",
              "bowler": "A Zampa",
              "non_striker": "NJ Maddinson",
              "runs": {
                "batter": 0,
                "extras": 0,
                "total": 0
              }
            }
          ]
        },
        {
          "over": 7,
          "deliveries": [
            {
              "batter": "NJ Maddinson",
              "bowler": "GJ Maxwell",
              "non_striker": "MC Henriques",
              "runs": {
                "batter": 1,
                "extras": 0,
                "total": 1
              }
            },
            {
              "batter": "MC Henriques",
              "bowler": "GJ Maxwell",
              "non_striker": "NJ Maddinson",
              "runs": {
                "batter": 1,
                "extras": 0,
                "total": 1
              }
            },
            {
              "batter": "NJ Maddinson",
              "bowler": "GJ Maxwell",
              "non_striker": "MC Henriques",
              "runs": {
                "batter": 1,
                "extras": 0,
                "total": 1
              }
            },
            {
              "batter": "MC Henriques",
              "bowler": "GJ Maxwell",
              "non_striker": "NJ Maddinson",
              "runs": {
                "batter": 1,
                "extras": 0,
                "total": 1
              }
            },
            {
              "batter": "NJ Maddinson",
              "bowler": "GJ Maxwell",
              "non_striker": "MC Henriques",
              "runs": {
                "batter": 1,
                "extras": 0,
                "total": 1
              }
            },
            {
              "batter": "MC Henriques",
              "bowler": "GJ Maxwell",
              "non_striker": "NJ Maddinson",
              "runs": {
                "batter": 1,
                "extras": 0,
                "total": 1
              }
            }
          ]
        },
        {
          "over": 8,
          "deliveries": [
            {
              "batter": "MC Henriques",
              "bowler": "A Zampa",
              "non_striker": "NJ Maddinson",
              "runs": {
                "batter": 1,
                "extras": 0,
                "total": 1
              }
            },
            {
              "batter": "NJ Maddinson",
              "bowler": "A Zampa",
              "non_striker": "MC Henriques",
              "runs": {
                "batter": 0,
                "extras": 0,
                "total": 0
              }
            },
            {
              "batter": "NJ Maddinson",
              "bowler": "A Zampa",
              "non_striker": "MC Henriques",
              "runs": {
                "batter": 1,
                "extras": 0,
                "total": 1
              }
            },
            {
              "batter": "MC Henriques",
              "bowler": "A Zampa",
              "non_striker": "NJ Maddinson",
              "runs": {
                "batter": 1,
                "extras": 0,
                "total": 1
              }
            },
            {
              "batter": "NJ Maddinson",
              "bowler": "A Zampa",
              "non_striker": "MC Henriques",
              "runs": {
                "batter": 1,
                "extras": 0,
                "total": 1
              }
            },
            {
              "batter": "MC Henriques",
              "bowler": "A Zampa",
              "non_striker": "NJ Maddinson",
              "runs": {
                "batter": 4,
                "extras": 0,
                "total": 4
              }
            }
          ]
        },
        {
          "over": 9,
          "deliveries": [
            {
              "batter": "NJ Maddinson",
              "bowler": "GJ Maxwell",
              "non_striker": "MC Henriques",
              "runs": {
                "batter": 1,
                "extras": 0,
                "total": 1
              }
            },
            {
              "batter": "MC Henriques",
              "bowler": "GJ Maxwell",
              "non_striker": "NJ Maddinson",
              "runs": {
                "batter": 0,
                "extras": 0,
                "total": 0
              }
            },
            {
              "batter": "MC Henriques",
              "bowler": "GJ Maxwell",
              "non_striker": "NJ Maddinson",
              "runs": {
                "batter": 2,
                "extras": 0,
                "total": 2
              }
            },
            {
              "batter": "MC Henriques",
              "bowler": "GJ Maxwell",
              "non_striker": "NJ Maddinson",
              "runs": {
                "batter": 1,
                "extras": 0,
                "total": 1
              }
            },
            {
              "batter": "NJ Maddinson",
              "bowler": "GJ Maxwell",
              "non_striker": "MC Henriques",
              "runs": {
                "batter": 6,
                "extras": 0,
                "total": 6
              }
            },
            {
              "batter": "NJ Maddinson",
              "bowler": "GJ Maxwell",
              "non_striker": "MC Henriques",
              "runs": {
                "batter": 6,
                "extras": 0,
                "total": 6
              }
            }
          ]
        },
        {
          "over": 10,
          "deliveries": [
            {
              "batter": "MC Henriques",
              "bowler": "A Zampa",
              "non_striker": "NJ Maddinson",
              "runs": {
                "batter": 0,
                "extras": 0,
                "total": 0
              }
            },
            {
              "batter": "MC Henriques",
              "bowler": "A Zampa",
              "non_striker": "NJ Maddinson",
              "runs": {
                "batter": 0,
                "extras": 0,
                "total": 0
              }
            },
            {
              "batter": "MC Henriques",
              "bowler": "A Zampa",
              "non_striker": "NJ Maddinson",
              "runs": {
                "batter": 1,
                "extras": 0,
                "total": 1
              }
            },
            {
              "batter": "NJ Maddinson",
              "bowler": "A Zampa",
              "non_striker": "MC Henriques",
              "runs": {
                "batter": 1,
                "extras": 0,
                "total": 1
              }
            },
            {
              "batter": "MC Henriques",
              "bowler": "A Zampa",
              "non_striker": "NJ Maddinson",
              "runs": {
                "batter": 1,
                "extras": 0,
                "total": 1
              }
            },
            {
              "batter": "NJ Maddinson",
              "bowler": "A Zampa",
              "non_striker": "MC Henriques",
              "runs": {
                "batter": 0,
                "extras": 0,
                "total": 0
              },
              "wickets": [
                {
                  "kind": "bowled",
                  "player_out": "NJ Maddinson"
                }
              ]
            }
          ]
        },
        {
          "over": 11,
          "deliveries": [
            {
              "batter": "MC Henriques",
              "bowler": "BW Hilfenhaus",
              "non_striker": "JC Silk",
              "runs": {
                "batter": 1,
                "extras": 0,
                "total": 1
              }
            },
            {
              "batter": "JC Silk",
              "bowler": "BW Hilfenhaus",
              "non_striker": "MC Henriques",
              "runs": {
                "batter": 0,
                "extras": 0,
                "total": 0
              }
            },
            {
              "batter": "JC Silk",
              "bowler": "BW Hilfenhaus",
              "non_striker": "MC Henriques",
              "runs": {
                "batter": 1,
                "extras": 0,
                "total": 1
              }
            },
            {
              "batter": "MC Henriques",
              "bowler": "BW Hilfenhaus",
              "non_striker": "JC Silk",
              "runs": {
                "batter": 1,
                "extras": 0,
                "total": 1
              }
            },
            {
              "batter": "JC Silk",
              "bowler": "BW Hilfenhaus",
              "non_striker": "MC Henriques",
              "runs": {
                "batter": 2,
                "extras": 0,
                "total": 2
              }
            },
            {
              "batter": "JC Silk",
              "bowler": "BW Hilfenhaus",
              "non_striker": "MC Henriques",
              "runs": {
                "batter": 1,
                "extras": 0,
                "total": 1
              }
            }
          ]
        },
        {
          "over": 12,
          "deliveries": [
            {
              "batter": "JC Silk",
              "bowler": "MA Beer",
              "non_striker": "MC Henriques",
              "runs": {
                "batter": 1,
                "extras": 0,
                "total": 1
              }
            },
            {
              "batter": "MC Henriques",
              "bowler": "MA Beer",
              "non_striker": "JC Silk",
              "runs": {
                "batter": 0,
                "extras": 0,
                "total": 0
              }
            },
            {
              "batter": "MC Henriques",
              "bowler": "MA Beer",
              "non_striker": "JC Silk",
              "runs": {
                "batter": 2,
                "extras": 0,
                "total": 2
              }
            },
            {
              "batter": "MC Henriques",
              "bowler": "MA Beer",
              "non_striker": "JC Silk",
              "runs": {
                "batter": 1,
                "extras": 0,
                "total": 1
              },
              "wickets": [
                {
                  "kind": "retired hurt",
                  "player_out": "MC Henriques"
                }
              ]
            },
            {
              "batter": "JC Silk",
              "bowler": "MA Beer",
              "non_striker": "J Botha",
              "runs": {
                "batter": 1,
                "extras": 0,
                "total": 1
              }
            },
            {
              "batter": "J Botha",
              "bowler": "MA Beer",
              "non_striker": "JC Silk",
              "runs": {
                "batter": 1,
                "extras": 0,
                "total": 1
              }
            }
          ]
        },
        {
          "over": 13,
          "deliveries": [
            {
              "batter": "J Botha",
              "bowler": "SM Boland",
              "non_striker": "JC Silk",
              "runs": {
                "batter": 1,
                "extras": 0,
                "total": 1
              }
            },
            {
              "batter": "JC Silk",
              "bowler": "SM Boland",
              "non_striker": "J Botha",
              "runs": {
                "batter": 1,
                "extras": 0,
                "total": 1
              }
            },
            {
              "batter": "J Botha",
              "bowler": "SM Boland",
              "non_striker": "JC Silk",
              "runs": {
                "batter": 0,
                "extras": 0,
                "total": 0
              }
            },
            {
              "batter": "J Botha",
              "bowler": "SM Boland",
              "non_striker": "JC Silk",
              "runs": {
                "batter": 0,
                "extras": 0,
                "total": 0
              }
            },
            {
              "batter": "J Botha",
              "bowler": "SM Boland",
              "non_striker": "JC Silk",
              "runs": {
                "batter": 0,
                "extras": 0,
                "total": 0
              }
            },
            {
              "batter": "J Botha",
              "bowler": "SM Boland",
              "non_striker": "JC Silk",
              "runs": {
                "batter": 0,
                "extras": 0,
                "total": 0
              }
            }
          ]
        },
        {
          "over": 14,
          "deliveries": [
            {
              "batter": "JC Silk",
              "bowler": "A Zampa",
              "non_striker": "J Botha",
              "runs": {
                "batter": 2,
                "extras": 0,
                "total": 2
              }
            },
            {
              "batter": "JC Silk",
              "bowler": "A Zampa",
              "non_striker": "J Botha",
              "runs": {
                "batter": 1,
                "extras": 0,
                "total": 1
              }
            },
            {
              "batter": "J Botha",
              "bowler": "A Zampa",
              "non_striker": "JC Silk",
              "runs": {
                "batter": 1,
                "extras": 0,
                "total": 1
              }
            },
            {
              "batter": "JC Silk",
              "bowler": "A Zampa",
              "non_striker": "J Botha",
              "runs": {
                "batter": 0,
                "extras": 0,
                "total": 0
              }
            },
            {
              "batter": "JC Silk",
              "bowler": "A Zampa",
              "non_striker": "J Botha",
              "runs": {
                "batter": 2,
                "extras": 0,
                "total": 2
              }
            },
            {
              "batter": "JC Silk",
              "bowler": "A Zampa",
              "non_striker": "J Botha",
              "runs": {
                "batter": 1,
                "extras": 0,
                "total": 1
              }
            }
          ]
        },
        {
          "over": 15,
          "deliveries": [
            {
              "batter": "JC Silk",
              "bowler": "MA Beer",
              "non_striker": "J Botha",
              "runs": {
                "batter": 1,
                "extras": 0,
                "total": 1
              }
            },
            {
              "batter": "J Botha",
              "bowler": "MA Beer",
              "non_striker": "JC Silk",
              "runs": {
                "batter": 0,
                "extras": 0,
                "total": 0
              }
            },
            {
              "batter": "J Botha",
              "bowler": "MA Beer",
              "non_striker": "JC Silk",
              "runs": {
                "batter": 1,
                "extras": 0,
                "total": 1
              }
            },
            {
              "batter": "JC Silk",
              "bowler": "MA Beer",
              "non_striker": "J Botha",
              "runs": {
                "batter": 1,
                "extras": 0,
                "total": 1
              }
            },
            {
              "batter": "J Botha",
              "bowler": "MA Beer",
              "non_striker": "JC Silk",
              "runs": {
                "batter": 1,
                "extras": 0,
                "total": 1
              }
            },
            {
              "batter": "JC Silk",
              "bowler": "MA Beer",
              "non_striker": "J Botha",
              "runs": {
                "batter": 1,
                "extras": 0,
                "total": 1
              }
            }
          ]
        },
        {
          "over": 16,
          "deliveries": [
            {
              "batter": "JC Silk",
              "bowler": "BW Hilfenhaus",
              "extras": {
                "wides": 1
              },
              "non_striker": "J Botha",
              "runs": {
                "batter": 0,
                "extras": 1,
                "total": 1
              }
            },
            {
              "batter": "JC Silk",
              "bowler": "BW Hilfenhaus",
              "non_striker": "J Botha",
              "runs": {
                "batter": 0,
                "extras": 0,
                "total": 0
              }
            },
            {
              "batter": "JC Silk",
              "bowler": "BW Hilfenhaus",
              "non_striker": "J Botha",
              "runs": {
                "batter": 4,
                "extras": 0,
                "total": 4
              }
            },
            {
              "batter": "JC Silk",
              "bowler": "BW Hilfenhaus",
              "non_striker": "J Botha",
              "runs": {
                "batter": 0,
                "extras": 0,
                "total": 0
              }
            },
            {
              "batter": "JC Silk",
              "bowler": "BW Hilfenhaus",
              "extras": {
                "legbyes": 1
              },
              "non_striker": "J Botha",
              "runs": {
                "batter": 0,
                "extras": 1,
                "total": 1
              }
            },
            {
              "batter": "J Botha",
              "bowler": "BW Hilfenhaus",
              "non_striker": "JC Silk",
              "runs": {
                "batter": 0,
                "extras": 0,
                "total": 0
              }
            },
            {
              "batter": "J Botha",
              "bowler": "BW Hilfenhaus",
              "non_striker": "JC Silk",
              "runs": {
                "batter": 0,
                "extras": 0,
                "total": 0
              },
              "wickets": [
                {
                  "kind": "caught",
                  "player_out": "J Botha",
                  "fielders": [
                    {
                      "name": "LJ Wright"
                    }
                  ]
                }
              ]
            }
          ]
        },
        {
          "over": 17,
          "deliveries": [
            {
              "batter": "SA Abbott",
              "bowler": "SM Boland",
              "non_striker": "JC Silk",
              "runs": {
                "batter": 1,
                "extras": 0,
                "total": 1
              }
            },
            {
              "batter": "JC Silk",
              "bowler": "SM Boland",
              "non_striker": "SA Abbott",
              "runs": {
                "batter": 2,
                "extras": 0,
                "total": 2
              }
            },
            {
              "batter": "JC Silk",
              "bowler": "SM Boland",
              "non_striker": "SA Abbott",
              "runs": {
                "batter": 1,
                "extras": 0,
                "total": 1
              }
            },
            {
              "batter": "SA Abbott",
              "bowler": "SM Boland",
              "non_striker": "JC Silk",
              "runs": {
                "batter": 0,
                "extras": 0,
                "total": 0
              }
            },
            {
              "batter": "SA Abbott",
              "bowler": "SM Boland",
              "non_striker": "JC Silk",
              "runs": {
                "batter": 1,
                "extras": 0,
                "total": 1
              }
            },
            {
              "batter": "JC Silk",
              "bowler": "SM Boland",
              "non_striker": "SA Abbott",
              "runs": {
                "batter": 1,
                "extras": 0,
                "total": 1
              }
            }
          ]
        },
        {
          "over": 18,
          "deliveries": [
            {
              "batter": "JC Silk",
              "bowler": "BW Hilfenhaus",
              "non_striker": "SA Abbott",
              "runs": {
                "batter": 6,
                "extras": 0,
                "total": 6
              }
            },
            {
              "batter": "JC Silk",
              "bowler": "BW Hilfenhaus",
              "non_striker": "SA Abbott",
              "runs": {
                "batter": 1,
                "extras": 0,
                "total": 1
              }
            },
            {
              "batter": "SA Abbott",
              "bowler": "BW Hilfenhaus",
              "non_striker": "JC Silk",
              "runs": {
                "batter": 1,
                "extras": 0,
                "total": 1
              }
            },
            {
              "batter": "JC Silk",
              "bowler": "BW Hilfenhaus",
              "extras": {
                "wides": 1
              },
              "non_striker": "SA Abbott",
              "runs": {
                "batter": 0,
                "extras": 1,
                "total": 1
              }
            },
            {
              "batter": "JC Silk",
              "bowler": "BW Hilfenhaus",
              "non_striker": "SA Abbott",
              "runs": {
                "batter": 0,
                "extras": 0,
                "total": 0
              }
            },
            {
              "batter": "JC Silk",
              "bowler": "BW Hilfenhaus",
              "extras": {
                "noballs": 1
              },
              "non_striker": "SA Abbott",
              "runs": {
                "batter": 2,
                "extras": 1,
                "total": 3
              }
            },
            {
              "batter": "JC Silk",
              "bowler": "BW Hilfenhaus",
              "non_striker": "SA Abbott",
              "runs": {
                "batter": 2,
                "extras": 0,
                "total": 2
              }
            },
            {
              "batter": "JC Silk",
              "bowler": "BW Hilfenhaus",
              "non_striker": "SA Abbott",
              "runs": {
                "batter": 0,
                "extras": 0,
                "total": 0
              },
              "wickets": [
                {
                  "kind": "lbw",
                  "player_out": "JC Silk"
                }
              ]
            }
          ]
        },
        {
          "over": 19,
          "deliveries": [
            {
              "batter": "SA Abbott",
              "bowler": "SM Boland",
              "non_striker": "TL Lawford",
              "runs": {
                "batter": 2,
                "extras": 0,
                "total": 2
              }
            },
            {
              "batter": "SA Abbott",
              "bowler": "SM Boland",
              "non_striker": "TL Lawford",
              "runs": {
                "batter": 2,
                "extras": 0,
                "total": 2
              }
            },
            {
              "batter": "SA Abbott",
              "bowler": "SM Boland",
              "non_striker": "TL Lawford",
              "runs": {
                "batter": 0,
                "extras": 0,
                "total": 0
              },
              "wickets": [
                {
                  "kind": "caught",
                  "player_out": "SA Abbott",
                  "fielders": [
                    {
                      "name": "LJ Wright"
                    }
                  ]
                }
              ]
            },
            {
              "batter": "TL Lawford",
              "bowler": "SM Boland",
              "non_striker": "SNJ O'Keefe",
              "runs": {
                "batter": 2,
                "extras": 0,
                "total": 2
              }
            },
            {
              "batter": "TL Lawford",
              "bowler": "SM Boland",
              "non_striker": "SNJ O'Keefe",
              "runs": {
                "batter": 1,
                "extras": 0,
                "total": 1
              }
            },
            {
              "batter": "SNJ O'Keefe",
              "bowler": "SM Boland",
              "non_striker": "TL Lawford",
              "runs": {
                "batter": 2,
                "extras": 0,
                "total": 2
              }
            }
          ]
        }
      ],
      "powerplays": [
        {
          "from": 0.1,
          "to": 5.6,
          "type": "mandatory"
        }
      ]
    },
    {
      "team": "Melbourne Stars",
      "overs": [
        {
          "over": 0,
          "deliveries": [
            {
              "batter": "MP Stoinis",
              "bowler": "SNJ O'Keefe",
              "non_striker": "LJ Wright",
              "runs": {
                "batter": 0,
                "extras": 0,
                "total": 0
              }
            },
            {
              "batter": "MP Stoinis",
              "bowler": "SNJ O'Keefe",
              "non_striker": "LJ Wright",
              "runs": {
                "batter": 0,
                "extras": 0,
                "total": 0
              }
            },
            {
              "batter": "MP Stoinis",
              "bowler": "SNJ O'Keefe",
              "non_striker": "LJ Wright",
              "runs": {
                "batter": 0,
                "extras": 0,
                "total": 0
              },
              "wickets": [
                {
                  "kind": "bowled",
                  "player_out": "MP Stoinis"
                }
              ]
            },
            {
              "batter": "GJ Maxwell",
              "bowler": "SNJ O'Keefe",
              "non_striker": "LJ Wright",
              "runs": {
                "batter": 3,
                "extras": 0,
                "total": 3
              }
            },
            {
              "batter": "LJ Wright",
              "bowler": "SNJ O'Keefe",
              "non_striker": "GJ Maxwell",
              "runs": {
                "batter": 0,
                "extras": 0,
                "total": 0
              }
            },
            {
              "batter": "LJ Wright",
              "bowler": "SNJ O'Keefe",
              "non_striker": "GJ Maxwell",
              "runs": {
                "batter": 1,
                "extras": 0,
                "total": 1
              }
            }
          ]
        },
        {
          "over": 1,
          "deliveries": [
            {
              "batter": "LJ Wright",
              "bowler": "JM Bird",
              "non_striker": "GJ Maxwell",
              "runs": {
                "batter": 0,
                "extras": 0,
                "total": 0
              }
            },
            {
              "batter": "LJ Wright",
              "bowler": "JM Bird",
              "non_striker": "GJ Maxwell",
              "runs": {
                "batter": 0,
                "extras": 0,
                "total": 0
              }
            },
            {
              "batter": "LJ Wright",
              "bowler": "JM Bird",
              "non_striker": "GJ Maxwell",
              "runs": {
                "batter": 0,
                "extras": 0,
                "total": 0
              }
            },
            {
              "batter": "LJ Wright",
              "bowler": "JM Bird",
              "non_striker": "GJ Maxwell",
              "runs": {
                "batter": 0,
                "extras": 0,
                "total": 0
              }
            },
            {
              "batter": "LJ Wright",
              "bowler": "JM Bird",
              "non_striker": "GJ Maxwell",
              "runs": {
                "batter": 0,
                "extras": 0,
                "total": 0
              }
            },
            {
              "batter": "LJ Wright",
              "bowler": "JM Bird",
              "non_striker": "GJ Maxwell",
              "runs": {
                "batter": 0,
                "extras": 0,
                "total": 0
              }
            }
          ]
        },
        {
          "over": 2,
          "deliveries": [
            {
              "batter": "GJ Maxwell",
              "bowler": "DE Bollinger",
              "non_striker": "LJ Wright",
              "runs": {
                "batter": 2,
                "extras": 0,
                "total": 2
              }
            },
            {
              "batter": "GJ Maxwell",
              "bowler": "DE Bollinger",
              "non_striker": "LJ Wright",
              "runs": {
                "batter": 2,
                "extras": 0,
                "total": 2
              }
            },
            {
              "batter": "GJ Maxwell",
              "bowler": "DE Bollinger",
              "extras": {
                "legbyes": 1
              },
              "non_striker": "LJ Wright",
              "runs": {
                "batter": 0,
                "extras": 1,
                "total": 1
              }
            },
            {
              "batter": "LJ Wright",
              "bowler": "DE Bollinger",
              "non_striker": "GJ Maxwell",
              "runs": {
                "batter": 0,
                "extras": 0,
                "total": 0
              }
            },
            {
              "batter": "LJ Wright",
              "bowler": "DE Bollinger",
              "non_striker": "GJ Maxwell",
              "runs": {
                "batter": 4,
                "extras": 0,
                "total": 4
              }
            },
            {
              "batter": "LJ Wright",
              "bowler": "DE Bollinger",
              "non_striker": "GJ Maxwell",
              "runs": {
                "batter": 0,
                "extras": 0,
                "total": 0
              }
            }
          ]
        },
        {
          "over": 3,
          "deliveries": [
            {
              "batter": "GJ Maxwell",
              "bowler": "SNJ O'Keefe",
              "non_striker": "LJ Wright",
              "runs": {
                "batter": 2,
                "extras": 0,
                "total": 2
              }
            },
            {
              "batter": "GJ Maxwell",
              "bowler": "SNJ O'Keefe",
              "non_striker": "LJ Wright",
              "runs": {
                "batter": 1,
                "extras": 0,
                "total": 1
              }
            },
            {
              "batter": "LJ Wright",
              "bowler": "SNJ O'Keefe",
              "extras": {
                "legbyes": 1
              },
              "non_striker": "GJ Maxwell",
              "runs": {
                "batter": 0,
                "extras": 1,
                "total": 1
              }
            },
            {
              "batter": "GJ Maxwell",
              "bowler": "SNJ O'Keefe",
              "non_striker": "LJ Wright",
              "runs": {
                "batter": 0,
                "extras": 0,
                "total": 0
              }
            },
            {
              "batter": "GJ Maxwell",
              "bowler": "SNJ O'Keefe",
              "non_striker": "LJ Wright",
              "runs": {
                "batter": 1,
                "extras": 0,
                "total": 1
              }
            },
            {
              "batter": "LJ Wright",
              "bowler": "SNJ O'Keefe",
              "non_striker": "GJ Maxwell",
              "runs": {
                "batter": 1,
                "extras": 0,
                "total": 1
              }
            }
          ]
        },
        {
          "over": 4,
          "deliveries": [
            {
              "batter": "LJ Wright",
              "bowler": "JM Bird",
              "non_striker": "GJ Maxwell",
              "runs": {
                "batter": 2,
                "extras": 0,
                "total": 2
              }
            },
            {
              "batter": "LJ Wright",
              "bowler": "JM Bird",
              "non_striker": "GJ Maxwell",
              "runs": {
                "batter": 0,
                "extras": 0,
                "total": 0
              },
              "wickets": [
                {
                  "kind": "caught",
                  "player_out": "LJ Wright",
                  "fielders": [
                    {
                      "name": "SNJ O'Keefe"
                    }
                  ]
                }
              ]
            },
            {
              "batter": "GJ Maxwell",
              "bowler": "JM Bird",
              "non_striker": "PSP Handscomb",
              "runs": {
                "batter": 1,
                "extras": 0,
                "total": 1
              }
            },
            {
              "batter": "PSP Handscomb",
              "bowler": "JM Bird",
              "non_striker": "GJ Maxwell",
              "runs": {
                "batter": 0,
                "extras": 0,
                "total": 0
              }
            },
            {
              "batter": "PSP Handscomb",
              "bowler": "JM Bird",
              "non_striker": "GJ Maxwell",
              "runs": {
                "batter": 0,
                "extras": 0,
                "total": 0
              }
            },
            {
              "batter": "PSP Handscomb",
              "bowler": "JM Bird",
              "non_striker": "GJ Maxwell",
              "runs": {
                "batter": 0,
                "extras": 0,
                "total": 0
              }
            }
          ]
        },
        {
          "over": 5,
          "deliveries": [
            {
              "batter": "GJ Maxwell",
              "bowler": "TL Lawford",
              "non_striker": "PSP Handscomb",
              "runs": {
                "batter": 1,
                "extras": 0,
                "total": 1
              }
            },
            {
              "batter": "PSP Handscomb",
              "bowler": "TL Lawford",
              "non_striker": "GJ Maxwell",
              "runs": {
                "batter": 0,
                "extras": 0,
                "total": 0
              }
            },
            {
              "batter": "PSP Handscomb",
              "bowler": "TL Lawford",
              "non_striker": "GJ Maxwell",
              "runs": {
                "batter": 2,
                "extras": 0,
                "total": 2
              }
            },
            {
              "batter": "PSP Handscomb",
              "bowler": "TL Lawford",
              "non_striker": "GJ Maxwell",
              "runs": {
                "batter": 0,
                "extras": 0,
                "total": 0
              }
            },
            {
              "batter": "PSP Handscomb",
              "bowler": "TL Lawford",
              "non_striker": "GJ Maxwell",
              "runs": {
                "batter": 4,
                "extras": 0,
                "total": 4
              }
            },
            {
              "batter": "PSP Handscomb",
              "bowler": "TL Lawford",
              "non_striker": "GJ Maxwell",
              "runs": {
                "batter": 2,
                "extras": 0,
                "total": 2
              }
            }
          ]
        },
        {
          "over": 6,
          "deliveries": [
            {
              "batter": "GJ Maxwell",
              "bowler": "JM Bird",
              "non_striker": "PSP Handscomb",
              "runs": {
                "batter": 1,
                "extras": 0,
                "total": 1
              }
            },
            {
              "batter": "PSP Handscomb",
              "bowler": "JM Bird",
              "non_striker": "GJ Maxwell",
              "runs": {
                "batter": 4,
                "extras": 0,
                "total": 4
              }
            },
            {
              "batter": "PSP Handscomb",
              "bowler": "JM Bird",
              "non_striker": "GJ Maxwell",
              "runs": {
                "batter": 0,
                "extras": 0,
                "total": 0
              }
            },
            {
              "batter": "PSP Handscomb",
              "bowler": "JM Bird",
              "non_striker": "GJ Maxwell",
              "runs": {
                "batter": 1,
                "extras": 0,
                "total": 1
              }
            },
            {
              "batter": "GJ Maxwell",
              "bowler": "JM Bird",
              "non_striker": "PSP Handscomb",
              "runs": {
                "batter": 4,
                "extras": 0,
                "total": 4
              }
            },
            {
              "batter": "GJ Maxwell",
              "bowler": "JM Bird",
              "non_striker": "PSP Handscomb",
              "runs": {
                "batter": 0,
                "extras": 0,
                "total": 0
              }
            }
          ]
        },
        {
          "over": 7,
          "deliveries": [
            {
              "batter": "PSP Handscomb",
              "bowler": "J Botha",
              "non_striker": "GJ Maxwell",
              "runs": {
                "batter": 1,
                "extras": 0,
                "total": 1
              }
            },
            {
              "batter": "GJ Maxwell",
              "bowler": "J Botha",
              "non_striker": "PSP Handscomb",
              "runs": {
                "batter": 1,
                "extras": 0,
                "total": 1
              }
            },
            {
              "batter": "PSP Handscomb",
              "bowler": "J Botha",
              "non_striker": "GJ Maxwell",
              "runs": {
                "batter": 2,
                "extras": 0,
                "total": 2
              }
            },
            {
              "batter": "PSP Handscomb",
              "bowler": "J Botha",
              "non_striker": "GJ Maxwell",
              "runs": {
                "batter": 1,
                "extras": 0,
                "total": 1
              }
            },
            {
              "batter": "GJ Maxwell",
              "bowler": "J Botha",
              "non_striker": "PSP Handscomb",
              "runs": {
                "batter": 1,
                "extras": 0,
                "total": 1
              }
            },
            {
              "batter": "PSP Handscomb",
              "bowler": "J Botha",
              "non_striker": "GJ Maxwell",
              "runs": {
                "batter": 1,
                "extras": 0,
                "total": 1
              }
            }
          ]
        },
        {
          "over": 8,
          "deliveries": [
            {
              "batter": "PSP Handscomb",
              "bowler": "SA Abbott",
              "non_striker": "GJ Maxwell",
              "runs": {
                "batter": 1,
                "extras": 0,
                "total": 1
              }
            },
            {
              "batter": "GJ Maxwell",
              "bowler": "SA Abbott",
              "extras": {
                "legbyes": 1
              },
              "non_striker": "PSP Handscomb",
              "runs": {
                "batter": 0,
                "extras": 1,
                "total": 1
              }
            },
            {
              "batter": "PSP Handscomb",
              "bowler": "SA Abbott",
              "non_striker": "GJ Maxwell",
              "runs": {
                "batter": 1,
                "extras": 0,
                "total": 1
              }
            },
            {
              "batter": "GJ Maxwell",
              "bowler": "SA Abbott",
              "non_striker": "PSP Handscomb",
              "runs": {
                "batter": 0,
                "extras": 0,
                "total": 0
              }
            },
            {
              "batter": "GJ Maxwell",
              "bowler": "SA Abbott",
              "non_striker": "PSP Handscomb",
              "runs": {
                "batter": 1,
                "extras": 0,
                "total": 1
              }
            },
            {
              "batter": "PSP Handscomb",
              "bowler": "SA Abbott",
              "non_striker": "GJ Maxwell",
              "runs": {
                "batter": 1,
                "extras": 0,
                "total": 1
              }
            }
          ]
        },
        {
          "over": 9,
          "deliveries": [
            {
              "batter": "PSP Handscomb",
              "bowler": "J Botha",
              "non_striker": "GJ Maxwell",
              "runs": {
                "batter": 0,
                "extras": 0,
                "total": 0
              }
            },
            {
              "batter": "PSP Handscomb",
              "bowler": "J Botha",
              "non_striker": "GJ Maxwell",
              "runs": {
                "batter": 1,
                "extras": 0,
                "total": 1
              }
            },
            {
              "batter": "GJ Maxwell",
              "bowler": "J Botha",
              "non_striker": "PSP Handscomb",
              "runs": {
                "batter": 2,
                "extras": 0,
                "total": 2
              }
            },
            {
              "batter": "GJ Maxwell",
              "bowler": "J Botha",
              "non_striker": "PSP Handscomb",
              "runs": {
                "batter": 4,
                "extras": 0,
                "total": 4
              }
            },
            {
              "batter": "GJ Maxwell",
              "bowler": "J Botha",
              "non_striker": "PSP Handscomb",
              "runs": {
                "batter": 4,
                "extras": 0,
                "total": 4
              }
            },
            {
              "batter": "GJ Maxwell",
              "bowler": "J Botha",
              "non_striker": "PSP Handscomb",
              "runs": {
                "batter": 0,
                "extras": 0,
                "total": 0
              }
            }
          ]
        },
        {
          "over": 10,
          "deliveries": [
            {
              "batter": "PSP Handscomb",
              "bowler": "SA Abbott",
              "non_striker": "GJ Maxwell",
              "runs": {
                "batter": 1,
                "extras": 0,
                "total": 1
              }
            },
            {
              "batter": "GJ Maxwell",
              "bowler": "SA Abbott",
              "non_striker": "PSP Handscomb",
              "runs": {
                "batter": 1,
                "extras": 0,
                "total": 1
              }
            },
            {
              "batter": "PSP Handscomb",
              "bowler": "SA Abbott",
              "non_striker": "GJ Maxwell",
              "runs": {
                "batter": 4,
                "extras": 0,
                "total": 4
              }
            },
            {
              "batter": "PSP Handscomb",
              "bowler": "SA Abbott",
              "non_striker": "GJ Maxwell",
              "runs": {
                "batter": 1,
                "extras": 0,
                "total": 1
              }
            },
            {
              "batter": "GJ Maxwell",
              "bowler": "SA Abbott",
              "non_striker": "PSP Handscomb",
              "runs": {
                "batter": 1,
                "extras": 0,
                "total": 1
              }
            },
            {
              "batter": "PSP Handscomb",
              "bowler": "SA Abbott",
              "non_striker": "GJ Maxwell",
              "runs": {
                "batter": 4,
                "extras": 0,
                "total": 4
              }
            }
          ]
        },
        {
          "over": 11,
          "deliveries": [
            {
              "batter": "GJ Maxwell",
              "bowler": "DE Bollinger",
              "non_striker": "PSP Handscomb",
              "runs": {
                "batter": 1,
                "extras": 0,
                "total": 1
              }
            },
            {
              "batter": "PSP Handscomb",
              "bowler": "DE Bollinger",
              "non_striker": "GJ Maxwell",
              "runs": {
                "batter": 0,
                "extras": 0,
                "total": 0
              }
            },
            {
              "batter": "PSP Handscomb",
              "bowler": "DE Bollinger",
              "extras": {
                "wides": 1
              },
              "non_striker": "GJ Maxwell",
              "runs": {
                "batter": 0,
                "extras": 1,
                "total": 1
              }
            },
            {
              "batter": "PSP Handscomb",
              "bowler": "DE Bollinger",
              "non_striker": "GJ Maxwell",
              "runs": {
                "batter": 1,
                "extras": 0,
                "total": 1
              }
            },
            {
              "batter": "GJ Maxwell",
              "bowler": "DE Bollinger",
              "non_striker": "PSP Handscomb",
              "runs": {
                "batter": 1,
                "extras": 0,
                "total": 1
              }
            },
            {
              "batter": "PSP Handscomb",
              "bowler": "DE Bollinger",
              "non_striker": "GJ Maxwell",
              "runs": {
                "batter": 1,
                "extras": 0,
                "total": 1
              }
            },
            {
              "batter": "GJ Maxwell",
              "bowler": "DE Bollinger",
              "non_striker": "PSP Handscomb",
              "runs": {
                "batter": 1,
                "extras": 0,
                "total": 1
              }
            }
          ]
        },
        {
          "over": 12,
          "deliveries": [
            {
              "batter": "GJ Maxwell",
              "bowler": "SA Abbott",
              "non_striker": "PSP Handscomb",
              "runs": {
                "batter": 1,
                "extras": 0,
                "total": 1
              }
            },
            {
              "batter": "PSP Handscomb",
              "bowler": "SA Abbott",
              "non_striker": "GJ Maxwell",
              "runs": {
                "batter": 0,
                "extras": 0,
                "total": 0
              }
            },
            {
              "batter": "PSP Handscomb",
              "bowler": "SA Abbott",
              "non_striker": "GJ Maxwell",
              "runs": {
                "batter": 3,
                "extras": 0,
                "total": 3
              }
            },
            {
              "batter": "GJ Maxwell",
              "bowler": "SA Abbott",
              "non_striker": "PSP Handscomb",
              "runs": {
                "batter": 1,
                "extras": 0,
                "total": 1
              }
            },
            {
              "batter": "PSP Handscomb",
              "bowler": "SA Abbott",
              "non_striker": "GJ Maxwell",
              "runs": {
                "batter": 2,
                "extras": 0,
                "total": 2
              }
            },
            {
              "batter": "PSP Handscomb",
              "bowler": "SA Abbott",
              "non_striker": "GJ Maxwell",
              "runs": {
                "batter": 0,
                "extras": 0,
                "total": 0
              }
            }
          ]
        },
        {
          "over": 13,
          "deliveries": [
            {
              "batter": "GJ Maxwell",
              "bowler": "SNJ O'Keefe",
              "non_striker": "PSP Handscomb",
              "runs": {
                "batter": 1,
                "extras": 0,
                "total": 1
              }
            },
            {
              "batter": "PSP Handscomb",
              "bowler": "SNJ O'Keefe",
              "non_striker": "GJ Maxwell",
              "runs": {
                "batter": 1,
                "extras": 0,
                "total": 1
              }
            },
            {
              "batter": "GJ Maxwell",
              "bowler": "SNJ O'Keefe",
              "non_striker": "PSP Handscomb",
              "runs": {
                "batter": 1,
                "extras": 0,
                "total": 1
              }
            },
            {
              "batter": "PSP Handscomb",
              "bowler": "SNJ O'Keefe",
              "non_striker": "GJ Maxwell",
              "runs": {
                "batter": 1,
                "extras": 0,
                "total": 1
              }
            },
            {
              "batter": "GJ Maxwell",
              "bowler": "SNJ O'Keefe",
              "non_striker": "PSP Handscomb",
              "runs": {
                "batter": 4,
                "extras": 0,
                "total": 4
              }
            },
            {
              "batter": "GJ Maxwell",
              "bowler": "SNJ O'Keefe",
              "non_striker": "PSP Handscomb",
              "runs": {
                "batter": 1,
                "extras": 0,
                "total": 1
              }
            }
          ]
        },
        {
          "over": 14,
          "deliveries": [
            {
              "batter": "GJ Maxwell",
              "bowler": "DE Bollinger",
              "non_striker": "PSP Handscomb",
              "runs": {
                "batter": 1,
                "extras": 0,
                "total": 1
              }
            },
            {
              "batter": "PSP Handscomb",
              "bowler": "DE Bollinger",
              "non_striker": "GJ Maxwell",
              "runs": {
                "batter": 1,
                "extras": 0,
                "total": 1
              }
            },
            {
              "batter": "GJ Maxwell",
              "bowler": "DE Bollinger",
              "non_striker": "PSP Handscomb",
              "runs": {
                "batter": 4,
                "extras": 0,
                "total": 4
              }
            },
            {
              "batter": "GJ Maxwell",
              "bowler": "DE Bollinger",
              "non_striker": "PSP Handscomb",
              "runs": {
                "batter": 0,
                "extras": 0,
                "total": 0
              },
              "wickets": [
                {
                  "kind": "caught",
                  "player_out": "GJ Maxwell",
                  "fielders": [
                    {
                      "name": "MJ Lumb"
                    }
                  ]
                }
              ]
            },
            {
              "batter": "DJ Hussey",
              "bowler": "DE Bollinger",
              "non_striker": "PSP Handscomb",
              "runs": {
                "batter": 2,
                "extras": 0,
                "total": 2
              }
            },
            {
              "batter": "DJ Hussey",
              "bowler": "DE Bollinger",
              "non_striker": "PSP Handscomb",
              "runs": {
                "batter": 4,
                "extras": 0,
                "total": 4
              }
            }
          ]
        },
        {
          "over": 15,
          "deliveries": [
            {
              "batter": "PSP Handscomb",
              "bowler": "SNJ O'Keefe",
              "non_striker": "DJ Hussey",
              "runs": {
                "batter": 1,
                "extras": 0,
                "total": 1
              }
            },
            {
              "batter": "DJ Hussey",
              "bowler": "SNJ O'Keefe",
              "non_striker": "PSP Handscomb",
              "runs": {
                "batter": 1,
                "extras": 0,
                "total": 1
              }
            },
            {
              "batter": "PSP Handscomb",
              "bowler": "SNJ O'Keefe",
              "non_striker": "DJ Hussey",
              "runs": {
                "batter": 1,
                "extras": 0,
                "total": 1
              }
            },
            {
              "batter": "DJ Hussey",
              "bowler": "SNJ O'Keefe",
              "non_striker": "PSP Handscomb",
              "runs": {
                "batter": 1,
                "extras": 0,
                "total": 1
              }
            },
            {
              "batter": "PSP Handscomb",
              "bowler": "SNJ O'Keefe",
              "non_striker": "DJ Hussey",
              "runs": {
                "batter": 1,
                "extras": 0,
                "total": 1
              }
            },
            {
              "batter": "DJ Hussey",
              "bowler": "SNJ O'Keefe",
              "non_striker": "PSP Handscomb",
              "runs": {
                "batter": 1,
                "extras": 0,
                "total": 1
              }
            }
          ]
        },
        {
          "over": 16,
          "deliveries": [
            {
              "batter": "DJ Hussey",
              "bowler": "TL Lawford",
              "non_striker": "PSP Handscomb",
              "runs": {
                "batter": 1,
                "extras": 0,
                "total": 1
              }
            },
            {
              "batter": "PSP Handscomb",
              "bowler": "TL Lawford",
              "non_striker": "DJ Hussey",
              "runs": {
                "batter": 1,
                "extras": 0,
                "total": 1
              }
            },
            {
              "batter": "DJ Hussey",
              "bowler": "TL Lawford",
              "non_striker": "PSP Handscomb",
              "runs": {
                "batter": 6,
                "extras": 0,
                "total": 6
              }
            },
            {
              "batter": "DJ Hussey",
              "bowler": "TL Lawford",
              "non_striker": "PSP Handscomb",
              "runs": {
                "batter": 2,
                "extras": 0,
                "total": 2
              }
            },
            {
              "batter": "DJ Hussey",
              "bowler": "TL Lawford",
              "non_striker": "PSP Handscomb",
              "runs": {
                "batter": 2,
                "extras": 0,
                "total": 2
              }
            },
            {
              "batter": "DJ Hussey",
              "bowler": "TL Lawford",
              "extras": {
                "legbyes": 1
              },
              "non_striker": "PSP Handscomb",
              "runs": {
                "batter": 0,
                "extras": 1,
                "total": 1
              }
            }
          ]
        },
        {
          "over": 17,
          "deliveries": [
            {
              "batter": "DJ Hussey",
              "bowler": "SA Abbott",
              "non_striker": "PSP Handscomb",
              "runs": {
                "batter": 1,
                "extras": 0,
                "total": 1
              }
            },
            {
              "batter": "PSP Handscomb",
              "bowler": "SA Abbott",
              "non_striker": "DJ Hussey",
              "runs": {
                "batter": 6,
                "extras": 0,
                "total": 6
              }
            },
            {
              "batter": "PSP Handscomb",
              "bowler": "SA Abbott",
              "non_striker": "DJ Hussey",
              "runs": {
                "batter": 0,
                "extras": 0,
                "total": 0
              },
              "wickets": [
                {
                  "kind": "caught",
                  "player_out": "PSP Handscomb",
                  "fielders": [
                    {
                      "name": "J Botha"
                    }
                  ]
                }
              ]
            },
            {
              "batter": "DJ Hussey",
              "bowler": "SA Abbott",
              "non_striker": "JP Faulkner",
              "runs": {
                "batter": 2,
                "extras": 0,
                "total": 2
              }
            },
            {
              "batter": "DJ Hussey",
              "bowler": "SA Abbott",
              "non_striker": "JP Faulkner",
              "runs": {
                "batter": 0,
                "extras": 0,
                "total": 0
              }
            },
            {
              "batter": "DJ Hussey",
              "bowler": "SA Abbott",
              "non_striker": "JP Faulkner",
              "runs": {
                "batter": 0,
                "extras": 0,
                "total": 0
              }
            }
          ]
        },
        {
          "over": 18,
          "deliveries": [
            {
              "batter": "JP Faulkner",
              "bowler": "DE Bollinger",
              "non_striker": "DJ Hussey",
              "runs": {
                "batter": 0,
                "extras": 0,
                "total": 0
              },
              "wickets": [
                {
                  "kind": "caught",
                  "player_out": "JP Faulkner",
                  "fielders": [
                    {
                      "name": "BJ Haddin"
                    }
                  ]
                }
              ]
            },
            {
              "batter": "DJ Hussey",
              "bowler": "DE Bollinger",
              "non_striker": "TIF Triffitt",
              "runs": {
                "batter": 1,
                "extras": 0,
                "total": 1
              }
            },
            {
              "batter": "TIF Triffitt",
              "bowler": "DE Bollinger",
              "non_striker": "DJ Hussey",
              "runs": {
                "batter": 0,
                "extras": 0,
                "total": 0
              }
            },
            {
              "batter": "TIF Triffitt",
              "bowler": "DE Bollinger",
              "non_striker": "DJ Hussey",
              "runs": {
                "batter": 4,
                "extras": 0,
                "total": 4
              }
            }
          ]
        }
      ],
      "powerplays": [
        {
          "from": 0.1,
          "to": 5.6,
          "type": "mandatory"
        }
      ],
      "target": {
        "overs": 20,
        "runs": 140
      }
    }
  ]
}