{
  "meta": {
    "data_version": "1.0.0",
    "created": "2017-04-02",
    "revision": 1
  },
  "info": {
    "balls_per_over": 6,
    "dates": [
      "2015-12-31"
    ],
    "event": {
      "match_number": 14,
      "name": "Big Bash League"
    },
    "gender": "male",
    "match_type": "T20",
    "officials": {
      "match_referees": [
        "DJ Harper"
      ],
      "reserve_umpires": [
        "C Thomas"
      ],
      "tv_umpires": [
        "MD Martell"
      ],
      "umpires": [
        "SD Fry",
        "P Wilson"
      ]
    },
    "outcome": {
      "by": {
        "wickets": 5
      },
      "winner": "Adelaide Strikers"
    },
    "overs": 20,
    "player_of_match": [
      "TM Head"
    ],
    "players": {
      "Adelaide Strikers": [
        "CJ Simmons",
        "TP Ludeman",
        "DPMD Jayawardene",
        "TM Head",
        "BJ Hodge",
        "AI Ross",
        "AU Rashid",
        "HP Kingston",
        "KW Richardson",
        "B Laughlin",
        "JM Holland"
      ],
      "Sydney Sixers": [
        "EJM Cowan",
        "MJ Lumb",
        "NJ Maddinson",
        "BJ Haddin",
        "JC Silk",
        "RGL Carters",
        "J Botha",
        "SA Abbott",
        "BJ Dwarshuis",
        "JM Bird",
        "DE Bollinger"
      ]
    },
    "registry": {
      "people": {
        "AI Ross": "fb0d68b4",
        "AU Rashid": "249d60c9",
        "B Laughlin": "b2a79f17",
        "BJ Dwarshuis": "e1b9f3a9",
        "BJ Haddin": "b0c772ee",
        "BJ Hodge": "b57f8a9a",
        "C Thomas": "68664af7",
        "CJ Simmons": "0095ce38",
        "DE Bollinger": "45c2196c",
        "DJ Harper": "0ec08b27",
        "DPMD Jayawardene": "d18f9182",
        "EJM Cowan": "fee3c48a",
        "HP Kingston": "c89e4c9f",
        "J Botha": "7c503806",
        "JC Silk": "7a6dc294",
        "JM Bird": "bc773eeb",
        "JM Holland": "70c4f525",
        "KW Richardson": "dfc4d8b5",
        "MD Martell": "487c072e",
        "MJ Lumb": "11df3dc8",
        "NJ Maddinson": "44afbf2d",
        "P Wilson": "68304a36",
        "RGL Carters": "f54c8804",
        "RR Ayre": "0539e735",
        "SA Abbott": "1a2676c5",
        "SD Fry": "6b725ed1",
        "TM Head": "12b610c2",
        "TP Ludeman": "c3f7898b"
      }
    },
    "season": "2015/16",
    "team_type": "club",
    "teams": [
      "Adelaide Strikers",
      "Sydney Sixers"
    ],
    "toss": {
      "decision": "field",
      "winner": "Adelaide Strikers"
    },
    "venue": "Adelaide Oval"
  },
  "innings": [
    {
      "team": "Sydney Sixers",
      "overs": [
        {
          "over": 0,
          "deliveries": [
            {
              "batter": "EJM Cowan",
              "bowler": "TM Head",
              "non_striker": "MJ Lumb",
              "runs": {
                "batter": 1,
                "extras": 0,
                "total": 1
              }
            },
            {
              "batter": "MJ Lumb",
              "bowler": "TM Head",
              "non_striker": "EJM Cowan",
              "runs": {
                "batter": 0,
                "extras": 0,
                "total": 0
              }
            },
            {
              "batter": "MJ Lumb",
              "bowler": "TM Head",
              "non_striker": "EJM Cowan",
              "runs": {
                "batter": 0,
                "extras": 0,
                "total": 0
              }
            },
            {
              "batter": "MJ Lumb",
              "bowler": "TM Head",
              "non_striker": "EJM Cowan",
              "runs": {
                "batter": 1,
                "extras": 0,
                "total": 1
              }
            },
            {
              "batter": "EJM Cowan",
              "bowler": "TM Head",
              "non_striker": "MJ Lumb",
              "runs": {
                "batter": 2,
                "extras": 0,
                "total": 2
              }
            },
            {
              "batter": "EJM Cowan",
              "bowler": "TM Head",
              "non_striker": "MJ Lumb",
              "runs": {
                "batter": 4,
                "extras": 0,
                "total": 4
              }
            }
          ]
        },
        {
          "over": 1,
          "deliveries": [
            {
              "batter": "MJ Lumb",
              "bowler": "KW Richardson",
              "non_striker": "EJM Cowan",
              "runs": {
                "batter": 0,
                "extras": 0,
                "total": 0
              }
            },
            {
              "batter": "MJ Lumb",
              "bowler": "KW Richardson",
              "non_striker": "EJM Cowan",
              "runs": {
                "batter": 0,
                "extras": 0,
                "total": 0
              }
            },
            {
              "batter": "MJ Lumb",
              "bowler": "KW Richardson",
              "non_striker": "EJM Cowan",
              "runs": {
                "batter": 6,
                "extras": 0,
                "total": 6
              }
            },
            {
              "batter": "MJ Lumb",
              "bowler": "KW Richardson",
              "non_striker": "EJM Cowan",
              "runs": {
                "batter": 1,
                "extras": 0,
                "total": 1
              }
            },
            {
              "batter": "EJM Cowan",
              "bowler": "KW Richardson",
              "non_striker": "MJ Lumb",
              "runs": {
                "batter": 0,
                "extras": 0,
                "total": 0
              }
            },
            {
              "batter": "EJM Cowan",
              "bowler": "KW Richardson",
              "non_striker": "MJ Lumb",
              "runs": {
                "batter": 1,
                "extras": 0,
                "total": 1
              }
            }
          ]
        },
        {
          "over": 2,
          "deliveries": [
            {
              "batter": "EJM Cowan",
              "bowler": "TM Head",
              "non_striker": "MJ Lumb",
              "runs": {
                "batter": 4,
                "extras": 0,
                "total": 4
              }
            },
            {
              "batter": "EJM Cowan",
              "bowler": "TM Head",
              "non_striker": "MJ Lumb",
              "runs": {
                "batter": 1,
                "extras": 0,
                "total": 1
              }
            },
            {
              "batter": "MJ Lumb",
              "bowler": "TM Head",
              "non_striker": "EJM Cowan",
              "runs": {
                "batter": 4,
                "extras": 0,
                "total": 4
              }
            },
            {
              "batter": "MJ Lumb",
              "bowler": "TM Head",
              "non_striker": "EJM Cowan",
              "runs": {
                "batter": 1,
                "extras": 0,
                "total": 1
              }
            },
            {
              "batter": "EJM Cowan",
              "bowler": "TM Head",
              "non_striker": "MJ Lumb",
              "runs": {
                "batter": 1,
                "extras": 0,
                "total": 1
              }
            },
            {
              "batter": "MJ Lumb",
              "bowler": "TM Head",
              "non_striker": "EJM Cowan",
              "runs": {
                "batter": 6,
                "extras": 0,
                "total": 6
              }
            }
          ]
        },
        {
          "over": 3,
          "deliveries": [
            {
              "batter": "EJM Cowan",
              "bowler": "HP Kingston",
              "non_striker": "MJ Lumb",
              "runs": {
                "batter": 0,
                "extras": 0,
                "total": 0
              }
            },
            {
              "batter": "EJM Cowan",
              "bowler": "HP Kingston",
              "non_striker": "MJ Lumb",
              "runs": {
                "batter": 0,
                "extras": 0,
                "total": 0
              }
            },
            {
              "batter": "EJM Cowan",
              "bowler": "HP Kingston",
              "non_striker": "MJ Lumb",
              "runs": {
                "batter": 2,
                "extras": 0,
                "total": 2
              }
            },
            {
              "batter": "EJM Cowan",
              "bowler": "HP Kingston",
              "non_striker": "MJ Lumb",
              "runs": {
                "batter": 1,
                "extras": 0,
                "total": 1
              }
            },
            {
              "batter": "MJ Lumb",
              "bowler": "HP Kingston",
              "non_striker": "EJM Cowan",
              "runs": {
                "batter": 4,
                "extras": 0,
                "total": 4
              }
            },
            {
              "batter": "MJ Lumb",
              "bowler": "HP Kingston",
              "non_striker": "EJM Cowan",
              "runs": {
                "batter": 1,
                "extras": 0,
                "total": 1
              }
            }
          ]
        },
        {
          "over": 4,
          "deliveries": [
            {
              "batter": "MJ Lumb",
              "bowler": "B Laughlin",
              "non_striker": "EJM Cowan",
              "runs": {
                "batter": 0,
                "extras": 0,
                "total": 0
              }
            },
            {
              "batter": "MJ Lumb",
              "bowler": "B Laughlin",
              "non_striker": "EJM Cowan",
              "runs": {
                "batter": 0,
                "extras": 0,
                "total": 0
              }
            },
            {
              "batter": "MJ Lumb",
              "bowler": "B Laughlin",
              "non_striker": "EJM Cowan",
              "runs": {
                "batter": 0,
                "extras": 0,
                "total": 0
              }
            },
            {
              "batter": "MJ Lumb",
              "bowler": "B Laughlin",
              "extras": {
                "wides": 1
              },
              "non_striker": "EJM Cowan",
              "runs": {
                "batter": 0,
                "extras": 1,
                "total": 1
              }
            },
            {
              "batter": "MJ Lumb",
              "bowler": "B Laughlin",
              "non_striker": "EJM Cowan",
              "runs": {
                "batter": 1,
                "extras": 0,
                "total": 1
              }
            },
            {
              "batter": "EJM Cowan",
              "bowler": "B Laughlin",
              "non_striker": "MJ Lumb",
              "runs": {
                "batter": 1,
                "extras": 0,
                "total": 1
              }
            },
            {
              "batter": "MJ Lumb",
              "bowler": "B Laughlin",
              "non_striker": "EJM Cowan",
              "runs": {
                "batter": 1,
                "extras": 0,
                "total": 1
              }
            }
          ]
        },
        {
          "over": 5,
          "deliveries": [
            {
              "batter": "MJ Lumb",
              "bowler": "KW Richardson",
              "non_striker": "EJM Cowan",
              "runs": {
                "batter": 2,
                "extras": 0,
                "total": 2
              }
            },
            {
              "batter": "MJ Lumb",
              "bowler": "KW Richardson",
              "non_striker": "EJM Cowan",
              "runs": {
                "batter": 1,
                "extras": 0,
                "total": 1
              }
            },
            {
              "batter": "EJM Cowan",
              "bowler": "KW Richardson",
              "non_striker": "MJ Lumb",
              "runs": {
                "batter": 1,
                "extras": 0,
                "total": 1
              }
            },
            {
              "batter": "MJ Lumb",
              "bowler": "KW Richardson",
              "non_striker": "EJM Cowan",
              "runs": {
                "batter": 1,
                "extras": 0,
                "total": 1
              }
            },
            {
              "batter": "EJM Cowan",
              "bowler": "KW Richardson",
              "non_striker": "MJ Lumb",
              "runs": {
                "batter": 1,
                "extras": 0,
                "total": 1
              }
            },
            {
              "batter": "MJ Lumb",
              "bowler": "KW Richardson",
              "non_striker": "EJM Cowan",
              "runs": {
                "batter": 0,
                "extras": 0,
                "total": 0
              }
            }
          ]
        },
        {
          "over": 6,
          "deliveries": [
            {
              "batter": "EJM Cowan",
              "bowler": "HP Kingston",
              "non_striker": "MJ Lumb",
              "runs": {
                "batter": 1,
                "extras": 0,
                "total": 1
              }
            },
            {
              "batter": "MJ Lumb",
              "bowler": "HP Kingston",
              "non_striker": "EJM Cowan",
              "runs": {
                "batter": 1,
                "extras": 0,
                "total": 1
              }
            },
            {
              "batter": "EJM Cowan",
              "bowler": "HP Kingston",
              "non_striker": "MJ Lumb",
              "runs": {
                "batter": 6,
                "extras": 0,
                "total": 6
              }
            },
            {
              "batter": "EJM Cowan",
              "bowler": "HP Kingston",
              "non_striker": "MJ Lumb",
              "runs": {
                "batter": 0,
                "extras": 0,
                "total": 0
              }
            },
            {
              "batter": "EJM Cowan",
              "bowler": "HP Kingston",
              "extras": {
                "wides": 1
              },
              "non_striker": "MJ Lumb",
              "runs": {
                "batter": 0,
                "extras": 1,
                "total": 1
              }
            },
            {
              "batter": "EJM Cowan",
              "bowler": "HP Kingston",
              "extras": {
                "noballs": 1
              },
              "non_striker": "MJ Lumb",
              "runs": {
                "batter": 4,
                "extras": 1,
                "total": 5
              }
            },
            {
              "batter": "EJM Cowan",
              "bowler": "HP Kingston",
              "non_striker": "MJ Lumb",
              "runs": {
                "batter": 1,
                "extras": 0,
                "total": 1
              }
            },
            {
              "batter": "MJ Lumb",
              "bowler": "HP Kingston",
              "non_striker": "EJM Cowan",
              "runs": {
                "batter": 0,
                "extras": 0,
                "total": 0
              },
              "wickets": [
                {
                  "kind": "caught",
                  "player_out": "MJ Lumb",
                  "fielders": [
                    {
                      "name": "AI Ross"
                    }
                  ]
                }
              ]
            }
          ]
        },
        {
          "over": 7,
          "deliveries": [
            {
              "batter": "NJ Maddinson",
              "bowler": "AU Rashid",
              "non_striker": "EJM Cowan",
              "runs": {
                "batter": 0,
                "extras": 0,
                "total": 0
              },
              "wickets": [
                {
                  "kind": "lbw",
                  "player_out": "NJ Maddinson"
                }
              ]
            },
            {
              "batter": "BJ Haddin",
              "bowler": "AU Rashid",
              "non_striker": "EJM Cowan",
              "runs": {
                "batter": 1,
                "extras": 0,
                "total": 1
              }
            },
            {
              "batter": "EJM Cowan",
              "bowler": "AU Rashid",
              "non_striker": "BJ Haddin",
              "runs": {
                "batter": 0,
                "extras": 0,
                "total": 0
              }
            },
            {
              "batter": "EJM Cowan",
              "bowler": "AU Rashid",
              "non_striker": "BJ Haddin",
              "runs": {
                "batter": 1,
                "extras": 0,
                "total": 1
              }
            },
            {
              "batter": "BJ Haddin",
              "bowler": "AU Rashid",
              "non_striker": "EJM Cowan",
              "runs": {
                "batter": 1,
                "extras": 0,
                "total": 1
              }
            },
            {
              "batter": "EJM Cowan",
              "bowler": "AU Rashid",
              "non_striker": "BJ Haddin",
              "runs": {
                "batter": 1,
                "extras": 0,
                "total": 1
              }
            }
          ]
        },
        {
          "over": 8,
          "deliveries": [
            {
              "batter": "EJM Cowan",
              "bowler": "JM Holland",
              "non_striker": "BJ Haddin",
              "runs": {
                "batter": 0,
                "extras": 0,
                "total": 0
              }
            },
            {
              "batter": "EJM Cowan",
              "bowler": "JM Holland",
              "non_striker": "BJ Haddin",
              "runs": {
                "batter": 1,
                "extras": 0,
                "total": 1
              }
            },
            {
              "batter": "BJ Haddin",
              "bowler": "JM Holland",
              "non_striker": "EJM Cowan",
              "runs": {
                "batter": 0,
                "extras": 0,
                "total": 0
              }
            },
            {
              "batter": "BJ Haddin",
              "bowler": "JM Holland",
              "non_striker": "EJM Cowan",
              "runs": {
                "batter": 1,
                "extras": 0,
                "total": 1
              }
            },
            {
              "batter": "EJM Cowan",
              "bowler": "JM Holland",
              "non_striker": "BJ Haddin",
              "runs": {
                "batter": 1,
                "extras": 0,
                "total": 1
              }
            },
            {
              "batter": "BJ Haddin",
              "bowler": "JM Holland",
              "non_striker": "EJM Cowan",
              "runs": {
                "batter": 1,
                "extras": 0,
                "total": 1
              }
            }
          ]
        },
        {
          "over": 9,
          "deliveries": [
            {
              "batter": "BJ Haddin",
              "bowler": "AU Rashid",
              "non_striker": "EJM Cowan",
              "runs": {
                "batter": 0,
                "extras": 0,
                "total": 0
              }
            },
            {
              "batter": "BJ Haddin",
              "bowler": "AU Rashid",
              "non_striker": "EJM Cowan",
              "runs": {
                "batter": 0,
                "extras": 0,
                "total": 0
              }
            },
            {
              "batter": "BJ Haddin",
              "bowler": "AU Rashid",
              "non_striker": "EJM Cowan",
              "runs": {
                "batter": 6,
                "extras": 0,
                "total": 6
              }
            },
            {
              "batter": "BJ Haddin",
              "bowler": "AU Rashid",
              "non_striker": "EJM Cowan",
              "runs": {
                "batter": 3,
                "extras": 0,
                "total": 3
              }
            },
            {
              "batter": "EJM Cowan",
              "bowler": "AU Rashid",
              "non_striker": "BJ Haddin",
              "runs": {
                "batter": 2,
                "extras": 0,
                "total": 2
              }
            },
            {
              "batter": "EJM Cowan",
              "bowler": "AU Rashid",
              "non_striker": "BJ Haddin",
              "runs": {
                "batter": 1,
                "extras": 0,
                "total": 1
              }
            }
          ]
        },
        {
          "over": 10,
          "deliveries": [
            {
              "batter": "EJM Cowan",
              "bowler": "JM Holland",
              "non_striker": "BJ Haddin",
              "runs": {
                "batter": 4,
                "extras": 0,
                "total": 4
              }
            },
            {
              "batter": "EJM Cowan",
              "bowler": "JM Holland",
              "non_striker": "BJ Haddin",
              "runs": {
                "batter": 0,
                "extras": 0,
                "total": 0
              }
            },
            {
              "batter": "EJM Cowan",
              "bowler": "JM Holland",
              "non_striker": "BJ Haddin",
              "runs": {
                "batter": 0,
                "extras": 0,
                "total": 0
              }
            },
            {
              "batter": "EJM Cowan",
              "bowler": "JM Holland",
              "non_striker": "BJ Haddin",
              "runs": {
                "batter": 0,
                "extras": 0,
                "total": 0
              },
              "wickets": [
                {
                  "kind": "caught",
                  "player_out": "EJM Cowan",
                  "fielders": [
                    {
                      "name": "TM Head"
                    }
                  ]
                }
              ]
            },
            {
              "batter": "BJ Haddin",
              "bowler": "JM Holland",
              "non_striker": "JC Silk",
              "runs": {
                "batter": 1,
                "extras": 0,
                "total": 1
              }
            },
            {
              "batter": "JC Silk",
              "bowler": "JM Holland",
              "non_striker": "BJ Haddin",
              "runs": {
                "batter": 0,
                "extras": 0,
                "total": 0
              }
            }
          ]
        },
        {
          "over": 11,
          "deliveries": [
            {
              "batter": "BJ Haddin",
              "bowler": "B Laughlin",
              "non_striker": "JC Silk",
              "runs": {
                "batter": 1,
                "extras": 0,
                "total": 1
              }
            },
            {
              "batter": "JC Silk",
              "bowler": "B Laughlin",
              "non_striker": "BJ Haddin",
              "runs": {
                "batter": 1,
                "extras": 0,
                "total": 1
              }
            },
            {
              "batter": "BJ Haddin",
              "bowler": "B Laughlin",
              "non_striker": "JC Silk",
              "runs": {
                "batter": 0,
                "extras": 0,
                "total": 0
              }
            },
            {
              "batter": "BJ Haddin",
              "bowler": "B Laughlin",
              "non_striker": "JC Silk",
              "runs": {
                "batter": 0,
                "extras": 0,
                "total": 0
              }
            },
            {
              "batter": "BJ Haddin",
              "bowler": "B Laughlin",
              "non_striker": "JC Silk",
              "runs": {
                "batter": 0,
                "extras": 0,
                "total": 0
              }
            },
            {
              "batter": "BJ Haddin",
              "bowler": "B Laughlin",
              "non_striker": "JC Silk",
              "runs": {
                "batter": 0,
                "extras": 0,
                "total": 0
              }
            }
          ]
        },
        {
          "over": 12,
          "deliveries": [
            {
              "batter": "JC Silk",
              "bowler": "JM Holland",
              "non_striker": "BJ Haddin",
              "runs": {
                "batter": 0,
                "extras": 0,
                "total": 0
              }
            },
            {
              "batter": "JC Silk",
              "bowler": "JM Holland",
              "non_striker": "BJ Haddin",
              "runs": {
                "batter": 1,
                "extras": 0,
                "total": 1
              }
            },
            {
              "batter": "BJ Haddin",
              "bowler": "JM Holland",
              "non_striker": "JC Silk",
              "runs": {
                "batter": 2,
                "extras": 0,
                "total": 2
              }
            },
            {
              "batter": "BJ Haddin",
              "bowler": "JM Holland",
              "non_striker": "JC Silk",
              "runs": {
                "batter": 1,
                "extras": 0,
                "total": 1
              }
            },
            {
              "batter": "JC Silk",
              "bowler": "JM Holland",
              "non_striker": "BJ Haddin",
              "runs": {
                "batter": 0,
                "extras": 0,
                "total": 0
              }
            },
            {
              "batter": "JC Silk",
              "bowler": "JM Holland",
              "non_striker": "BJ Haddin",
              "runs": {
                "batter": 1,
                "extras": 0,
                "total": 1
              }
            }
          ]
        },
        {
          "over": 13,
          "deliveries": [
            {
              "batter": "JC Silk",
              "bowler": "AU Rashid",
              "non_striker": "BJ Haddin",
              "runs": {
                "batter": 0,
                "extras": 0,
                "total": 0
              },
              "wickets": [
                {
                  "kind": "caught",
                  "player_out": "JC Silk",
                  "fielders": [
                    {
                      "name": "CJ Simmons"
                    }
                  ]
                }
              ]
            },
            {
              "batter": "BJ Haddin",
              "bowler": "AU Rashid",
              "non_striker": "RGL Carters",
              "runs": {
                "batter": 6,
                "extras": 0,
                "total": 6
              }
            },
            {
              "batter": "BJ Haddin",
              "bowler": "AU Rashid",
              "non_striker": "RGL Carters",
              "runs": {
                "batter": 1,
                "extras": 0,
                "total": 1
              }
            },
            {
              "batter": "RGL Carters",
              "bowler": "AU Rashid",
              "non_striker": "BJ Haddin",
              "runs": {
                "batter": 0,
                "extras": 0,
                "total": 0
              }
            },
            {
              "batter": "RGL Carters",
              "bowler": "AU Rashid",
              "non_striker": "BJ Haddin",
              "runs": {
                "batter": 0,
                "extras": 0,
                "total": 0
              }
            },
            {
              "batter": "RGL Carters",
              "bowler": "AU Rashid",
              "non_striker": "BJ Haddin",
              "runs": {
                "batter": 0,
                "extras": 0,
                "total": 0
              },
              "wickets": [
                {
                  "kind": "caught",
                  "player_out": "RGL Carters",
                  "fielders": [
                    {
                      "name": "CJ Simmons"
                    }
                  ]
                }
              ]
            }
          ]
        },
        {
          "over": 14,
          "deliveries": [
            {
              "batter": "BJ Haddin",
              "bowler": "JM Holland",
              "non_striker": "J Botha",
              "runs": {
                "batter": 4,
                "extras": 0,
                "total": 4
              }
            },
            {
              "batter": "BJ Haddin",
              "bowler": "JM Holland",
              "non_striker": "J Botha",
              "runs": {
                "batter": 1,
                "extras": 0,
                "total": 1
              }
            },
            {
              "batter": "J Botha",
              "bowler": "JM Holland",
              "non_striker": "BJ Haddin",
              "runs": {
                "batter": 1,
                "extras": 0,
                "total": 1
              }
            },
            {
              "batter": "BJ Haddin",
              "bowler": "JM Holland",
              "non_striker": "J Botha",
              "runs": {
                "batter": 1,
                "extras": 0,
                "total": 1
              }
            },
            {
              "batter": "J Botha",
              "bowler": "JM Holland",
              "non_striker": "BJ Haddin",
              "runs": {
                "batter": 0,
                "extras": 0,
                "total": 0
              }
            },
            {
              "batter": "J Botha",
              "bowler": "JM Holland",
              "non_striker": "BJ Haddin",
              "runs": {
                "batter": 0,
                "extras": 0,
                "total": 0
              }
            }
          ]
        },
        {
          "over": 15,
          "deliveries": [
            {
              "batter": "BJ Haddin",
              "bowler": "KW Richardson",
              "non_striker": "J Botha",
              "runs": {
                "batter": 1,
                "extras": 0,
                "total": 1
              }
            },
            {
              "batter": "J Botha",
              "bowler": "KW Richardson",
              "non_striker": "BJ Haddin",
              "runs": {
                "batter": 4,
                "extras": 0,
                "total": 4
              }
            },
            {
              "batter": "J Botha",
              "bowler": "KW Richardson",
              "non_striker": "BJ Haddin",
              "runs": {
                "batter": 1,
                "extras": 0,
                "total": 1
              }
            },
            {
              "batter": "BJ Haddin",
              "bowler": "KW Richardson",
              "extras": {
                "wides": 1
              },
              "non_striker": "J Botha",
              "runs": {
                "batter": 0,
                "extras": 1,
                "total": 1
              }
            },
            {
              "batter": "BJ Haddin",
              "bowler": "KW Richardson",
              "non_striker": "J Botha",
              "runs": {
                "batter": 1,
                "extras": 0,
                "total": 1
              }
            },
            {
              "batter": "J Botha",
              "bowler": "KW Richardson",
              "non_striker": "BJ Haddin",
              "runs": {
                "batter": 1,
                "extras": 0,
                "total": 1
              }
            },
            {
              "batter": "BJ Haddin",
              "bowler": "KW Richardson",
              "non_striker": "J Botha",
              "runs": {
                "batter": 6,
                "extras": 0,
                "total": 6
              }
            }
          ]
        },
        {
          "over": 16,
          "deliveries": [
            {
              "batter": "J Botha",
              "bowler": "AU Rashid",
              "non_striker": "BJ Haddin",
              "runs": {
                "batter": 1,
                "extras": 0,
                "total": 1
              }
            },
            {
              "batter": "BJ Haddin",
              "bowler": "AU Rashid",
              "non_striker": "J Botha",
              "runs": {
                "batter": 0,
                "extras": 0,
                "total": 0
              }
            },
            {
              "batter": "BJ Haddin",
              "bowler": "AU Rashid",
              "non_striker": "J Botha",
              "runs": {
                "batter": 1,
                "extras": 0,
                "total": 1
              }
            },
            {
              "batter": "J Botha",
              "bowler": "AU Rashid",
              "non_striker": "BJ Haddin",
              "runs": {
                "batter": 2,
                "extras": 0,
                "total": 2
              }
            },
            {
              "batter": "J Botha",
              "bowler": "AU Rashid",
              "non_striker": "BJ Haddin",
              "runs": {
                "batter": 1,
                "extras": 0,
                "total": 1
              }
            },
            {
              "batter": "BJ Haddin",
              "bowler": "AU Rashid",
              "non_striker": "J Botha",
              "runs": {
                "batter": 6,
                "extras": 0,
                "total": 6
              }
            }
          ]
        },
        {
          "over": 17,
          "deliveries": [
            {
              "batter": "J Botha",
              "bowler": "B Laughlin",
              "non_striker": "BJ Haddin",
              "runs": {
                "batter": 2,
                "extras": 0,
                "total": 2
              }
            },
            {
              "batter": "J Botha",
              "bowler": "B Laughlin",
              "non_striker": "BJ Haddin",
              "runs": {
                "batter": 1,
                "extras": 0,
                "total": 1
              }
            },
            {
              "batter": "BJ Haddin",
              "bowler": "B Laughlin",
              "non_striker": "J Botha",
              "runs": {
                "batter": 0,
                "extras": 0,
                "total": 0
              }
            },
            {
              "batter": "BJ Haddin",
              "bowler": "B Laughlin",
              "non_striker": "J Botha",
              "runs": {
                "batter": 1,
                "extras": 0,
                "total": 1
              }
            },
            {
              "batter": "J Botha",
              "bowler": "B Laughlin",
              "non_striker": "BJ Haddin",
              "runs": {
                "batter": 2,
                "extras": 0,
                "total": 2
              }
            },
            {
              "batter": "J Botha",
              "bowler": "B Laughlin",
              "non_striker": "BJ Haddin",
              "runs": {
                "batter": 1,
                "extras": 0,
                "total": 1
              }
            }
          ]
        },
        {
          "over": 18,
          "deliveries": [
            {
              "batter": "J Botha",
              "bowler": "KW Richardson",
              "non_striker": "BJ Haddin",
              "runs": {
                "batter": 1,
                "extras": 0,
                "total": 1
              }
            },
            {
              "batter": "BJ Haddin",
              "bowler": "KW Richardson",
              "non_striker": "J Botha",
              "runs": {
                "batter": 0,
                "extras": 0,
                "total": 0
              }
            },
            {
              "batter": "BJ Haddin",
              "bowler": "KW Richardson",
              "non_striker": "J Botha",
              "runs": {
                "batter": 4,
                "extras": 0,
                "total": 4
              }
            },
            {
              "batter": "BJ Haddin",
              "bowler": "KW Richardson",
              "non_striker": "J Botha",
              "runs": {
                "batter": 1,
                "extras": 0,
                "total": 1
              }
            },
            {
              "batter": "J Botha",
              "bowler": "KW Richardson",
              "non_striker": "BJ Haddin",
              "runs": {
                "batter": 4,
                "extras": 0,
                "total": 4
              }
            },
            {
              "batter": "J Botha",
              "bowler": "KW Richardson",
              "extras": {
                "wides": 1
              },
              "non_striker": "BJ Haddin",
              "runs": {
                "batter": 0,
                "extras": 1,
                "total": 1
              }
            },
            {
              "batter": "J Botha",
              "bowler": "KW Richardson",
              "non_striker": "BJ Haddin",
              "runs": {
                "batter": 4,
                "extras": 0,
                "total": 4
              }
            }
          ]
        },
        {
          "over": 19,
          "deliveries": [
            {
              "batter": "BJ Haddin",
              "bowler": "B Laughlin",
              "extras": {
                "wides": 1
              },
              "non_striker": "J Botha",
              "runs": {
                "batter": 0,
                "extras": 1,
                "total": 1
              }
            },
            {
              "batter": "BJ Haddin",
              "bowler": "B Laughlin",
              "non_striker": "J Botha",
              "runs": {
                "batter": 1,
                "extras": 0,
                "total": 1
              }
            },
            {
              "batter": "J Botha",
              "bowler": "B Laughlin",
              "non_striker": "BJ Haddin",
              "runs": {
                "batter": 1,
                "extras": 0,
                "total": 1
              }
            },
            {
              "batter": "BJ Haddin",
              "bowler": "B Laughlin",
              "extras": {
                "wides": 1
              },
              "non_striker": "J Botha",
              "runs": {
                "batter": 0,
                "extras": 1,
                "total": 1
              }
            },
            {
              "batter": "BJ Haddin",
              "bowler": "B Laughlin",
              "non_striker": "J Botha",
              "runs": {
                "batter": 1,
                "extras": 0,
                "total": 1
              }
            },
            {
              "batter": "J Botha",
              "bowler": "B Laughlin",
              "non_striker": "BJ Haddin",
              "runs": {
                "batter": 6,
                "extras": 0,
                "total": 6
              }
            },
            {
              "batter": "J Botha",
              "bowler": "B Laughlin",
              "non_striker": "BJ Haddin",
              "runs": {
                "batter": 4,
                "extras": 0,
                "total": 4
              }
            },
            {
              "batter": "J Botha",
              "bowler": "B Laughlin",
              "non_striker": "BJ Haddin",
              "runs": {
                "batter": 1,
                "extras": 0,
                "total": 1
              }
            }
          ]
        }
      ],
      "powerplays": [
        {
          "from": 0.1,
          "to": 5.6,
          "type": "mandatory"
        }
      ]
    },
    {
      "team": "Adelaide Strikers",
      "overs": [
        {
          "over": 0,
          "deliveries": [
            {
              "batter": "CJ Simmons",
              "bowler": "JM Bird",
              "non_striker": "TP Ludeman",
              "runs": {
                "batter": 0,
                "extras": 0,
                "total": 0
              }
            },
            {
              "batter": "CJ Simmons",
              "bowler": "JM Bird",
              "extras": {
                "wides": 1
              },
              "non_striker": "TP Ludeman",
              "runs": {
                "batter": 0,
                "extras": 1,
                "total": 1
              }
            },
            {
              "batter": "CJ Simmons",
              "bowler": "JM Bird",
              "non_striker": "TP Ludeman",
              "runs": {
                "batter": 4,
                "extras": 0,
                "total": 4
              }
            },
            {
              "batter": "CJ Simmons",
              "bowler": "JM Bird",
              "non_striker": "TP Ludeman",
              "runs": {
                "batter": 4,
                "extras": 0,
                "total": 4
              }
            },
            {
              "batter": "CJ Simmons",
              "bowler": "JM Bird",
              "non_striker": "TP Ludeman",
              "runs": {
                "batter": 0,
                "extras": 0,
                "total": 0
              }
            },
            {
              "batter": "CJ Simmons",
              "bowler": "JM Bird",
              "non_striker": "TP Ludeman",
              "runs": {
                "batter": 0,
                "extras": 0,
                "total": 0
              }
            },
            {
              "batter": "CJ Simmons",
              "bowler": "JM Bird",
              "non_striker": "TP Ludeman",
              "runs": {
                "batter": 4,
                "extras": 0,
                "total": 4
              }
            }
          ]
        },
        {
          "over": 1,
          "deliveries": [
            {
              "batter": "TP Ludeman",
              "bowler": "BJ Dwarshuis",
              "non_striker": "CJ Simmons",
              "runs": {
                "batter": 2,
                "extras": 0,
                "total": 2
              }
            },
            {
              "batter": "TP Ludeman",
              "bowler": "BJ Dwarshuis",
              "non_striker": "CJ Simmons",
              "runs": {
                "batter": 0,
                "extras": 0,
                "total": 0
              }
            },
            {
              "batter": "TP Ludeman",
              "bowler": "BJ Dwarshuis",
              "non_striker": "CJ Simmons",
              "runs": {
                "batter": 1,
                "extras": 0,
                "total": 1
              }
            },
            {
              "batter": "CJ Simmons",
              "bowler": "BJ Dwarshuis",
              "extras": {
                "wides": 1
              },
              "non_striker": "TP Ludeman",
              "runs": {
                "batter": 0,
                "extras": 1,
                "total": 1
              }
            },
            {
              "batter": "CJ Simmons",
              "bowler": "BJ Dwarshuis",
              "non_striker": "TP Ludeman",
              "runs": {
                "batter": 6,
                "extras": 0,
                "total": 6
              }
            },
            {
              "batter": "CJ Simmons",
              "bowler": "BJ Dwarshuis",
              "non_striker": "TP Ludeman",
              "runs": {
                "batter": 0,
                "extras": 0,
                "total": 0
              }
            },
            {
              "batter": "CJ Simmons",
              "bowler": "BJ Dwarshuis",
              "non_striker": "TP Ludeman",
              "runs": {
                "batter": 1,
                "extras": 0,
                "total": 1
              }
            }
          ]
        },
        {
          "over": 2,
          "deliveries": [
            {
              "batter": "CJ Simmons",
              "bowler": "DE Bollinger",
              "non_striker": "TP Ludeman",
              "runs": {
                "batter": 0,
                "extras": 0,
                "total": 0
              }
            },
            {
              "batter": "CJ Simmons",
              "bowler": "DE Bollinger",
              "non_striker": "TP Ludeman",
              "runs": {
                "batter": 4,
                "extras": 0,
                "total": 4
              }
            },
            {
              "batter": "CJ Simmons",
              "bowler": "DE Bollinger",
              "non_striker": "TP Ludeman",
              "runs": {
                "batter": 1,
                "extras": 0,
                "total": 1
              }
            },
            {
              "batter": "TP Ludeman",
              "bowler": "DE Bollinger",
              "non_striker": "CJ Simmons",
              "runs": {
                "batter": 4,
                "extras": 0,
                "total": 4
              }
            },
            {
              "batter": "TP Ludeman",
              "bowler": "DE Bollinger",
              "non_striker": "CJ Simmons",
              "runs": {
                "batter": 0,
                "extras": 0,
                "total": 0
              }
            },
            {
              "batter": "TP Ludeman",
              "bowler": "DE Bollinger",
              "non_striker": "CJ Simmons",
              "runs": {
                "batter": 4,
                "extras": 0,
                "total": 4
              }
            }
          ]
        },
        {
          "over": 3,
          "deliveries": [
            {
              "batter": "CJ Simmons",
              "bowler": "J Botha",
              "non_striker": "TP Ludeman",
              "runs": {
                "batter": 0,
                "extras": 0,
                "total": 0
              }
            },
            {
              "batter": "CJ Simmons",
              "bowler": "J Botha",
              "non_striker": "TP Ludeman",
              "runs": {
                "batter": 0,
                "extras": 0,
                "total": 0
              }
            },
            {
              "batter": "CJ Simmons",
              "bowler": "J Botha",
              "non_striker": "TP Ludeman",
              "runs": {
                "batter": 1,
                "extras": 0,
                "total": 1
              }
            },
            {
              "batter": "TP Ludeman",
              "bowler": "J Botha",
              "non_striker": "CJ Simmons",
              "runs": {
                "batter": 4,
                "extras": 0,
                "total": 4
              }
            },
            {
              "batter": "TP Ludeman",
              "bowler": "J Botha",
              "non_striker": "CJ Simmons",
              "runs": {
                "batter": 4,
                "extras": 0,
                "total": 4
              }
            },
            {
              "batter": "TP Ludeman",
              "bowler": "J Botha",
              "non_striker": "CJ Simmons",
              "runs": {
                "batter": 0,
                "extras": 0,
                "total": 0
              }
            }
          ]
        },
        {
          "over": 4,
          "deliveries": [
            {
              "batter": "CJ Simmons",
              "bowler": "JM Bird",
              "non_striker": "TP Ludeman",
              "runs": {
                "batter": 0,
                "extras": 0,
                "total": 0
              },
              "wickets": [
                {
                  "kind": "caught",
                  "player_out": "CJ Simmons",
                  "fielders": [
                    {
                      "name": "BJ Dwarshuis"
                    }
                  ]
                }
              ]
            },
            {
              "batter": "TP Ludeman",
              "bowler": "JM Bird",
              "non_striker": "DPMD Jayawardene",
              "runs": {
                "batter": 1,
                "extras": 0,
                "total": 1
              }
            },
            {
              "batter": "DPMD Jayawardene",
              "bowler": "JM Bird",
              "non_striker": "TP Ludeman",
              "runs": {
                "batter": 0,
                "extras": 0,
                "total": 0
              }
            },
            {
              "batter": "DPMD Jayawardene",
              "bowler": "JM Bird",
              "non_striker": "TP Ludeman",
              "runs": {
                "batter": 2,
                "extras": 0,
                "total": 2
              }
            },
            {
              "batter": "DPMD Jayawardene",
              "bowler": "JM Bird",
              "non_striker": "TP Ludeman",
              "runs": {
                "batter": 4,
                "extras": 0,
                "total": 4
              }
            },
            {
              "batter": "DPMD Jayawardene",
              "bowler": "JM Bird",
              "non_striker": "TP Ludeman",
              "runs": {
                "batter": 0,
                "extras": 0,
                "total": 0
              }
            }
          ]
        },
        {
          "over": 5,
          "deliveries": [
            {
              "batter": "TP Ludeman",
              "bowler": "BJ Dwarshuis",
              "non_striker": "DPMD Jayawardene",
              "runs": {
                "batter": 0,
                "extras": 0,
                "total": 0
              }
            },
            {
              "batter": "TP Ludeman",
              "bowler": "BJ Dwarshuis",
              "non_striker": "DPMD Jayawardene",
              "runs": {
                "batter": 1,
                "extras": 0,
                "total": 1
              }
            },
            {
              "batter": "DPMD Jayawardene",
              "bowler": "BJ Dwarshuis",
              "non_striker": "TP Ludeman",
              "runs": {
                "batter": 0,
                "extras": 0,
                "total": 0
              },
              "wickets": [
                {
                  "kind": "caught",
                  "player_out": "DPMD Jayawardene",
                  "fielders": [
                    {
                      "name": "RGL Carters"
                    }
                  ]
                }
              ]
            },
            {
              "batter": "TM Head",
              "bowler": "BJ Dwarshuis",
              "non_striker": "TP Ludeman",
              "runs": {
                "batter": 0,
                "extras": 0,
                "total": 0
              }
            },
            {
              "batter": "TM Head",
              "bowler": "BJ Dwarshuis",
              "non_striker": "TP Ludeman",
              "runs": {
                "batter": 0,
                "extras": 0,
                "total": 0
              }
            },
            {
              "batter": "TM Head",
              "bowler": "BJ Dwarshuis",
              "non_striker": "TP Ludeman",
              "runs": {
                "batter": 1,
                "extras": 0,
                "total": 1
              }
            }
          ]
        },
        {
          "over": 6,
          "deliveries": [
            {
              "batter": "TM Head",
              "bowler": "JM Bird",
              "non_striker": "TP Ludeman",
              "runs": {
                "batter": 0,
                "extras": 0,
                "total": 0
              }
            },
            {
              "batter": "TM Head",
              "bowler": "JM Bird",
              "non_striker": "TP Ludeman",
              "runs": {
                "batter": 0,
                "extras": 0,
                "total": 0
              }
            },
            {
              "batter": "TM Head",
              "bowler": "JM Bird",
              "non_striker": "TP Ludeman",
              "runs": {
                "batter": 1,
                "extras": 0,
                "total": 1
              }
            },
            {
              "batter": "TP Ludeman",
              "bowler": "JM Bird",
              "non_striker": "TM Head",
              "runs": {
                "batter": 0,
                "extras": 0,
                "total": 0
              }
            },
            {
              "batter": "TP Ludeman",
              "bowler": "JM Bird",
              "non_striker": "TM Head",
              "runs": {
                "batter": 0,
                "extras": 0,
                "total": 0
              }
            },
            {
              "batter": "TP Ludeman",
              "bowler": "JM Bird",
              "non_striker": "TM Head",
              "runs": {
                "batter": 1,
                "extras": 0,
                "total": 1
              }
            }
          ]
        },
        {
          "over": 7,
          "deliveries": [
            {
              "batter": "TP Ludeman",
              "bowler": "J Botha",
              "non_striker": "TM Head",
              "runs": {
                "batter": 2,
                "extras": 0,
                "total": 2
              }
            },
            {
              "batter": "TP Ludeman",
              "bowler": "J Botha",
              "non_striker": "TM Head",
              "runs": {
                "batter": 0,
                "extras": 0,
                "total": 0
              }
            },
            {
              "batter": "TP Ludeman",
              "bowler": "J Botha",
              "non_striker": "TM Head",
              "runs": {
                "batter": 1,
                "extras": 0,
                "total": 1
              }
            },
            {
              "batter": "TM Head",
              "bowler": "J Botha",
              "non_striker": "TP Ludeman",
              "runs": {
                "batter": 1,
                "extras": 0,
                "total": 1
              }
            },
            {
              "batter": "TP Ludeman",
              "bowler": "J Botha",
              "non_striker": "TM Head",
              "runs": {
                "batter": 1,
                "extras": 0,
                "total": 1
              }
            },
            {
              "batter": "TM Head",
              "bowler": "J Botha",
              "non_striker": "TP Ludeman",
              "runs": {
                "batter": 1,
                "extras": 0,
                "total": 1
              }
            }
          ]
        },
        {
          "over": 8,
          "deliveries": [
            {
              "batter": "TM Head",
              "bowler": "SA Abbott",
              "non_striker": "TP Ludeman",
              "runs": {
                "batter": 2,
                "extras": 0,
                "total": 2
              }
            },
            {
              "batter": "TM Head",
              "bowler": "SA Abbott",
              "non_striker": "TP Ludeman",
              "runs": {
                "batter": 1,
                "extras": 0,
                "total": 1
              }
            },
            {
              "batter": "TP Ludeman",
              "bowler": "SA Abbott",
              "non_striker": "TM Head",
              "runs": {
                "batter": 0,
                "extras": 0,
                "total": 0
              },
              "wickets": [
                {
                  "kind": "caught",
                  "player_out": "TP Ludeman",
                  "fielders": [
                    {
                      "name": "RGL Carters"
                    }
                  ]
                }
              ]
            },
            {
              "batter": "TM Head",
              "bowler": "SA Abbott",
              "non_striker": "BJ Hodge",
              "runs": {
                "batter": 0,
                "extras": 0,
                "total": 0
              }
            },
            {
              "batter": "TM Head",
              "bowler": "SA Abbott",
              "non_striker": "BJ Hodge",
              "runs": {
                "batter": 1,
                "extras": 0,
                "total": 1
              }
            },
            {
              "batter": "BJ Hodge",
              "bowler": "SA Abbott",
              "extras": {
                "wides": 1
              },
              "non_striker": "TM Head",
              "runs": {
                "batter": 0,
                "extras": 1,
                "total": 1
              }
            },
            {
              "batter": "BJ Hodge",
              "bowler": "SA Abbott",
              "non_striker": "TM Head",
              "runs": {
                "batter": 0,
                "extras": 0,
                "total": 0
              }
            }
          ]
        },
        {
          "over": 9,
          "deliveries": [
            {
              "batter": "TM Head",
              "bowler": "DE Bollinger",
              "non_striker": "BJ Hodge",
              "runs": {
                "batter": 1,
                "extras": 0,
                "total": 1
              }
            },
            {
              "batter": "BJ Hodge",
              "bowler": "DE Bollinger",
              "non_striker": "TM Head",
              "runs": {
                "batter": 0,
                "extras": 0,
                "total": 0
              }
            },
            {
              "batter": "BJ Hodge",
              "bowler": "DE Bollinger",
              "non_striker": "TM Head",
              "runs": {
                "batter": 0,
                "extras": 0,
                "total": 0
              }
            },
            {
              "batter": "BJ Hodge",
              "bowler": "DE Bollinger",
              "non_striker": "TM Head",
              "runs": {
                "batter": 1,
                "extras": 0,
                "total": 1
              }
            },
            {
              "batter": "TM Head",
              "bowler": "DE Bollinger",
              "non_striker": "BJ Hodge",
              "runs": {
                "batter": 1,
                "extras": 0,
                "total": 1
              }
            },
            {
              "batter": "BJ Hodge",
              "bowler": "DE Bollinger",
              "non_striker": "TM Head",
              "runs": {
                "batter": 0,
                "extras": 0,
                "total": 0
              }
            }
          ]
        },
        {
          "over": 10,
          "deliveries": [
            {
              "batter": "TM Head",
              "bowler": "SA Abbott",
              "non_striker": "BJ Hodge",
              "runs": {
                "batter": 0,
                "extras": 0,
                "total": 0
              }
            },
            {
              "batter": "TM Head",
              "bowler": "SA Abbott",
              "non_striker": "BJ Hodge",
              "runs": {
                "batter": 1,
                "extras": 0,
                "total": 1
              }
            },
            {
              "batter": "BJ Hodge",
              "bowler": "SA Abbott",
              "non_striker": "TM Head",
              "runs": {
                "batter": 1,
                "extras": 0,
                "total": 1
              }
            },
            {
              "batter": "TM Head",
              "bowler": "SA Abbott",
              "non_striker": "BJ Hodge",
              "runs": {
                "batter": 1,
                "extras": 0,
                "total": 1
              }
            },
            {
              "batter": "BJ Hodge",
              "bowler": "SA Abbott",
              "non_striker": "TM Head",
              "runs": {
                "batter": 0,
                "extras": 0,
                "total": 0
              }
            },
            {
              "batter": "BJ Hodge",
              "bowler": "SA Abbott",
              "non_striker": "TM Head",
              "runs": {
                "batter": 4,
                "extras": 0,
                "total": 4
              }
            }
          ]
        },
        {
          "over": 11,
          "deliveries": [
            {
              "batter": "TM Head",
              "bowler": "J Botha",
              "non_striker": "BJ Hodge",
              "runs": {
                "batter": 0,
                "extras": 0,
                "total": 0
              }
            },
            {
              "batter": "TM Head",
              "bowler": "J Botha",
              "non_striker": "BJ Hodge",
              "runs": {
                "batter": 4,
                "extras": 0,
                "total": 4
              }
            },
            {
              "batter": "TM Head",
              "bowler": "J Botha",
              "non_striker": "BJ Hodge",
              "runs": {
                "batter": 4,
                "extras": 0,
                "total": 4
              }
            },
            {
              "batter": "TM Head",
              "bowler": "J Botha",
              "non_striker": "BJ Hodge",
              "runs": {
                "batter": 1,
                "extras": 0,
                "total": 1
              }
            },
            {
              "batter": "BJ Hodge",
              "bowler": "J Botha",
              "extras": {
                "wides": 1
              },
              "non_striker": "TM Head",
              "runs": {
                "batter": 0,
                "extras": 1,
                "total": 1
              }
            },
            {
              "batter": "BJ Hodge",
              "bowler": "J Botha",
              "non_striker": "TM Head",
              "runs": {
                "batter": 1,
                "extras": 0,
                "total": 1
              }
            },
            {
              "batter": "TM Head",
              "bowler": "J Botha",
              "non_striker": "BJ Hodge",
              "runs": {
                "batter": 1,
                "extras": 0,
                "total": 1
              }
            }
          ]
        },
        {
          "over": 12,
          "deliveries": [
            {
              "batter": "TM Head",
              "bowler": "DE Bollinger",
              "non_striker": "BJ Hodge",
              "runs": {
                "batter": 1,
                "extras": 0,
                "total": 1
              }
            },
            {
              "batter": "BJ Hodge",
              "bowler": "DE Bollinger",
              "non_striker": "TM Head",
              "runs": {
                "batter": 1,
                "extras": 0,
                "total": 1
              }
            },
            {
              "batter": "TM Head",
              "bowler": "DE Bollinger",
              "non_striker": "BJ Hodge",
              "runs": {
                "batter": 1,
                "extras": 0,
                "total": 1
              }
            },
            {
              "batter": "BJ Hodge",
              "bowler": "DE Bollinger",
              "non_striker": "TM Head",
              "runs": {
                "batter": 0,
                "extras": 0,
                "total": 0
              }
            },
            {
              "batter": "BJ Hodge",
              "bowler": "DE Bollinger",
              "non_striker": "TM Head",
              "runs": {
                "batter": 0,
                "extras": 0,
                "total": 0
              }
            },
            {
              "batter": "BJ Hodge",
              "bowler": "DE Bollinger",
              "non_striker": "TM Head",
              "runs": {
                "batter": 1,
                "extras": 0,
                "total": 1
              }
            }
          ]
        },
        {
          "over": 13,
          "deliveries": [
            {
              "batter": "BJ Hodge",
              "bowler": "JM Bird",
              "non_striker": "TM Head",
              "runs": {
                "batter": 1,
                "extras": 0,
                "total": 1
              }
            },
            {
              "batter": "TM Head",
              "bowler": "JM Bird",
              "non_striker": "BJ Hodge",
              "runs": {
                "batter": 2,
                "extras": 0,
                "total": 2
              }
            },
            {
              "batter": "TM Head",
              "bowler": "JM Bird",
              "non_striker": "BJ Hodge",
              "runs": {
                "batter": 0,
                "extras": 0,
                "total": 0
              }
            },
            {
              "batter": "TM Head",
              "bowler": "JM Bird",
              "non_striker": "BJ Hodge",
              "runs": {
                "batter": 0,
                "extras": 0,
                "total": 0
              }
            },
            {
              "batter": "TM Head",
              "bowler": "JM Bird",
              "non_striker": "BJ Hodge",
              "runs": {
                "batter": 6,
                "extras": 0,
                "total": 6
              }
            },
            {
              "batter": "TM Head",
              "bowler": "JM Bird",
              "non_striker": "BJ Hodge",
              "runs": {
                "batter": 2,
                "extras": 0,
                "total": 2
              }
            }
          ]
        },
        {
          "over": 14,
          "deliveries": [
            {
              "batter": "BJ Hodge",
              "bowler": "BJ Dwarshuis",
              "non_striker": "TM Head",
              "runs": {
                "batter": 6,
                "extras": 0,
                "total": 6
              }
            },
            {
              "batter": "BJ Hodge",
              "bowler": "BJ Dwarshuis",
              "non_striker": "TM Head",
              "runs": {
                "batter": 1,
                "extras": 0,
                "total": 1
              }
            },
            {
              "batter": "TM Head",
              "bowler": "BJ Dwarshuis",
              "non_striker": "BJ Hodge",
              "runs": {
                "batter": 1,
                "extras": 0,
                "total": 1
              }
            },
            {
              "batter": "BJ Hodge",
              "bowler": "BJ Dwarshuis",
              "non_striker": "TM Head",
              "runs": {
                "batter": 0,
                "extras": 0,
                "total": 0
              }
            },
            {
              "batter": "BJ Hodge",
              "bowler": "BJ Dwarshuis",
              "non_striker": "TM Head",
              "runs": {
                "batter": 0,
                "extras": 0,
                "total": 0
              },
              "wickets": [
                {
                  "kind": "caught",
                  "player_out": "BJ Hodge",
                  "fielders": [
                    {
                      "name": "SA Abbott"
                    }
                  ]
                }
              ]
            },
            {
              "batter": "AI Ross",
              "bowler": "BJ Dwarshuis",
              "non_striker": "TM Head",
              "runs": {
                "batter": 0,
                "extras": 0,
                "total": 0
              }
            }
          ]
        },
        {
          "over": 15,
          "deliveries": [
            {
              "batter": "TM Head",
              "bowler": "J Botha",
              "non_striker": "AI Ross",
              "runs": {
                "batter": 0,
                "extras": 0,
                "total": 0
              }
            },
            {
              "batter": "TM Head",
              "bowler": "J Botha",
              "non_striker": "AI Ross",
              "runs": {
                "batter": 1,
                "extras": 0,
                "total": 1
              }
            },
            {
              "batter": "AI Ross",
              "bowler": "J Botha",
              "non_striker": "TM Head",
              "runs": {
                "batter": 1,
                "extras": 0,
                "total": 1
              }
            },
            {
              "batter": "TM Head",
              "bowler": "J Botha",
              "non_striker": "AI Ross",
              "runs": {
                "batter": 6,
                "extras": 0,
                "total": 6
              }
            },
            {
              "batter": "TM Head",
              "bowler": "J Botha",
              "non_striker": "AI Ross",
              "runs": {
                "batter": 0,
                "extras": 0,
                "total": 0
              }
            },
            {
              "batter": "TM Head",
              "bowler": "J Botha",
              "non_striker": "AI Ross",
              "runs": {
                "batter": 1,
                "extras": 0,
                "total": 1
              }
            }
          ]
        },
        {
          "over": 16,
          "deliveries": [
            {
              "batter": "TM Head",
              "bowler": "BJ Dwarshuis",
              "non_striker": "AI Ross",
              "runs": {
                "batter": 1,
                "extras": 0,
                "total": 1
              }
            },
            {
              "batter": "AI Ross",
              "bowler": "BJ Dwarshuis",
              "non_striker": "TM Head",
              "runs": {
                "batter": 0,
                "extras": 0,
                "total": 0
              }
            },
            {
              "batter": "AI Ross",
              "bowler": "BJ Dwarshuis",
              "non_striker": "TM Head",
              "runs": {
                "batter": 0,
                "extras": 0,
                "total": 0
              },
              "wickets": [
                {
                  "kind": "caught",
                  "player_out": "AI Ross",
                  "fielders": [
                    {
                      "name": "RR Ayre",
                      "substitute": true
                    }
                  ]
                }
              ]
            },
            {
              "batter": "TM Head",
              "bowler": "BJ Dwarshuis",
              "non_striker": "AU Rashid",
              "runs": {
                "batter": 0,
                "extras": 0,
                "total": 0
              }
            },
            {
              "batter": "TM Head",
              "bowler": "BJ Dwarshuis",
              "non_striker": "AU Rashid",
              "runs": {
                "batter": 1,
                "extras": 0,
                "total": 1
              }
            },
            {
              "batter": "AU Rashid",
              "bowler": "BJ Dwarshuis",
              "non_striker": "TM Head",
              "runs": {
                "batter": 2,
                "extras": 0,
                "total": 2
              }
            }
          ]
        },
        {
          "over": 17,
          "deliveries": [
            {
              "batter": "TM Head",
              "bowler": "SA Abbott",
              "non_striker": "AU Rashid",
              "runs": {
                "batter": 4,
                "extras": 0,
                "total": 4
              }
            },
            {
              "batter": "TM Head",
              "bowler": "SA Abbott",
              "non_striker": "AU Rashid",
              "runs": {
                "batter": 6,
                "extras": 0,
                "total": 6
              }
            },
            {
              "batter": "TM Head",
              "bowler": "SA Abbott",
              "non_striker": "AU Rashid",
              "runs": {
                "batter": 4,
                "extras": 0,
                "total": 4
              }
            },
            {
              "batter": "TM Head",
              "bowler": "SA Abbott",
              "non_striker": "AU Rashid",
              "runs": {
                "batter": 6,
                "extras": 0,
                "total": 6
              }
            },
            {
              "batter": "TM Head",
              "bowler": "SA Abbott",
              "non_striker": "AU Rashid",
              "runs": {
                "batter": 6,
                "extras": 0,
                "total": 6
              }
            },
            {
              "batter": "TM Head",
              "bowler": "SA Abbott",
              "non_striker": "AU Rashid",
              "runs": {
                "batter": 1,
                "extras": 0,
                "total": 1
              }
            }
          ]
        },
        {
          "over": 18,
          "deliveries": [
            {
              "batter": "TM Head",
              "bowler": "DE Bollinger",
              "non_striker": "AU Rashid",
              "runs": {
                "batter": 0,
                "extras": 0,
                "total": 0
              }
            },
            {
              "batter": "TM Head",
              "bowler": "DE Bollinger",
              "non_striker": "AU Rashid",
              "runs": {
                "batter": 2,
                "extras": 0,
                "total": 2
              }
            },
            {
              "batter": "TM Head",
              "bowler": "DE Bollinger",
              "non_striker": "AU Rashid",
              "runs": {
                "batter": 2,
                "extras": 0,
                "total": 2
              }
            },
            {
              "batter": "TM Head",
              "bowler": "DE Bollinger",
              "non_striker": "AU Rashid",
              "runs": {
                "batter": 6,
                "extras": 0,
                "total": 6
              }
            },
            {
              "batter": "TM Head",
              "bowler": "DE Bollinger",
              "non_striker": "AU Rashid",
              "runs": {
                "batter": 0,
                "extras": 0,
                "total": 0
              }
            },
            {
              "batter": "TM Head",
              "bowler": "DE Bollinger",
              "non_striker": "AU Rashid",
              "runs": {
                "batter": 1,
                "extras": 0,
                "total": 1
              }
            }
          ]
        },
        {
          "over": 19,
          "deliveries": [
            {
              "batter": "TM Head",
              "bowler": "SA Abbott",
              "non_striker": "AU Rashid",
              "runs": {
                "batter": 6,
                "extras": 0,
                "total": 6
              }
            },
            {
              "batter": "TM Head",
              "bowler": "SA Abbott",
              "non_striker": "AU Rashid",
              "runs": {
                "batter": 6,
                "extras": 0,
                "total": 6
              }
            },
            {
              "batter": "TM Head",
              "bowler": "SA Abbott",
              "non_striker": "AU Rashid",
              "runs": {
                "batter": 6,
                "extras": 0,
                "total": 6
              }
            }
          ]
        }
      ],
      "powerplays": [
        {
          "from": 0.1,
          "to": 5.6,
          "type": "mandatory"
        }
      ],
      "target": {
        "overs": 20,
        "runs": 177
      }
    }
  ]
}